sample_id,source_sample_id,true_label,dm,flux_density,width,arrival_time,sweep_contained,peak_sigma,peak_time_s
sample_000000,frb_00000,FRB,672.877424,8.787578,0.004104,0.432522,0,2.99,0.39223
sample_000001,frb_00001,FRB,807.235136,10.475578,0.003126,1.429507,0,2.84,0.02064
sample_000002,frb_00002,FRB,313.405758,7.444148,0.003696,1.186873,1,382.35,0.87884
sample_000003,frb_00003,FRB,350.896476,4.062607,0.004213,0.919498,1,114.32,0.70386
sample_000004,frb_00004,FRB,857.488566,9.822538,0.003105,0.6837,0,2.27,0.00786
sample_000005,frb_00005,FRB,121.724779,4.543955,0.004591,1.303049,1,162.94,1.18161
sample_000006,frb_00006,FRB,726.446019,6.640823,0.003341,1.072498,1,122.49,0.17891
sample_000007,frb_00007,FRB,484.497535,11.520569,0.004997,1.151232,1,392.55,0.67633
sample_000008,frb_00008,FRB,764.609074,5.869781,0.003876,0.694016,0,64.0,0.00786
sample_000009,frb_00009,FRB,831.750314,6.876745,0.004939,1.38242,0,2.64,0.07668
sample_000010,frb_00010,FRB,652.510276,4.864338,0.004509,0.580856,1,145.66,0.1101
sample_000011,frb_00011,FRB,372.774852,6.855735,0.004897,0.834004,1,232.93,0.46399
sample_000012,frb_00012,FRB,598.097882,9.51826,0.004548,1.270913,0,2.99,0.39125
sample_000013,frb_00013,FRB,529.652466,10.292256,0.004973,1.23081,0,3.44,0.41484
sample_000014,frb_00014,FRB,461.560321,9.851982,0.003442,0.58019,1,459.19,0.03342
sample_000015,frb_00015,FRB,226.321943,5.557614,0.003638,0.664824,1,319.95,0.45416
sample_000016,frb_00016,FRB,665.897631,11.750087,0.003303,1.598401,0,4.85,0.40305
sample_000017,frb_00017,FRB,648.356029,9.386572,0.004218,1.226761,0,4.05,0.1219
sample_000018,frb_00018,FRB,792.167025,10.988368,0.00394,1.201148,0,3.4,0.04424
sample_000019,frb_00019,FRB,208.669747,10.011875,0.00442,0.57315,1,364.98,0.36569
sample_000020,frb_00020,FRB,650.935065,11.522104,0.004897,0.488316,0,3.53,0.26542
sample_000021,frb_00021,FRB,552.292428,11.152631,0.004772,1.588211,0,2.96,0.53182
sample_000022,frb_00022,FRB,131.140644,9.541304,0.003761,1.602104,1,448.67,1.47653
sample_000023,frb_00023,FRB,843.764953,5.858008,0.003136,0.509036,0,2.42,0.04915
sample_000024,frb_00024,FRB,869.330781,7.859114,0.00461,1.184157,0,0.0,0.0
sample_000025,frb_00025,FRB,513.785415,11.71611,0.003199,0.627696,1,556.5,0.34406
sample_000026,frb_00026,FRB,204.658448,6.992782,0.0045,1.549726,1,175.59,1.34283
sample_000027,frb_00027,FRB,322.689334,4.735012,0.004855,1.339004,1,200.2,1.04989
sample_000028,frb_00028,FRB,855.567691,7.997301,0.0045,0.924317,0,2.84,0.03244
sample_000029,frb_00029,FRB,679.133798,8.252481,0.003029,0.626171,1,62.83,0.30671
sample_000030,frb_00030,FRB,135.925445,8.493454,0.004746,0.607116,1,222.94,0.47383
sample_000031,frb_00031,FRB,300.996933,5.517335,0.003654,0.654473,1,221.95,0.46989
sample_000032,frb_00032,FRB,561.170078,5.214615,0.003653,1.28362,0,3.31,0.19268
sample_000033,frb_00033,FRB,229.842886,5.012634,0.004101,1.077178,1,100.29,0.78053
sample_000034,frb_00034,FRB,497.889481,5.292457,0.004534,0.749619,1,164.36,0.3421
sample_000035,frb_00035,FRB,755.368612,5.441148,0.004234,0.431886,1,129.86,0.18285
sample_000036,frb_00036,FRB,579.066405,6.108497,0.004392,1.054732,1,116.9,0.34603
sample_000037,frb_00037,FRB,873.533191,7.668908,0.004589,0.725098,0,0.0,0.0
sample_000038,frb_00038,FRB,301.16988,9.082554,0.00366,1.461536,1,214.69,1.30154
sample_000039,frb_00039,FRB,327.252292,10.96587,0.004139,0.81957,1,632.35,0.58196
sample_000040,frb_00040,FRB,279.130765,11.369479,0.003184,1.486873,1,247.57,1.04006
sample_000041,frb_00041,FRB,727.599862,9.132415,0.003872,1.593593,0,3.02,0.23986
sample_000042,frb_00042,FRB,865.587744,7.410631,0.003787,1.355564,0,0.0,0.0
sample_000043,frb_00043,FRB,570.974873,4.149388,0.004322,1.517509,0,3.91,0.35193
sample_000044,frb_00044,FRB,544.727629,9.746803,0.003802,0.867713,1,472.83,0.5741
sample_000045,frb_00045,FRB,381.446271,9.548643,0.004192,0.87462,1,310.99,0.63504
sample_000046,frb_00046,FRB,708.405708,7.5138,0.004383,1.069507,1,205.42,0.23396
sample_000047,frb_00047,FRB,238.12059,7.876799,0.003711,1.399968,1,650.41,1.15212
sample_000048,frb_00048,FRB,155.859815,5.850445,0.003074,1.504651,1,165.83,1.34676
sample_000049,frb_00049,FRB,866.408585,11.861886,0.004855,0.381912,0,0.0,0.0
sample_000050,frb_00050,FRB,681.86147,10.947347,0.003576,1.638805,0,3.18,0.12288
sample_000051,frb_00051,FRB,415.462683,11.211465,0.003429,1.300385,1,196.04,0.95748
sample_000052,frb_00052,FRB,641.699907,9.601258,0.003325,1.61828,0,3.25,0.26739
sample_000053,frb_00053,FRB,125.485198,10.188252,0.003249,0.896434,1,365.99,0.83952
sample_000054,frb_00054,FRB,754.452945,5.832211,0.004114,0.824163,0,2.85,0.13959
sample_000055,frb_00055,FRB,661.022416,4.889903,0.003763,0.533653,1,115.11,0.13566
sample_000056,frb_00056,FRB,896.531742,7.636131,0.003574,0.586744,0,0.0,0.0
sample_000057,frb_00057,FRB,353.771773,11.98483,0.003933,1.604335,0,4.15,0.37159
sample_000058,frb_00058,FRB,586.428851,8.598901,0.00317,0.982625,1,271.57,0.50332
sample_000059,frb_00059,FRB,268.427953,5.786689,0.004114,1.341018,1,308.49,1.13836
sample_000060,frb_00060,FRB,529.801476,9.566089,0.004485,0.627606,1,462.85,0.07864
sample_000061,frb_00061,FRB,738.172439,11.389581,0.003031,1.233075,0,3.75,0.25166
sample_000062,frb_00062,FRB,326.212798,6.861678,0.004283,1.292241,1,368.47,0.92013
sample_000063,frb_00063,FRB,718.715587,9.303625,0.004303,0.414984,0,2.91,0.06783
sample_000064,frb_00064,FRB,410.623556,8.943698,0.004848,0.50577,1,302.02,0.17302
sample_000065,frb_00065,FRB,470.47354,5.239144,0.004638,1.616529,0,2.34,0.8985
sample_000066,frb_00066,FRB,157.189448,4.09403,0.004353,1.639518,1,106.15,1.48439
sample_000067,frb_00067,FRB,585.701348,6.868873,0.004242,0.481976,1,236.29,0.15335
sample_000068,frb_00068,FRB,282.697218,7.92772,0.004573,0.711151,1,266.23,0.50135
sample_000069,frb_00069,FRB,759.951931,9.972699,0.004341,0.77796,0,3.76,0.23691
sample_000070,frb_00070,FRB,834.581526,4.879913,0.004386,1.067083,0,2.65,0.02949
sample_000071,frb_00071,FRB,204.444515,9.421041,0.003563,1.46151,1,467.25,1.27795
sample_000072,frb_00072,FRB,844.136533,10.889116,0.00489,1.282269,0,2.1,0.04129
sample_000073,frb_00073,FRB,676.533543,6.199424,0.003864,1.592562,0,3.21,0.07766
sample_000074,frb_00074,FRB,570.801908,5.040525,0.004602,1.47007,1,268.69,0.6783
sample_000075,frb_00075,FRB,690.326534,11.498001,0.003166,1.551493,0,3.16,0.28803
sample_000076,frb_00076,FRB,546.729068,4.932107,0.003525,1.478531,1,224.22,0.62325
sample_000077,frb_00077,FRB,762.198991,4.294585,0.004068,0.377995,0,2.45,0.19268
sample_000078,frb_00078,FRB,468.913662,9.803302,0.004552,0.46031,0,4.1,0.70386
sample_000079,frb_00079,FRB,543.971691,10.848739,0.004836,1.375751,1,268.26,0.51315
sample_000080,frb_00080,FRB,264.022627,8.851066,0.004998,0.9364,1,200.28,0.54657
sample_000081,frb_00081,FRB,253.719348,8.525921,0.004314,0.86149,1,172.37,0.74514
sample_000082,frb_00082,FRB,841.99169,11.660027,0.003962,0.47981,0,1.9,0.06193
sample_000083,frb_00083,FRB,480.122057,4.217127,0.004208,0.417253,0,3.83,0.23396
sample_000084,frb_00084,FRB,284.844563,7.832524,0.003313,1.046633,1,653.96,0.83558
sample_000085,frb_00085,FRB,307.14343,5.899093,0.004552,0.453964,1,118.43,0.33227
sample_000086,frb_00086,FRB,179.649143,9.826495,0.003008,1.136327,1,415.71,1.06562
sample_000087,frb_00087,FRB,876.868597,6.647309,0.004656,1.235385,0,0.0,0.0
sample_000088,frb_00088,FRB,363.599451,10.82411,0.004334,0.567995,1,566.48,0.4404
sample_000089,frb_00089,FRB,764.68014,9.583116,0.003344,0.80884,0,4.14,0.14156
sample_000090,frb_00090,FRB,772.163541,9.744287,0.003436,1.047726,0,3.68,0.02458
sample_000091,frb_00091,FRB,607.679678,7.404289,0.004689,0.512066,1,147.71,0.14352
sample_000092,frb_00092,FRB,549.895564,4.969543,0.004522,1.335152,0,4.07,0.19661
sample_000093,frb_00093,FRB,228.492778,11.459719,0.004465,0.75794,1,472.68,0.50725
sample_000094,frb_00094,FRB,182.084471,4.431509,0.003997,1.009316,1,220.66,0.92209
sample_000095,frb_00095,FRB,799.882979,11.601245,0.004402,1.314369,0,2.36,0.02359
sample_000096,frb_00096,FRB,861.252994,4.891922,0.004823,0.353811,0,2.31,0.01376
sample_000097,frb_00097,FRB,309.972742,9.509134,0.00328,0.704861,1,440.55,0.57606
sample_000098,frb_00098,FRB,408.793621,5.449209,0.003401,1.328711,1,240.99,1.05382
sample_000099,frb_00099,FRB,290.280447,4.96994,0.003743,0.832764,1,208.36,0.72352
sample_000100,frb_00100,FRB,532.174068,4.981168,0.004463,1.279891,0,3.92,0.61932
sample_000101,frb_00101,FRB,173.970309,8.590861,0.00477,0.895464,1,376.62,0.64881
sample_000102,frb_00102,FRB,367.854523,7.065932,0.00428,0.599258,1,109.91,0.4404
sample_000103,frb_00103,FRB,396.422042,5.877373,0.004606,0.908656,1,275.65,0.30474
sample_000104,frb_00104,FRB,280.841058,5.835405,0.003854,1.134925,1,261.96,0.7884
sample_000105,frb_00105,FRB,813.00699,8.358787,0.003432,1.024355,0,2.55,0.08258
sample_000106,frb_00106,FRB,444.771345,9.462458,0.004531,0.517266,1,139.79,0.27329
sample_000107,frb_00107,FRB,396.783448,4.132739,0.003027,0.688438,1,72.57,0.48366
sample_000108,frb_00108,FRB,131.118662,8.740308,0.003487,0.549898,1,239.94,0.38535
sample_000109,frb_00109,FRB,475.32835,10.276322,0.004961,0.722358,1,392.94,0.10813
sample_000110,frb_00110,FRB,888.024423,7.562941,0.004076,1.271678,0,0.0,0.0
sample_000111,frb_00111,FRB,419.798723,9.360015,0.004906,1.411111,0,3.74,0.98501
sample_000112,frb_00112,FRB,129.957803,10.001803,0.003559,0.726958,1,832.78,0.64094
sample_000113,frb_00113,FRB,694.165362,8.929298,0.004764,0.82383,0,3.23,0.28508
sample_000114,frb_00114,FRB,858.823509,10.685442,0.003106,1.319499,0,1.47,0.01671
sample_000115,frb_00115,FRB,472.180414,9.920565,0.004386,0.890373,1,281.74,0.66454
sample_000116,frb_00116,FRB,665.253022,8.755771,0.003356,1.605442,0,3.02,0.45122
sample_000117,frb_00117,FRB,214.966232,4.096741,0.004804,1.379781,1,313.18,1.04595
sample_000118,frb_00118,FRB,798.123294,8.576813,0.00421,1.231171,0,2.31,0.13959
sample_000119,frb_00119,FRB,159.965979,10.560166,0.00454,0.654763,1,318.3,0.47972
sample_000120,frb_00120,FRB,830.222559,11.83847,0.003923,1.638328,0,2.82,0.07373
sample_000121,frb_00121,FRB,562.721249,6.009508,0.003426,0.501091,1,108.44,0.08258
sample_000122,frb_00122,FRB,620.627032,9.968813,0.00428,1.502611,0,3.68,0.45711
sample_000123,frb_00123,FRB,561.48733,5.055776,0.004532,1.451805,0,3.2,0.17105
sample_000124,frb_00124,FRB,817.81106,6.618656,0.004447,0.499849,1,8.99,0.03834
sample_000125,frb_00125,FRB,275.094493,11.08425,0.004549,1.547593,1,363.99,1.14622
sample_000126,frb_00126,FRB,666.103201,4.931134,0.004115,0.372164,0,3.23,0.38928
sample_000127,frb_00127,FRB,195.175906,8.1601,0.004226,1.456755,1,593.85,1.19341
sample_000128,frb_00128,FRB,715.362988,11.957008,0.004131,0.577834,1,214.03,0.24969
sample_000129,frb_00129,FRB,617.844286,5.713799,0.003031,0.876786,1,197.7,0.07078
sample_000130,frb_00130,FRB,287.178936,6.004507,0.004171,1.040929,1,407.09,0.90243
sample_000131,frb_00131,FRB,291.479365,8.333167,0.003223,1.384944,1,252.14,1.27599
sample_000132,frb_00132,FRB,164.851419,8.842278,0.003094,1.287558,1,786.91,1.1305
sample_000133,frb_00133,FRB,174.749381,11.065374,0.003798,1.474315,1,342.35,1.2229
sample_000134,frb_00134,FRB,626.016186,6.812486,0.004784,0.959198,1,320.11,0.08454
sample_000135,frb_00135,FRB,423.605925,7.743304,0.004269,0.722432,1,315.62,0.32244
sample_000136,frb_00136,FRB,618.394472,11.360109,0.004231,1.584365,0,4.16,0.14844
sample_000137,frb_00137,FRB,496.974674,10.507189,0.003545,1.122303,0,3.29,0.76382
sample_000138,frb_00138,FRB,517.278926,8.379858,0.004442,1.406162,0,3.58,0.17891
sample_000139,frb_00139,FRB,687.881393,9.136861,0.004956,1.482764,0,3.0,0.10617
sample_000140,frb_00140,FRB,293.160662,9.097287,0.004106,1.245882,1,340.09,1.02236
sample_000141,frb_00141,FRB,855.031731,5.589584,0.003076,1.013474,0,2.7,0.01573
sample_000142,frb_00142,FRB,816.605181,11.123371,0.003185,0.942748,0,3.96,0.02359
sample_000143,frb_00143,FRB,274.106547,6.10374,0.003686,1.514231,0,3.32,1.13738
sample_000144,frb_00144,FRB,687.16084,4.275654,0.003428,1.100056,1,74.48,0.39125
sample_000145,frb_00145,FRB,411.892332,6.670601,0.003827,1.139651,1,389.65,0.98501
sample_000146,frb_00146,FRB,449.47026,4.652377,0.004875,0.636609,1,135.0,0.31261
sample_000147,frb_00147,FRB,125.548633,7.112374,0.004736,0.723263,1,523.95,0.58786
sample_000148,frb_00148,FRB,865.337914,8.986839,0.003714,1.440691,0,0.0,0.0
sample_000149,frb_00149,FRB,166.761216,8.418225,0.003866,1.369426,1,416.59,1.12067
sample_000150,frb_00150,FRB,192.63503,11.751131,0.003614,0.779227,1,420.99,0.64881
sample_000151,frb_00151,FRB,801.680762,10.415804,0.003776,0.544949,0,2.62,0.04719
sample_000152,frb_00152,FRB,735.110386,11.603192,0.00321,0.708417,1,118.84,0.25756
sample_000153,frb_00153,FRB,360.203888,11.684071,0.003898,1.043782,1,574.72,0.81789
sample_000154,frb_00154,FRB,786.908911,11.011755,0.003055,1.061612,0,3.23,0.12288
sample_000155,frb_00155,FRB,204.848817,5.685692,0.004011,0.647309,1,408.78,0.33817
sample_000156,frb_00156,FRB,185.605431,6.503817,0.0049,0.832585,1,155.2,0.72155
sample_000157,frb_00157,FRB,173.421858,11.423575,0.003025,1.398757,1,540.92,1.2288
sample_000158,frb_00158,FRB,384.494243,9.074454,0.003552,1.223583,1,301.53,0.69403
sample_000159,frb_00159,FRB,446.816939,11.937639,0.003586,0.635052,1,596.46,0.27918
sample_000160,frb_00160,FRB,260.805592,5.21148,0.004577,1.558381,0,3.18,0.02556
sample_000161,frb_00161,FRB,162.921074,6.062802,0.003501,1.548133,1,137.3,1.31531
sample_000162,frb_00162,FRB,672.7954,7.103003,0.003116,1.129326,0,2.74,0.23003
sample_000163,frb_00163,FRB,234.72319,10.696522,0.004567,1.517898,1,883.83,1.17965
sample_000164,frb_00164,FRB,635.372474,9.764114,0.004631,0.477605,1,832.07,0.09437
sample_000165,frb_00165,FRB,559.298448,10.383017,0.00342,0.759597,0,3.35,0.03932
sample_000166,frb_00166,FRB,649.652971,5.604551,0.003894,0.561689,1,243.22,0.12583
sample_000167,frb_00167,FRB,657.158405,5.951275,0.004387,1.286751,1,520.52,0.39715
sample_000168,frb_00168,FRB,682.287133,9.806787,0.004158,1.582764,0,2.79,0.21627
sample_000169,frb_00169,FRB,176.753733,9.112882,0.003214,1.394468,1,311.29,1.23077
sample_000170,frb_00170,FRB,517.571415,8.285949,0.003275,0.655526,0,4.0,0.62915
sample_000171,frb_00171,FRB,646.99477,8.161389,0.004248,1.59667,0,3.06,0.11698
sample_000172,frb_00172,FRB,716.495866,5.212883,0.004254,0.390595,0,4.4,0.00197
sample_000173,frb_00173,FRB,147.100902,5.917981,0.003596,1.187767,1,254.33,1.09314
sample_000174,frb_00174,FRB,445.608995,9.498757,0.00396,0.906712,1,481.81,0.38732
sample_000175,frb_00175,FRB,698.950644,11.184669,0.003754,0.891487,0,3.11,0.28312
sample_000176,frb_00176,FRB,694.012164,11.316397,0.004138,0.570906,1,948.18,0.0983
sample_000177,frb_00177,FRB,148.347002,11.755488,0.00351,1.310463,1,600.29,1.19931
sample_000178,frb_00178,FRB,370.107843,7.740121,0.003881,0.723367,1,145.03,0.45416
sample_000179,frb_00179,FRB,726.736084,11.281226,0.003957,0.771917,0,3.07,0.23593
sample_000180,frb_00180,FRB,145.550674,9.403456,0.003279,0.448613,1,240.19,0.24969
sample_000181,frb_00181,FRB,226.558676,11.222449,0.004693,1.120979,1,673.18,1.01253
sample_000182,frb_00182,FRB,175.617123,8.185432,0.00324,1.559769,1,251.21,1.47063
sample_000183,frb_00183,FRB,606.529931,6.737614,0.003885,0.736176,1,496.72,0.06291
sample_000184,frb_00184,FRB,148.550331,8.151617,0.003806,0.509285,1,577.26,0.35193
sample_000185,frb_00185,FRB,456.170415,11.580057,0.004543,0.51132,1,525.09,0.25756
sample_000186,frb_00186,FRB,834.601285,9.74501,0.003149,0.719855,0,14.33,0.00393
sample_000187,frb_00187,FRB,732.309384,7.489752,0.004259,0.438228,0,4.22,0.01769
sample_000188,frb_00188,FRB,244.625699,9.397714,0.004268,0.799061,1,241.47,0.57606
sample_000189,frb_00189,FRB,797.754611,6.017756,0.004367,0.853679,0,2.77,0.16613
sample_000190,frb_00190,FRB,251.133563,6.563655,0.003083,0.936947,1,86.12,0.64291
sample_000191,frb_00191,FRB,235.244956,6.390684,0.003111,0.412438,1,194.6,0.3362
sample_000192,frb_00192,FRB,854.277583,6.343061,0.004345,1.38011,0,1.99,0.02163
sample_000193,frb_00193,FRB,650.200931,4.299933,0.003532,1.244968,0,3.75,0.07078
sample_000194,frb_00194,FRB,449.394596,4.734698,0.004056,1.188439,1,176.35,0.69009
sample_000195,frb_00195,FRB,433.403917,9.258885,0.003926,1.529907,0,3.1,0.36372
sample_000196,frb_00196,FRB,449.933237,11.713908,0.004321,1.450732,1,359.13,0.93782
sample_000197,frb_00197,FRB,705.107861,7.524301,0.004387,1.093788,0,2.9,0.02753
sample_000198,frb_00198,FRB,718.985835,11.368218,0.003305,1.104202,1,95.61,0.28312
sample_000199,frb_00199,FRB,852.773384,4.131573,0.00456,0.646457,0,2.39,0.00393
sample_000200,frb_00200,FRB,285.865513,11.494565,0.004634,1.049283,1,667.44,0.6724
sample_000201,frb_00201,FRB,758.409102,8.305397,0.004136,0.894008,1,81.1,0.23396
sample_000202,frb_00202,FRB,362.096235,7.934973,0.003025,1.204519,1,95.94,0.96731
sample_000203,frb_00203,FRB,180.052414,5.541502,0.004904,0.507591,1,254.85,0.39715
sample_000204,frb_00204,FRB,337.6955,5.509515,0.004315,0.755727,1,178.65,0.23986
sample_000205,frb_00205,FRB,285.129629,5.10413,0.003834,0.456886,1,347.16,0.2143
sample_000206,frb_00206,FRB,370.387525,11.716941,0.003177,0.64783,1,976.39,0.29688
sample_000207,frb_00207,FRB,504.824873,7.377792,0.004812,0.505277,1,619.44,0.22413
sample_000208,frb_00208,FRB,656.740252,9.117001,0.003179,1.349379,1,768.81,0.41878
sample_000209,frb_00209,FRB,677.315174,8.541915,0.003215,1.192263,1,169.57,0.41484
sample_000210,frb_00210,FRB,175.431154,5.573133,0.003399,0.84,1,125.81,0.6724
sample_000211,frb_00211,FRB,191.248658,10.9627,0.003218,1.296861,1,205.99,1.09314
sample_000212,frb_00212,FRB,821.638374,11.814847,0.004092,1.205349,0,2.83,0.01671
sample_000213,frb_00213,FRB,797.785906,5.148017,0.004806,1.186908,0,2.46,0.09929
sample_000214,frb_00214,FRB,594.388867,10.747399,0.003662,0.675869,1,482.23,0.42664
sample_000215,frb_00215,FRB,246.652656,9.300356,0.004568,0.430388,1,483.43,0.36372
sample_000216,frb_00216,FRB,655.676839,5.394723,0.003003,1.140647,0,2.88,0.38044
sample_000217,frb_00217,FRB,424.066551,7.566682,0.004038,0.429495,0,2.97,0.15532
sample_000218,frb_00218,FRB,620.301835,6.416657,0.004679,0.876103,1,186.78,0.39518
sample_000219,frb_00219,FRB,626.794121,4.654606,0.004826,1.240588,0,4.16,0.27525
sample_000220,frb_00220,FRB,490.16091,6.622549,0.003639,0.4453,1,193.14,0.07274
sample_000221,frb_00221,FRB,872.611473,5.935423,0.004365,1.302337,0,0.0,0.0
sample_000222,frb_00222,FRB,413.218062,7.918769,0.004375,1.518812,0,3.55,1.03023
sample_000223,frb_00223,FRB,735.146886,10.186611,0.004892,0.804915,0,3.42,0.14844
sample_000224,frb_00224,FRB,760.314953,10.174782,0.003728,0.645673,0,3.01,0.2084
sample_000225,frb_00225,FRB,342.599165,6.524031,0.004508,1.44815,0,3.72,0.54854
sample_000226,frb_00226,FRB,301.773706,4.993192,0.003538,0.639277,1,154.76,0.27918
sample_000227,frb_00227,FRB,694.6911,8.137257,0.003158,0.602312,0,3.24,0.37356
sample_000228,frb_00228,FRB,514.421167,4.354464,0.003804,1.219842,0,3.28,0.59376
sample_000229,frb_00229,FRB,714.504391,4.068851,0.003812,1.568292,0,3.02,0.05014
sample_000230,frb_00230,FRB,181.535358,9.904566,0.004178,0.388502,1,225.36,0.232
sample_000231,frb_00231,FRB,570.413614,5.45584,0.004258,0.445413,1,129.36,0.21627
sample_000232,frb_00232,FRB,308.360165,9.009521,0.0042,0.647883,1,478.21,0.18874
sample_000233,frb_00233,FRB,337.46898,7.495139,0.004027,0.807443,1,573.92,0.70582
sample_000234,frb_00234,FRB,390.194668,11.220424,0.004528,1.004088,1,431.81,0.63111
sample_000235,frb_00235,FRB,566.95673,11.369572,0.004951,1.244649,0,3.21,0.40206
sample_000236,frb_00236,FRB,447.387529,5.077101,0.00433,0.704657,1,147.62,0.42664
sample_000237,frb_00237,FRB,195.662481,8.398593,0.003523,1.510089,1,400.19,1.40771
sample_000238,frb_00238,FRB,733.844891,7.284678,0.004916,1.022613,0,3.78,0.03342
sample_000239,frb_00239,FRB,137.599499,10.483056,0.004437,1.633258,1,805.0,1.58663
sample_000240,frb_00240,FRB,453.375726,11.278409,0.004656,1.082619,1,786.15,0.63308
sample_000241,frb_00241,FRB,363.404213,9.974008,0.003246,0.445583,1,127.34,0.15729
sample_000242,frb_00242,FRB,782.184916,4.805051,0.004433,1.406211,0,3.16,0.03244
sample_000243,frb_00243,FRB,492.732744,6.442717,0.004768,1.136717,1,287.19,0.76481
sample_000244,frb_00244,FRB,797.62139,4.070519,0.004949,0.60529,0,3.42,0.13173
sample_000245,frb_00245,FRB,808.231715,10.742552,0.004446,1.159671,0,3.47,0.05308
sample_000246,frb_00246,FRB,610.483492,9.714414,0.00389,0.53877,1,276.6,0.09044
sample_000247,frb_00247,FRB,279.531036,11.440878,0.004879,0.358205,1,293.41,0.04719
sample_000248,frb_00248,FRB,224.233529,11.338109,0.003691,1.199594,1,584.08,1.01057
sample_000249,frb_00249,FRB,480.552874,6.187405,0.003514,1.572209,0,3.41,0.52888
sample_000250,frb_00250,FRB,213.041328,10.222875,0.004789,1.643727,1,846.34,1.50012
sample_000251,frb_00251,FRB,863.063573,5.040271,0.004342,1.265974,0,1.25,0.00983
sample_000252,frb_00252,FRB,801.394721,6.563006,0.003236,0.409521,0,2.98,0.1219
sample_000253,frb_00253,FRB,301.630816,5.570271,0.003647,0.54897,1,192.42,0.28508
sample_000254,frb_00254,FRB,278.83331,6.33696,0.004203,1.641994,0,3.8,0.32932
sample_000255,frb_00255,FRB,895.860684,5.298409,0.003542,1.43065,0,0.0,0.0
sample_000256,frb_00256,FRB,788.6939,9.56701,0.003894,0.729487,1,292.52,0.15925
sample_000257,frb_00257,FRB,583.217566,7.853634,0.004002,0.830435,1,136.15,0.23986
sample_000258,frb_00258,FRB,804.199274,6.210089,0.003229,0.85385,0,2.73,0.06881
sample_000259,frb_00259,FRB,885.082846,5.745851,0.004938,0.460604,0,0.0,0.0
sample_000260,frb_00260,FRB,352.594136,11.245913,0.003369,1.539966,0,3.25,0.47677
sample_000261,frb_00261,FRB,359.464881,9.545051,0.004391,0.405496,0,4.13,0.35291
sample_000262,frb_00262,FRB,329.478017,11.70394,0.004917,0.981785,1,352.52,0.87884
sample_000263,frb_00263,FRB,634.252437,4.143931,0.004054,0.952439,0,3.5,0.39223
sample_000264,frb_00264,FRB,240.692523,8.645804,0.004236,0.989376,1,308.48,0.82182
sample_000265,frb_00265,FRB,802.823912,11.95039,0.004233,1.346973,0,2.04,0.13566
sample_000266,frb_00266,FRB,802.287576,9.768245,0.00308,1.616951,0,4.33,0.01573
sample_000267,frb_00267,FRB,401.23553,9.131501,0.003769,1.477705,0,3.71,0.11305
sample_000268,frb_00268,FRB,734.022662,8.826019,0.004247,1.158736,0,2.78,0.21234
sample_000269,frb_00269,FRB,648.050012,6.027819,0.003491,1.380555,0,3.78,0.3421
sample_000270,frb_00270,FRB,166.293978,5.600803,0.004497,0.773681,1,197.43,0.53477
sample_000271,frb_00271,FRB,180.00424,10.406456,0.003547,1.418272,1,239.51,1.3448
sample_000272,frb_00272,FRB,140.624685,9.333914,0.004934,1.268599,1,508.44,1.05972
sample_000273,frb_00273,FRB,775.589716,5.525857,0.003559,0.851909,0,2.49,0.08258
sample_000274,frb_00274,FRB,646.511282,4.994419,0.00411,0.792722,1,236.75,0.33423
sample_000275,frb_00275,FRB,706.647289,8.999445,0.004372,0.835168,0,21.89,0.01573
sample_000276,frb_00276,FRB,413.127329,7.52682,0.00388,1.512905,0,3.85,0.1219
sample_000277,frb_00277,FRB,627.066215,4.354176,0.003692,1.192107,0,2.96,0.02851
sample_000278,frb_00278,FRB,193.507198,6.766919,0.003437,1.221873,1,282.24,1.1305
sample_000279,frb_00279,FRB,860.908092,5.580416,0.004714,1.571791,0,1.52,0.01573
sample_000280,frb_00280,FRB,208.709078,11.963068,0.00448,0.779412,1,482.81,0.69992
sample_000281,frb_00281,FRB,793.906183,6.599306,0.00426,0.390966,1,49.79,0.14352
sample_000282,frb_00282,FRB,707.198593,5.935945,0.004139,0.385791,1,156.11,0.07864
sample_000283,frb_00283,FRB,331.055439,10.056413,0.004344,1.535381,0,4.0,0.13959
sample_000284,frb_00284,FRB,142.655068,5.090076,0.004503,1.097232,1,387.64,0.94765
sample_000285,frb_00285,FRB,188.884171,4.385605,0.004724,1.098138,1,193.35,0.93192
sample_000286,frb_00286,FRB,226.957083,5.185954,0.004647,1.285837,1,172.86,1.22094
sample_000287,frb_00287,FRB,286.607704,5.374372,0.004946,0.841717,1,98.15,0.75497
sample_000288,frb_00288,FRB,304.43767,11.581111,0.004861,0.764201,1,444.11,0.46203
sample_000289,frb_00289,FRB,703.177555,4.680403,0.004589,1.087242,1,107.13,0.33227
sample_000290,frb_00290,FRB,206.213794,5.762348,0.003469,1.179192,1,152.16,1.04792
sample_000291,frb_00291,FRB,511.742588,9.555756,0.003881,1.11918,1,292.75,0.44433
sample_000292,frb_00292,FRB,344.051775,5.876892,0.004254,1.29101,1,115.68,1.13639
sample_000293,frb_00293,FRB,254.044869,11.720898,0.003393,0.81018,1,639.14,0.61342
sample_000294,frb_00294,FRB,367.932794,5.842137,0.003048,1.555864,1,256.7,1.07348
sample_000295,frb_00295,FRB,167.042834,8.11496,0.003052,1.525998,1,173.5,1.29761
sample_000296,frb_00296,FRB,383.852565,10.372511,0.003643,0.410595,0,3.15,0.04719
sample_000297,frb_00297,FRB,223.345902,9.213634,0.003297,1.167239,1,543.21,0.88474
sample_000298,frb_00298,FRB,818.243964,6.969828,0.004295,1.484166,0,2.71,0.09044
sample_000299,frb_00299,FRB,262.3281,5.998985,0.004917,1.352005,1,340.1,1.26026
sample_000300,frb_00300,FRB,767.073903,9.227983,0.004448,0.350583,0,2.69,0.02064
sample_000301,frb_00301,FRB,588.794998,6.341426,0.00424,0.60274,1,118.66,0.25952
sample_000302,frb_00302,FRB,184.883917,7.819457,0.004772,1.091972,1,733.4,1.02826
sample_000303,frb_00303,FRB,732.832376,4.416604,0.00433,0.577664,0,2.96,0.05112
sample_000304,frb_00304,FRB,337.968737,8.890275,0.003969,1.071076,1,931.0,0.61145
sample_000305,frb_00305,FRB,299.526334,9.133205,0.003433,1.218294,1,316.86,0.80216
sample_000306,frb_00306,FRB,752.650182,9.498767,0.004254,1.122371,1,542.17,0.19464
sample_000307,frb_00307,FRB,547.008645,11.347804,0.004553,0.38368,0,3.25,0.3303
sample_000308,frb_00308,FRB,550.367253,11.353056,0.003112,1.227965,0,3.19,0.25559
sample_000309,frb_00309,FRB,548.360148,4.302929,0.004648,0.957463,1,60.34,0.35389
sample_000310,frb_00310,FRB,397.543247,7.997947,0.00329,0.385236,1,563.32,0.16122
sample_000311,frb_00311,FRB,765.815415,11.391884,0.003631,0.436436,0,3.33,0.19366
sample_000312,frb_00312,FRB,529.292124,7.238508,0.004235,0.745997,1,440.66,0.14352
sample_000313,frb_00313,FRB,877.058332,7.072606,0.004546,1.514893,0,0.0,0.0
sample_000314,frb_00314,FRB,318.033934,7.068537,0.003847,1.640883,1,338.25,1.23863
sample_000315,frb_00315,FRB,750.326019,5.684294,0.003802,1.308349,0,3.88,0.06586
sample_000316,frb_00316,FRB,838.36995,8.727175,0.00349,1.299405,0,2.06,0.02753
sample_000317,frb_00317,FRB,238.617345,7.664614,0.003304,0.756566,1,407.65,0.60359
sample_000318,frb_00318,FRB,872.311738,10.184907,0.003158,0.929209,0,0.0,0.0
sample_000319,frb_00319,FRB,248.998478,4.443069,0.003631,1.145808,1,197.86,1.06365
sample_000320,frb_00320,FRB,801.708741,6.952857,0.003414,0.569413,1,30.84,0.13566
sample_000321,frb_00321,FRB,347.984105,7.503743,0.004342,0.970919,1,469.34,0.5564
sample_000322,frb_00322,FRB,131.811834,7.411118,0.004132,0.379535,1,222.64,0.3185
sample_000323,frb_00323,FRB,649.872426,11.560876,0.004718,1.577269,0,3.43,0.20742
sample_000324,frb_00324,FRB,675.86919,9.461332,0.003813,0.695408,1,136.39,0.31654
sample_000325,frb_00325,FRB,472.14383,7.517161,0.003253,1.453536,1,193.57,0.74514
sample_000326,frb_00326,FRB,724.938059,8.365479,0.003338,1.408877,0,3.16,0.27525
sample_000327,frb_00327,FRB,652.145981,6.21645,0.004305,1.403716,0,2.86,0.37454
sample_000328,frb_00328,FRB,837.443991,8.700209,0.00402,0.979564,0,2.56,0.03834
sample_000329,frb_00329,FRB,763.496875,10.018358,0.004332,1.639344,0,3.08,0.19857
sample_000330,frb_00330,FRB,149.692078,5.176903,0.00485,0.520893,1,200.29,0.41681
sample_000331,frb_00331,FRB,219.714039,10.992475,0.004866,0.853194,1,523.81,0.78447
sample_000332,frb_00332,FRB,211.669394,7.581394,0.004909,0.684447,1,331.39,0.43647
sample_000333,frb_00333,FRB,240.966448,10.931982,0.003196,0.62488,1,564.11,0.47383
sample_000334,frb_00334,FRB,703.322849,4.071614,0.004336,0.736426,1,68.33,0.0118
sample_000335,frb_00335,FRB,822.052544,11.645832,0.003258,0.918618,0,2.81,0.0639
sample_000336,frb_00336,FRB,793.730025,4.271024,0.0048,1.279069,0,3.24,0.05014
sample_000337,frb_00337,FRB,687.534093,11.601041,0.003861,0.482807,0,3.5,0.41288
sample_000338,frb_00338,FRB,523.268421,8.890583,0.004682,1.430837,1,403.4,0.59965
sample_000339,frb_00339,FRB,619.548796,7.582395,0.004542,1.21557,0,3.25,0.26444
sample_000340,frb_00340,FRB,340.220153,9.693833,0.00352,0.902444,1,583.04,0.66454
sample_000341,frb_00341,FRB,509.46241,9.617272,0.003836,0.37771,0,4.02,0.4463
sample_000342,frb_00342,FRB,167.975342,10.036152,0.003716,1.405416,1,353.02,1.26616
sample_000343,frb_00343,FRB,464.573723,4.896658,0.003499,0.527514,1,359.04,0.17498
sample_000344,frb_00344,FRB,577.8044,8.214418,0.003905,1.61449,0,3.41,0.15925
sample_000345,frb_00345,FRB,471.405407,9.805094,0.004437,0.996046,1,261.24,0.53281
sample_000346,frb_00346,FRB,468.086554,11.169162,0.003558,1.127414,1,225.17,0.52101
sample_000347,frb_00347,FRB,270.213878,7.384809,0.003377,0.657167,1,127.84,0.28115
sample_000348,frb_00348,FRB,228.970329,10.511235,0.003855,0.767932,1,181.46,0.61932
sample_000349,frb_00349,FRB,525.270336,6.210242,0.004791,0.560164,0,2.95,0.06095
sample_000350,frb_00350,FRB,829.638886,4.321451,0.003858,0.778831,1,4.98,0.00098
sample_000351,frb_00351,FRB,726.829203,10.343647,0.004396,0.741905,0,2.69,0.14352
sample_000352,frb_00352,FRB,486.347424,9.045028,0.004717,0.49969,1,142.32,0.03342
sample_000353,frb_00353,FRB,594.826479,6.689768,0.003461,0.708852,1,274.97,0.06685
sample_000354,frb_00354,FRB,429.080125,9.54706,0.004319,0.905312,1,222.37,0.64487
sample_000355,frb_00355,FRB,682.706849,4.513049,0.003978,1.461136,1,54.16,0.42467
sample_000356,frb_00356,FRB,610.943766,4.078005,0.003305,1.632607,0,2.64,0.38732
sample_000357,frb_00357,FRB,348.662516,9.830375,0.003174,0.621807,1,359.53,0.30278
sample_000358,frb_00358,FRB,797.14384,10.132385,0.003913,0.472503,0,2.83,0.10322
sample_000359,frb_00359,FRB,873.77548,5.60105,0.003934,1.061644,0,0.0,0.0
sample_000360,frb_00360,FRB,479.146462,9.043623,0.003855,0.837425,1,421.32,0.20644
sample_000361,frb_00361,FRB,645.004917,5.026623,0.004784,0.637474,1,366.17,0.1219
sample_000362,frb_00362,FRB,337.281196,11.89118,0.003351,1.312931,1,774.52,1.15802
sample_000363,frb_00363,FRB,734.624349,4.295082,0.003192,0.970343,1,45.93,0.11796
sample_000364,frb_00364,FRB,886.137246,11.621574,0.004978,0.861404,0,0.0,0.0
sample_000365,frb_00365,FRB,426.965276,11.314949,0.00499,0.39416,1,847.5,0.16515
sample_000366,frb_00366,FRB,888.697025,8.300901,0.003793,1.126911,0,0.0,0.0
sample_000367,frb_00367,FRB,449.53934,6.246279,0.004553,1.071225,1,102.3,0.53674
sample_000368,frb_00368,FRB,874.316558,7.283955,0.00385,0.727568,0,0.0,0.0
sample_000369,frb_00369,FRB,311.63679,7.820001,0.00378,1.61574,0,3.24,0.60064
sample_000370,frb_00370,FRB,844.897069,8.792101,0.003,0.590727,0,5.0,0.04424
sample_000371,frb_00371,FRB,841.908797,7.448018,0.003981,0.588416,0,3.13,0.05898
sample_000372,frb_00372,FRB,389.416589,9.444946,0.004488,0.713589,1,713.47,0.57999
sample_000373,frb_00373,FRB,589.051786,8.124773,0.004125,0.934752,1,213.07,0.09634
sample_000374,frb_00374,FRB,567.153302,4.530501,0.003696,1.344587,0,3.31,0.64684
sample_000375,frb_00375,FRB,123.573281,11.037546,0.004951,0.636726,1,484.59,0.49152
sample_000376,frb_00376,FRB,626.370963,7.09123,0.004949,1.35225,0,3.44,0.52298
sample_000377,frb_00377,FRB,260.09861,10.759226,0.003484,0.458367,1,752.37,0.34013
sample_000378,frb_00378,FRB,312.984585,11.064081,0.003751,1.315995,1,494.04,0.92406
sample_000379,frb_00379,FRB,199.243486,6.438035,0.003133,0.70447,1,152.6,0.51315
sample_000380,frb_00380,FRB,295.201056,8.426858,0.004545,1.0857,1,218.4,0.63308
sample_000381,frb_00381,FRB,124.50434,6.509383,0.00485,0.685953,1,319.66,0.58786
sample_000382,frb_00382,FRB,532.523498,11.349695,0.00389,1.446052,1,797.53,0.75104
sample_000383,frb_00383,FRB,644.549578,11.351459,0.00485,1.161605,0,3.48,0.4463
sample_000384,frb_00384,FRB,634.226715,8.701561,0.003568,0.566038,1,265.58,0.23986
sample_000385,frb_00385,FRB,861.535694,4.210862,0.003303,0.770951,0,1.39,0.01966
sample_000386,frb_00386,FRB,658.745392,4.082253,0.004639,1.604215,0,3.37,0.14746
sample_000387,frb_00387,FRB,225.108762,5.67966,0.003891,1.094362,1,312.6,1.01646
sample_000388,frb_00388,FRB,767.440411,4.498623,0.003962,0.723884,0,3.56,0.00983
sample_000389,frb_00389,FRB,811.376891,5.973932,0.004019,1.356691,0,3.34,0.1042
sample_000390,frb_00390,FRB,683.222985,5.836767,0.003861,0.571187,1,161.94,0.09044
sample_000391,frb_00391,FRB,610.450229,6.316619,0.003984,1.039274,0,2.96,0.48955
sample_000392,frb_00392,FRB,330.461678,10.97228,0.003804,0.815406,1,179.23,0.46793
sample_000393,frb_00393,FRB,166.22075,6.876382,0.004409,1.132043,1,534.24,1.08134
sample_000394,frb_00394,FRB,571.902345,8.112278,0.003556,1.478228,0,3.18,0.42271
sample_000395,frb_00395,FRB,592.792138,4.337907,0.004391,0.534167,1,180.98,0.27722
sample_000396,frb_00396,FRB,671.524835,6.088669,0.00432,0.941137,1,429.08,0.28508
sample_000397,frb_00397,FRB,322.357733,11.557807,0.003668,1.594121,0,3.27,1.22094
sample_000398,frb_00398,FRB,583.29135,11.815072,0.003792,0.53322,0,3.23,0.35291
sample_000399,frb_00399,FRB,427.530084,6.058008,0.004098,0.995219,1,131.46,0.69796
sample_000400,frb_00400,FRB,211.789943,9.045452,0.004186,0.754002,1,539.8,0.46399
sample_000401,frb_00401,FRB,290.426148,4.446436,0.004312,0.491889,1,119.77,0.29295
sample_000402,frb_00402,FRB,174.783574,9.936662,0.004098,1.121489,1,226.0,0.87884
sample_000403,frb_00403,FRB,168.710623,5.226599,0.004139,0.860649,1,391.52,0.64684
sample_000404,frb_00404,FRB,407.487695,6.350817,0.003191,1.339143,0,3.55,0.6262
sample_000405,frb_00405,FRB,886.44931,7.111395,0.004261,0.968007,0,0.0,0.0
sample_000406,frb_00406,FRB,871.17782,10.098399,0.00326,0.982,0,0.0,0.0
sample_000407,frb_00407,FRB,209.847164,9.829962,0.004504,1.080446,1,742.89,0.95748
sample_000408,frb_00408,FRB,483.646645,4.80255,0.003584,0.468268,0,3.52,0.12288
sample_000409,frb_00409,FRB,242.843615,7.123769,0.004746,0.611544,1,339.81,0.52888
sample_000410,frb_00410,FRB,409.28809,4.687573,0.0032,0.398888,1,90.27,0.02949
sample_000411,frb_00411,FRB,528.12555,10.788444,0.004404,0.870825,1,467.52,0.3362
sample_000412,frb_00412,FRB,731.165498,11.264458,0.004642,0.410135,0,3.69,0.12681
sample_000413,frb_00413,FRB,850.345144,6.901092,0.003294,1.607542,0,2.57,0.01966
sample_000414,frb_00414,FRB,873.390381,10.805556,0.003535,0.67413,0,0.0,0.0
sample_000415,frb_00415,FRB,781.003246,10.545793,0.004385,0.96614,1,228.48,0.12386
sample_000416,frb_00416,FRB,820.651556,9.900123,0.003783,0.90708,0,2.48,0.09044
sample_000417,frb_00417,FRB,701.173711,5.529319,0.003204,1.210435,1,118.1,0.35979
sample_000418,frb_00418,FRB,596.398844,4.761872,0.003053,0.556008,0,3.81,0.08749
sample_000419,frb_00419,FRB,621.154825,6.690214,0.004083,0.692579,1,342.06,0.3303
sample_000420,frb_00420,FRB,859.340679,10.181767,0.003779,0.631021,0,1.81,0.02654
sample_000421,frb_00421,FRB,143.318895,7.869954,0.003066,1.278485,1,407.49,1.05972
sample_000422,frb_00422,FRB,693.007521,7.529224,0.004011,0.589524,1,104.91,0.15335
sample_000423,frb_00423,FRB,626.933689,4.942092,0.003392,0.982829,0,3.06,0.39715
sample_000424,frb_00424,FRB,276.936442,8.258813,0.004662,1.34049,1,289.78,1.17375
sample_000425,frb_00425,FRB,457.488193,10.719174,0.004545,0.877119,1,671.61,0.64291
sample_000426,frb_00426,FRB,813.155801,9.207673,0.003285,0.459614,0,2.12,0.03146
sample_000427,frb_00427,FRB,886.11405,9.66255,0.00373,1.632687,0,0.0,0.0
sample_000428,frb_00428,FRB,370.010467,4.715263,0.004879,1.00293,1,323.88,0.86704
sample_000429,frb_00429,FRB,837.204638,8.243182,0.003515,0.743848,0,2.7,0.01966
sample_000430,frb_00430,FRB,226.999751,6.617576,0.004733,0.815358,1,405.48,0.65667
sample_000431,frb_00431,FRB,643.553709,7.022695,0.003318,0.523442,0,3.66,0.4581
sample_000432,frb_00432,FRB,819.303755,4.877847,0.003329,1.586379,0,2.85,0.08651
sample_000433,frb_00433,FRB,892.476099,4.052494,0.004137,1.197541,0,0.0,0.0
sample_000434,frb_00434,FRB,173.867545,10.083735,0.004519,0.635908,1,465.87,0.38142
sample_000435,frb_00435,FRB,236.783446,5.918307,0.003316,1.488611,1,115.18,1.28385
sample_000436,frb_00436,FRB,703.680491,8.920615,0.004917,0.598666,1,150.01,0.08061
sample_000437,frb_00437,FRB,623.794218,8.342224,0.004105,0.425578,1,256.22,0.1101
sample_000438,frb_00438,FRB,690.002182,10.561704,0.004395,1.613674,0,3.31,0.12976
sample_000439,frb_00439,FRB,750.492232,11.184065,0.003754,0.365866,0,3.23,0.0403
sample_000440,frb_00440,FRB,668.858677,4.64498,0.003413,0.621339,0,3.51,0.02556
sample_000441,frb_00441,FRB,668.170317,4.364778,0.003762,1.319081,0,12.78,0.4581
sample_000442,frb_00442,FRB,386.676354,10.002164,0.003045,1.098235,1,393.14,0.7825
sample_000443,frb_00443,FRB,672.023692,4.441395,0.003296,0.850817,1,99.75,0.4404
sample_000444,frb_00444,FRB,737.52614,8.325743,0.003131,1.00034,0,2.57,0.04325
sample_000445,frb_00445,FRB,467.870992,10.170235,0.003418,0.885493,1,245.71,0.36766
sample_000446,frb_00446,FRB,761.677825,5.052549,0.003467,1.290546,0,2.51,0.18285
sample_000447,frb_00447,FRB,539.298062,7.940001,0.004002,0.594188,1,288.18,0.01769
sample_000448,frb_00448,FRB,302.209137,7.824474,0.004855,0.840702,1,297.21,0.38339
sample_000449,frb_00449,FRB,556.132162,4.449656,0.003585,0.608783,1,175.2,0.01573
sample_000450,frb_00450,FRB,725.950324,9.071486,0.003895,1.098658,1,229.18,0.03932
sample_000451,frb_00451,FRB,845.877961,8.189041,0.003601,0.465532,0,4.25,0.05603
sample_000452,frb_00452,FRB,879.13671,5.502617,0.003826,0.98109,0,0.0,0.0
sample_000453,frb_00453,FRB,313.672756,9.113242,0.003685,0.767346,1,363.0,0.34996
sample_000454,frb_00454,FRB,423.916278,4.558079,0.004864,1.270402,0,157.34,1.02433
sample_000455,frb_00455,FRB,147.863609,9.341818,0.004112,1.583395,1,300.28,1.39395
sample_000456,frb_00456,FRB,555.907717,11.442457,0.003881,1.594952,0,3.42,0.40993
sample_000457,frb_00457,FRB,818.90491,7.896633,0.004549,0.93479,0,2.94,0.03342
sample_000458,frb_00458,FRB,390.959493,10.68361,0.003739,1.574791,1,241.36,1.09117
sample_000459,frb_00459,FRB,431.085413,4.052083,0.003495,0.595205,1,113.42,0.28115
sample_000460,frb_00460,FRB,668.28198,9.434383,0.003728,1.043391,1,109.92,0.19661
sample_000461,frb_00461,FRB,812.74256,11.957485,0.003685,1.066204,0,2.39,0.05702
sample_000462,frb_00462,FRB,192.427503,5.795131,0.003771,1.144184,1,282.7,1.00663
sample_000463,frb_00463,FRB,160.304838,5.55577,0.003466,0.998102,1,269.65,0.88277
sample_000464,frb_00464,FRB,862.471293,8.410519,0.004454,0.562721,0,1.47,0.01081
sample_000465,frb_00465,FRB,790.528143,10.308404,0.00308,0.680688,0,3.33,0.0403
sample_000466,frb_00466,FRB,498.61648,8.578658,0.003676,0.748392,1,278.11,0.54264
sample_000467,frb_00467,FRB,429.495532,7.785463,0.003213,1.635712,0,3.26,0.2261
sample_000468,frb_00468,FRB,622.063602,6.394176,0.003095,1.475993,0,2.91,0.51905
sample_000469,frb_00469,FRB,648.590951,4.096985,0.003546,0.952324,0,3.02,0.0983
sample_000470,frb_00470,FRB,207.259081,6.638577,0.003955,0.360047,1,132.96,0.08454
sample_000471,frb_00471,FRB,682.204876,9.916975,0.004181,0.704347,1,514.24,0.10617
sample_000472,frb_00472,FRB,548.555959,6.994092,0.003381,1.490296,0,106.79,0.73925
sample_000473,frb_00473,FRB,448.72873,8.719758,0.004164,1.347657,0,3.43,0.2084
sample_000474,frb_00474,FRB,665.445611,10.917634,0.003383,1.566446,0,2.66,0.27132
sample_000475,frb_00475,FRB,494.908539,8.831388,0.003981,0.948577,1,824.02,0.59769
sample_000476,frb_00476,FRB,595.026449,9.192941,0.00432,1.000945,0,3.94,0.07471
sample_000477,frb_00477,FRB,624.041271,11.529884,0.003103,0.724154,0,2.96,0.25068
sample_000478,frb_00478,FRB,550.256897,9.751589,0.003271,0.990043,1,165.04,0.6547
sample_000479,frb_00479,FRB,726.133711,6.952223,0.004638,0.592891,0,2.83,0.17891
sample_000480,frb_00480,FRB,371.071535,10.553978,0.004462,1.143851,1,346.1,0.81789
sample_000481,frb_00481,FRB,651.630232,7.507723,0.004449,1.345531,0,3.72,0.46596
sample_000482,frb_00482,FRB,243.643582,8.470494,0.003655,1.182154,1,291.36,1.07151
sample_000483,frb_00483,FRB,287.660685,10.008886,0.0044,1.457733,1,593.53,1.25436
sample_000484,frb_00484,FRB,621.200269,9.931934,0.004071,1.063881,0,2.87,0.29491
sample_000485,frb_00485,FRB,204.240396,8.589275,0.003958,1.010086,1,488.06,0.89653
sample_000486,frb_00486,FRB,549.118687,5.752712,0.003293,0.367211,0,3.93,0.70189
sample_000487,frb_00487,FRB,140.128193,8.068077,0.00482,0.71512,1,390.72,0.54067
sample_000488,frb_00488,FRB,619.809529,6.674682,0.004242,0.363106,0,2.86,0.35881
sample_000489,frb_00489,FRB,542.122905,9.909033,0.004684,0.933781,1,573.54,0.2143
sample_000490,frb_00490,FRB,697.827334,8.518507,0.003174,1.505836,0,3.04,0.2202
sample_000491,frb_00491,FRB,172.307763,7.391149,0.004614,1.428533,1,343.64,1.29368
sample_000492,frb_00492,FRB,335.501571,4.152127,0.003069,1.117779,1,195.5,0.82969
sample_000493,frb_00493,FRB,832.469011,4.465733,0.003246,1.622758,0,3.98,0.01573
sample_000494,frb_00494,FRB,784.122838,10.700335,0.004628,0.873916,0,3.96,0.01475
sample_000495,frb_00495,FRB,822.452849,8.35335,0.004378,0.468288,0,2.92,0.00983
sample_000496,frb_00496,FRB,588.13226,8.251642,0.004921,1.59797,0,4.07,0.48759
sample_000497,frb_00497,FRB,289.919949,6.348884,0.004865,1.186129,1,475.05,0.94175
sample_000498,frb_00498,FRB,584.269752,5.32466,0.004537,0.684115,1,211.23,0.37356
sample_000499,frb_00499,FRB,412.667618,9.32459,0.004103,1.555294,0,3.34,0.37945
sample_000500,frb_00500,FRB,478.286148,5.513419,0.004138,0.65435,1,275.56,0.03932
sample_000501,frb_00501,FRB,405.861944,6.871095,0.004855,0.369391,1,132.19,0.0983
sample_000502,frb_00502,FRB,398.390255,7.370227,0.003768,0.533715,0,3.2,0.9329
sample_000503,frb_00503,FRB,571.775082,7.161143,0.004159,0.700218,1,383.75,0.10813
sample_000504,frb_00504,FRB,286.565679,10.54511,0.003804,0.984231,1,208.06,0.70386
sample_000505,frb_00505,FRB,687.11639,5.207168,0.003687,0.819752,0,3.44,0.27329
sample_000506,frb_00506,FRB,357.524564,9.986787,0.004299,1.367562,1,164.71,0.98697
sample_000507,frb_00507,FRB,559.927727,11.299886,0.004528,0.527449,0,2.95,0.61145
sample_000508,frb_00508,FRB,387.533407,10.186159,0.003211,1.088513,1,316.82,0.49742
sample_000509,frb_00509,FRB,642.358172,4.163367,0.004751,1.119602,0,25.18,0.51708
sample_000510,frb_00510,FRB,182.046124,7.066897,0.003222,1.443814,1,195.71,1.26419
sample_000511,frb_00511,FRB,763.69826,4.257379,0.004992,1.616043,0,3.41,0.03047
sample_000512,frb_00512,FRB,602.921007,6.926497,0.00394,0.733207,0,3.84,0.07864
sample_000513,frb_00513,FRB,215.177897,9.179142,0.003717,1.149143,1,173.97,0.94175
sample_000514,frb_00514,FRB,891.592957,5.005628,0.00356,1.177846,0,0.0,0.0
sample_000515,frb_00515,FRB,850.86075,11.296044,0.003344,1.085939,0,1.6,0.03932
sample_000516,frb_00516,FRB,271.403081,10.249015,0.00437,0.985463,1,384.72,0.73531
sample_000517,frb_00517,FRB,632.663601,9.317889,0.004751,0.548805,0,3.46,0.52396
sample_000518,frb_00518,FRB,636.15712,7.122617,0.003086,0.870241,1,128.12,0.18874
sample_000519,frb_00519,FRB,615.940511,10.337775,0.004961,0.584441,1,358.21,0.10617
sample_000520,frb_00520,FRB,796.020444,6.422982,0.003303,1.360562,0,3.56,0.00688
sample_000521,frb_00521,FRB,714.787614,11.286775,0.004682,0.869528,0,3.06,0.04915
sample_000522,frb_00522,FRB,885.611835,8.471855,0.004471,0.995024,0,0.0,0.0
sample_000523,frb_00523,FRB,418.211342,11.446936,0.003877,0.441068,0,3.54,0.56426
sample_000524,frb_00524,FRB,293.56788,9.145671,0.003262,1.26883,1,657.85,1.0027
sample_000525,frb_00525,FRB,863.121491,7.183752,0.00332,0.402059,0,1.78,0.0118
sample_000526,frb_00526,FRB,881.325891,7.600058,0.004153,0.841292,0,0.0,0.0
sample_000527,frb_00527,FRB,422.747135,10.857606,0.003512,0.688978,1,479.81,0.55837
sample_000528,frb_00528,FRB,414.631926,8.500604,0.004906,0.813265,1,483.56,0.43254
sample_000529,frb_00529,FRB,551.205124,5.61375,0.004941,1.38414,0,2.84,0.64291
sample_000530,frb_00530,FRB,317.383434,9.308683,0.004555,0.776431,1,175.0,0.348
sample_000531,frb_00531,FRB,436.705074,4.090417,0.004273,1.589574,0,3.17,0.34406
sample_000532,frb_00532,FRB,367.714586,4.574627,0.003339,0.925908,1,149.55,0.54854
sample_000533,frb_00533,FRB,333.120057,5.462606,0.003905,1.552556,1,251.68,1.14622
sample_000534,frb_00534,FRB,877.884969,5.125522,0.004769,0.768233,0,0.0,0.0
sample_000535,frb_00535,FRB,458.735531,11.39163,0.0047,0.940626,1,388.61,0.65274
sample_000536,frb_00536,FRB,318.087248,10.470864,0.003738,1.252278,1,616.69,1.02433
sample_000537,frb_00537,FRB,597.071889,7.556027,0.003925,0.531357,1,119.17,0.2143
sample_000538,frb_00538,FRB,699.824613,7.964788,0.004146,1.066378,1,348.75,0.20054
sample_000539,frb_00539,FRB,716.379218,4.723539,0.004476,1.209295,0,2.95,0.18874
sample_000540,frb_00540,FRB,632.235711,10.267057,0.003004,0.562255,0,2.84,0.15335
sample_000541,frb_00541,FRB,156.948895,4.427275,0.004925,1.016804,1,298.55,0.8926
sample_000542,frb_00542,FRB,788.676538,4.757929,0.004719,0.901365,1,395.42,0.03539
sample_000543,frb_00543,FRB,501.133626,7.119408,0.004005,1.600041,0,2.88,0.57213
sample_000544,frb_00544,FRB,877.386588,8.796723,0.004111,1.477136,0,0.0,0.0
sample_000545,frb_00545,FRB,648.499725,5.838144,0.003487,0.887688,0,2.59,0.07864
sample_000546,frb_00546,FRB,325.866042,11.288139,0.003325,1.471881,0,3.03,0.19268
sample_000547,frb_00547,FRB,527.5368,11.084585,0.003147,1.460447,0,3.12,0.31457
sample_000548,frb_00548,FRB,639.72175,10.638862,0.004754,1.053699,1,378.24,0.21823
sample_000549,frb_00549,FRB,367.35209,7.734863,0.00345,0.755618,1,357.18,0.2261
sample_000550,frb_00550,FRB,675.035272,5.744452,0.003923,1.023044,0,5.05,0.13566
sample_000551,frb_00551,FRB,680.568424,5.289651,0.003805,0.722531,0,3.34,0.26935
sample_000552,frb_00552,FRB,432.281976,11.789502,0.004151,0.565577,1,694.13,0.16515
sample_000553,frb_00553,FRB,791.979597,11.631635,0.003774,0.552687,0,3.43,0.01966
sample_000554,frb_00554,FRB,431.278577,9.566357,0.003959,1.444682,0,3.12,0.49742
sample_000555,frb_00555,FRB,473.981638,6.528056,0.003313,1.383481,0,3.38,0.67437
sample_000556,frb_00556,FRB,739.843528,6.947544,0.003221,0.35679,0,3.01,0.1799
sample_000557,frb_00557,FRB,310.312339,8.675413,0.003024,0.468555,1,345.73,0.15532
sample_000558,frb_00558,FRB,795.804989,7.465599,0.004033,0.901656,0,3.85,0.14746
sample_000559,frb_00559,FRB,424.269426,9.861983,0.003731,0.573175,1,136.96,0.35979
sample_000560,frb_00560,FRB,532.476013,11.003508,0.003646,0.366761,0,3.16,0.40305
sample_000561,frb_00561,FRB,834.5945,7.312347,0.003459,0.559604,0,4.54,0.04129
sample_000562,frb_00562,FRB,407.077288,10.12756,0.004838,1.146178,1,197.3,0.74711
sample_000563,frb_00563,FRB,331.192723,8.828126,0.003853,1.571568,1,362.02,1.08331
sample_000564,frb_00564,FRB,307.012636,4.987541,0.004321,0.591706,1,78.19,0.3362
sample_000565,frb_00565,FRB,162.751478,4.034129,0.004197,1.553887,1,197.85,1.38609
sample_000566,frb_00566,FRB,133.393602,4.787231,0.004705,0.61111,1,224.56,0.46989
sample_000567,frb_00567,FRB,516.970403,4.700827,0.003577,0.918666,1,192.57,0.68026
sample_000568,frb_00568,FRB,386.774628,6.94567,0.004994,0.942087,1,240.31,0.39322
sample_000569,frb_00569,FRB,779.481705,5.772837,0.003678,0.580792,0,2.37,0.0983
sample_000570,frb_00570,FRB,152.825231,6.632746,0.004849,1.570891,1,383.66,1.40182
sample_000571,frb_00571,FRB,365.105043,4.313224,0.003266,1.231551,1,147.64,1.0086
sample_000572,frb_00572,FRB,737.651646,8.913489,0.003163,1.127236,0,3.73,0.11993
sample_000573,frb_00573,FRB,154.476528,7.699605,0.004033,0.624265,1,435.99,0.51118
sample_000574,frb_00574,FRB,336.819049,4.654475,0.003008,1.415302,0,3.04,0.91914
sample_000575,frb_00575,FRB,897.620821,7.722461,0.004779,0.632987,0,0.0,0.0
sample_000576,frb_00576,FRB,665.614712,7.855242,0.00478,0.404718,0,4.0,0.03244
sample_000577,frb_00577,FRB,458.045556,4.782791,0.004703,1.500071,0,3.25,0.36962
sample_000578,frb_00578,FRB,854.98013,5.37937,0.004792,1.53213,0,2.08,0.0059
sample_000579,frb_00579,FRB,347.767816,10.840898,0.003703,0.769869,1,135.41,0.29098
sample_000580,frb_00580,FRB,882.858762,10.577834,0.004897,0.443005,0,0.0,0.0
sample_000581,frb_00581,FRB,316.080756,7.839627,0.003493,1.374566,1,248.96,1.2406
sample_000582,frb_00582,FRB,287.600366,9.214292,0.003682,0.621344,1,452.35,0.36962
sample_000583,frb_00583,FRB,231.696465,10.563594,0.003519,1.370842,1,415.28,1.12853
sample_000584,frb_00584,FRB,599.069711,8.392542,0.003639,1.521526,0,4.07,0.25756
sample_000585,frb_00585,FRB,697.304819,5.334273,0.003195,0.386202,1,179.13,0.13369
sample_000586,frb_00586,FRB,687.177777,5.612511,0.003585,0.805848,0,3.67,0.41091
sample_000587,frb_00587,FRB,602.333369,9.127575,0.003029,1.309733,0,3.27,0.17007
sample_000588,frb_00588,FRB,198.066089,6.662544,0.003342,0.75537,1,248.39,0.58393
sample_000589,frb_00589,FRB,622.404002,9.077204,0.003699,1.187573,0,2.89,0.46203
sample_000590,frb_00590,FRB,657.748093,6.645814,0.004502,1.11547,1,405.35,0.43647
sample_000591,frb_00591,FRB,771.960981,8.635379,0.003757,1.250432,0,2.93,0.13173
sample_000592,frb_00592,FRB,267.490142,6.841772,0.004749,1.072527,1,470.11,0.90636
sample_000593,frb_00593,FRB,785.416531,7.68434,0.004861,0.371118,0,2.87,0.01868
sample_000594,frb_00594,FRB,621.863261,8.20235,0.004643,1.134054,1,771.64,0.32834
sample_000595,frb_00595,FRB,281.673414,7.810529,0.00393,1.549082,1,233.04,1.2288
sample_000596,frb_00596,FRB,324.802388,5.062252,0.004889,0.937395,1,189.0,0.56623
sample_000597,frb_00597,FRB,516.385164,7.742315,0.004838,0.747659,1,341.22,0.40501
sample_000598,frb_00598,FRB,369.731958,5.07032,0.004505,1.437423,1,333.05,1.00467
sample_000599,frb_00599,FRB,198.752697,11.155043,0.00302,1.068487,1,166.62,0.98304
sample_000600,frb_00600,FRB,799.825798,9.453266,0.004869,1.570449,0,3.44,0.06685
sample_000601,frb_00601,FRB,591.045925,5.743842,0.003809,1.185048,0,3.38,0.38732
sample_000602,frb_00602,FRB,476.091624,6.147533,0.003075,0.779571,1,61.05,0.02556
sample_000603,frb_00603,FRB,527.748863,4.241534,0.004173,0.910601,1,129.48,0.69403
sample_000604,frb_00604,FRB,899.143052,7.847567,0.004499,0.986643,0,0.0,0.0
sample_000605,frb_00605,FRB,804.506661,4.85638,0.003026,0.893693,0,2.88,0.11108
sample_000606,frb_00606,FRB,432.492415,10.399342,0.003959,0.495752,1,522.3,0.21234
sample_000607,frb_00607,FRB,252.901206,8.347764,0.004561,0.542278,1,462.85,0.44237
sample_000608,frb_00608,FRB,451.401024,4.170627,0.004712,0.503244,1,203.76,0.35979
sample_000609,frb_00609,FRB,299.522513,5.088792,0.003377,1.533506,1,140.87,1.20914
sample_000610,frb_00610,FRB,278.558558,6.494153,0.004315,0.471982,1,180.7,0.17302
sample_000611,frb_00611,FRB,438.341269,5.81619,0.003543,0.77339,1,73.62,0.62718
sample_000612,frb_00612,FRB,633.053825,11.079367,0.003027,1.271198,0,2.68,0.08258
sample_000613,frb_00613,FRB,311.098585,6.620657,0.003821,1.313272,1,171.73,1.16982
sample_000614,frb_00614,FRB,482.737645,7.913367,0.003183,1.438045,0,4.01,0.63308
sample_000615,frb_00615,FRB,706.719582,4.751655,0.0048,1.006817,0,4.1,0.26542
sample_000616,frb_00616,FRB,747.956705,7.804209,0.003053,0.686065,1,151.0,0.06095
sample_000617,frb_00617,FRB,810.238346,11.676465,0.003496,1.64606,0,3.34,0.1219
sample_000618,frb_00618,FRB,862.559673,11.447778,0.004665,1.378166,0,4.61,0.00786
sample_000619,frb_00619,FRB,843.791876,9.702936,0.003018,1.252969,0,1.93,0.02163
sample_000620,frb_00620,FRB,773.408862,7.329675,0.004192,0.549214,0,3.03,0.13959
sample_000621,frb_00621,FRB,860.279898,10.774404,0.00308,0.671623,0,2.08,0.00786
sample_000622,frb_00622,FRB,412.056404,9.196015,0.00308,1.031364,1,326.28,0.40501
sample_000623,frb_00623,FRB,263.163196,11.791166,0.00318,1.05616,1,351.95,0.65864
sample_000624,frb_00624,FRB,532.447415,10.941991,0.004103,0.841398,1,322.0,0.6606
sample_000625,frb_00625,FRB,896.724992,5.060262,0.003874,1.535078,0,0.0,0.0
sample_000626,frb_00626,FRB,233.46706,9.530289,0.004869,0.769603,1,719.15,0.55837
sample_000627,frb_00627,FRB,598.780099,10.008674,0.004304,0.636708,0,3.44,0.12091
sample_000628,frb_00628,FRB,682.583793,4.433093,0.003646,1.013471,1,186.3,0.1042
sample_000629,frb_00629,FRB,289.851702,10.5124,0.004792,0.811247,1,495.17,0.69009
sample_000630,frb_00630,FRB,305.111722,10.279699,0.003928,1.396544,1,454.62,0.91226
sample_000631,frb_00631,FRB,434.539497,5.075292,0.004861,1.489017,0,3.57,0.86901
sample_000632,frb_00632,FRB,549.762777,10.98092,0.003971,0.627958,1,325.65,0.17105
sample_000633,frb_00633,FRB,127.28007,8.54339,0.003313,1.16415,1,429.99,1.09707
sample_000634,frb_00634,FRB,196.500231,6.770686,0.004185,0.708459,1,245.6,0.40108
sample_000635,frb_00635,FRB,487.581776,4.119681,0.004779,0.764946,1,189.74,0.48759
sample_000636,frb_00636,FRB,398.144523,5.712716,0.003185,0.907825,1,202.09,0.68813
sample_000637,frb_00637,FRB,479.524172,4.152028,0.003841,1.628653,0,3.79,0.24871
sample_000638,frb_00638,FRB,614.941335,10.686806,0.004857,0.865219,0,5.02,0.13369
sample_000639,frb_00639,FRB,160.760869,11.696462,0.004267,0.781834,1,479.37,0.59965
sample_000640,frb_00640,FRB,572.378775,8.233233,0.00423,1.582183,0,3.02,0.2261
sample_000641,frb_00641,FRB,412.938398,11.871858,0.003924,0.561699,0,3.73,0.20054
sample_000642,frb_00642,FRB,771.836656,10.167865,0.004162,0.677779,1,244.46,0.09044
sample_000643,frb_00643,FRB,785.48509,9.404172,0.003277,0.691471,1,500.24,0.1101
sample_000644,frb_00644,FRB,498.371198,11.941739,0.004458,1.122011,1,389.34,0.85131
sample_000645,frb_00645,FRB,215.476501,4.571898,0.004903,0.473031,1,105.14,0.34013
sample_000646,frb_00646,FRB,541.72459,11.591976,0.003413,0.791872,1,665.02,0.5505
sample_000647,frb_00647,FRB,161.20425,8.48781,0.003175,0.379678,1,719.47,0.2084
sample_000648,frb_00648,FRB,722.989225,4.250331,0.004093,0.829087,0,3.83,0.27132
sample_000649,frb_00649,FRB,323.292854,5.779148,0.004906,0.35398,1,423.02,0.25362
sample_000650,frb_00650,FRB,779.137039,7.918119,0.003357,0.357989,0,4.13,0.04522
sample_000651,frb_00651,FRB,228.497624,11.87646,0.003824,1.647351,0,3.29,1.14426
sample_000652,frb_00652,FRB,460.286533,4.017336,0.003098,1.197549,1,51.95,0.61735
sample_000653,frb_00653,FRB,706.566821,4.411667,0.004898,1.191925,0,3.92,0.2841
sample_000654,frb_00654,FRB,791.714881,8.616683,0.004346,1.592695,0,3.09,0.08061
sample_000655,frb_00655,FRB,397.278773,8.172047,0.004427,0.595605,1,159.64,0.16908
sample_000656,frb_00656,FRB,879.592718,4.595723,0.003078,1.238493,0,0.0,0.0
sample_000657,frb_00657,FRB,342.725847,6.674293,0.004729,1.041691,1,444.83,0.81592
sample_000658,frb_00658,FRB,228.7549,11.783538,0.004989,1.480984,1,432.09,1.19538
sample_000659,frb_00659,FRB,297.596455,6.518522,0.003782,0.468121,1,211.82,0.04325
sample_000660,frb_00660,FRB,663.166713,4.802484,0.003359,1.584504,0,4.79,0.40894
sample_000661,frb_00661,FRB,713.904196,8.059175,0.004287,1.28353,0,3.04,0.02851
sample_000662,frb_00662,FRB,703.693905,4.757979,0.003667,0.481335,0,3.08,0.30769
sample_000663,frb_00663,FRB,870.190587,10.043792,0.003123,0.65177,0,0.0,0.0
sample_000664,frb_00664,FRB,593.547247,4.112378,0.004154,0.520972,0,3.06,0.62128
sample_000665,frb_00665,FRB,319.073993,7.218972,0.003149,1.551761,1,218.22,1.18751
sample_000666,frb_00666,FRB,456.258476,8.598383,0.003481,1.121738,1,247.32,0.76481
sample_000667,frb_00667,FRB,667.707957,7.730659,0.004856,0.932488,1,400.05,0.42271
sample_000668,frb_00668,FRB,746.455621,6.032408,0.004017,0.810435,1,95.67,0.16712
sample_000669,frb_00669,FRB,344.284724,4.736926,0.003607,0.779075,1,67.19,0.58393
sample_000670,frb_00670,FRB,586.23961,10.661127,0.004303,0.601302,0,82.99,0.00786
sample_000671,frb_00671,FRB,721.155678,7.675267,0.003455,1.214357,0,2.73,0.21725
sample_000672,frb_00672,FRB,144.938756,6.711945,0.004862,1.115107,1,309.44,0.97518
sample_000673,frb_00673,FRB,172.690391,5.269402,0.004217,0.877561,1,196.92,0.66454
sample_000674,frb_00674,FRB,557.514147,8.349614,0.00389,1.581523,0,3.55,0.52789
sample_000675,frb_00675,FRB,341.486829,5.589104,0.003604,0.733352,1,420.92,0.49349
sample_000676,frb_00676,FRB,332.126448,7.442386,0.004836,0.853796,1,307.0,0.54854
sample_000677,frb_00677,FRB,532.541935,8.861068,0.004441,0.978424,0,29.21,0.7766
sample_000678,frb_00678,FRB,121.780907,6.147479,0.003348,1.508459,1,182.02,1.46473
sample_000679,frb_00679,FRB,232.523814,11.030689,0.004451,0.870008,1,587.12,0.72942
sample_000680,frb_00680,FRB,813.485872,11.803636,0.003481,0.433164,0,3.13,0.11403
sample_000681,frb_00681,FRB,869.74469,8.850462,0.004808,0.370871,0,0.0,0.0
sample_000682,frb_00682,FRB,820.656974,10.236085,0.004691,1.272781,0,2.37,0.09535
sample_000683,frb_00683,FRB,681.076014,6.747663,0.003068,1.079811,0,104.2,0.4345
sample_000684,frb_00684,FRB,602.584166,10.777144,0.004621,1.099847,0,3.07,0.25559
sample_000685,frb_00685,FRB,686.641547,10.935471,0.003646,1.016988,0,3.13,0.28017
sample_000686,frb_00686,FRB,266.635734,6.539118,0.003109,0.702267,1,172.07,0.47383
sample_000687,frb_00687,FRB,862.186993,9.85083,0.003438,1.631757,0,1.74,0.00492
sample_000688,frb_00688,FRB,839.938259,11.510162,0.004487,1.491915,0,3.36,0.04915
sample_000689,frb_00689,FRB,647.192268,9.901763,0.003973,0.653993,0,132.15,0.00393
sample_000690,frb_00690,FRB,713.809171,6.775516,0.004989,0.70551,0,2.4,0.03932
sample_000691,frb_00691,FRB,275.582627,7.302906,0.003288,1.384995,1,147.46,1.30351
sample_000692,frb_00692,FRB,625.654873,10.494568,0.004014,0.811772,1,653.49,0.31261
sample_000693,frb_00693,FRB,557.577164,5.802904,0.003795,0.898681,1,166.65,0.30671
sample_000694,frb_00694,FRB,298.095436,7.797523,0.004373,1.520296,0,3.55,0.27034
sample_000695,frb_00695,FRB,778.35556,6.684884,0.003849,1.469994,0,3.26,0.10519
sample_000696,frb_00696,FRB,888.543012,6.281825,0.004816,0.854848,0,0.0,0.0
sample_000697,frb_00697,FRB,130.077089,8.33172,0.004569,0.37494,1,242.53,0.31064
sample_000698,frb_00698,FRB,229.665825,5.994983,0.00465,0.846435,1,179.63,0.57803
sample_000699,frb_00699,FRB,284.954454,8.338141,0.00464,0.52194,1,399.52,0.2261
sample_000700,frb_00700,FRB,705.476704,10.268602,0.004506,1.118795,0,146.18,0.37945
sample_000701,frb_00701,FRB,403.365024,7.853139,0.00357,1.010411,1,411.11,0.65667
sample_000702,frb_00702,FRB,863.237889,9.631013,0.003406,0.414851,0,2.25,0.0118
sample_000703,frb_00703,FRB,695.544196,9.242611,0.003364,0.57657,1,206.45,0.01966
sample_000704,frb_00704,FRB,898.320488,10.872237,0.00354,0.934947,0,0.0,0.0
sample_000705,frb_00705,FRB,485.713934,7.542665,0.004382,1.028374,1,371.11,0.83165
sample_000706,frb_00706,FRB,775.126173,4.656974,0.004681,1.137113,1,75.88,0.1219
sample_000707,frb_00707,FRB,727.895029,7.687664,0.00363,0.488398,0,2.51,0.08159
sample_000708,frb_00708,FRB,783.034489,10.001658,0.004848,0.869161,1,1057.99,0.17498
sample_000709,frb_00709,FRB,170.447179,9.231251,0.004448,0.796966,1,419.27,0.52691
sample_000710,frb_00710,FRB,447.894041,4.037169,0.00367,0.629113,1,82.02,0.41288
sample_000711,frb_00711,FRB,554.483186,5.004417,0.004856,1.26351,0,3.27,0.5505
sample_000712,frb_00712,FRB,448.53495,8.013782,0.00345,1.208834,0,2.99,0.84935
sample_000713,frb_00713,FRB,598.587106,6.369651,0.003181,0.938397,1,196.75,0.06095
sample_000714,frb_00714,FRB,154.425188,9.954421,0.003432,0.525158,1,290.9,0.47383
sample_000715,frb_00715,FRB,158.428856,9.220574,0.003014,0.533754,1,604.85,0.41681
sample_000716,frb_00716,FRB,600.01555,11.454943,0.003024,0.749346,1,525.69,0.30671
sample_000717,frb_00717,FRB,817.557688,6.917857,0.003877,1.558672,0,2.36,0.03637
sample_000718,frb_00718,FRB,860.408465,9.30494,0.003454,1.580709,0,1.16,0.00885
sample_000719,frb_00719,FRB,741.221871,10.339942,0.003175,1.417024,0,3.12,0.13861
sample_000720,frb_00720,FRB,791.599628,9.160338,0.003039,1.365757,0,2.21,0.1219
sample_000721,frb_00721,FRB,855.655279,6.321534,0.003945,1.34581,0,1.77,0.03441
sample_000722,frb_00722,FRB,295.558245,5.637029,0.004749,0.543097,1,257.07,0.20251
sample_000723,frb_00723,FRB,472.339069,9.894073,0.003906,1.42821,1,138.98,0.77267
sample_000724,frb_00724,FRB,135.827161,10.0961,0.004514,1.647744,1,878.92,1.54337
sample_000725,frb_00725,FRB,833.176877,7.590168,0.004307,0.603575,0,2.38,0.03932
sample_000726,frb_00726,FRB,617.920104,5.17896,0.003378,0.951273,1,232.64,0.26149
sample_000727,frb_00727,FRB,385.871893,10.313821,0.004523,1.169192,1,435.28,0.64094
sample_000728,frb_00728,FRB,277.47162,5.45394,0.003707,1.31882,1,375.89,1.05185
sample_000729,frb_00729,FRB,132.277195,9.944809,0.003751,0.744443,1,263.58,0.64291
sample_000730,frb_00730,FRB,782.461889,4.072681,0.004882,1.560666,0,2.38,0.08356
sample_000731,frb_00731,FRB,595.881333,4.551587,0.004217,0.626533,1,108.21,0.12386
sample_000732,frb_00732,FRB,843.121071,4.540902,0.004976,1.409822,0,2.16,0.02949
sample_000733,frb_00733,FRB,646.720685,5.063309,0.00338,0.886943,0,3.35,0.29098
sample_000734,frb_00734,FRB,244.497288,9.739646,0.004878,0.740805,1,470.46,0.48562
sample_000735,frb_00735,FRB,483.637912,7.686706,0.004627,1.220877,0,3.36,0.12976
sample_000736,frb_00736,FRB,718.461357,4.637126,0.004553,1.490849,0,2.57,0.11108
sample_000737,frb_00737,FRB,577.010311,6.606873,0.003512,1.394209,0,3.97,0.20644
sample_000738,frb_00738,FRB,650.855239,6.324524,0.003896,1.438821,0,3.88,0.17891
sample_000739,frb_00739,FRB,249.581181,6.995201,0.00323,1.109705,1,431.13,0.95355
sample_000740,frb_00740,FRB,532.141895,10.078289,0.003017,1.368402,0,2.85,0.20546
sample_000741,frb_00741,FRB,639.575916,10.643239,0.004406,1.176217,1,513.8,0.38339
sample_000742,frb_00742,FRB,282.605488,6.816754,0.00447,1.11946,1,138.23,1.01057
sample_000743,frb_00743,FRB,207.691849,7.949846,0.003313,0.738515,1,363.28,0.45023
sample_000744,frb_00744,FRB,577.950345,4.338447,0.003075,0.459506,1,294.76,0.1278
sample_000745,frb_00745,FRB,783.177916,8.103193,0.003401,1.063089,1,224.34,0.03146
sample_000746,frb_00746,FRB,148.287696,10.680162,0.003562,1.115228,1,226.48,1.02629
sample_000747,frb_00747,FRB,174.58475,6.270484,0.004011,0.551228,1,425.06,0.39125
sample_000748,frb_00748,FRB,253.97025,8.370448,0.003099,1.551861,1,305.2,1.29761
sample_000749,frb_00749,FRB,385.030176,6.514811,0.003593,1.48267,0,3.57,0.80314
sample_000750,frb_00750,FRB,863.403079,5.914587,0.004117,1.026659,0,1.83,0.01573
sample_000751,frb_00751,FRB,719.656076,8.901761,0.003069,0.750469,0,2.48,0.14942
sample_000752,frb_00752,FRB,721.80417,5.930081,0.004017,1.371817,0,2.49,0.21922
sample_000753,frb_00753,FRB,488.224643,7.584549,0.003183,0.563445,1,89.14,0.1278
sample_000754,frb_00754,FRB,706.357564,4.079985,0.004528,1.360283,0,3.11,0.03146
sample_000755,frb_00755,FRB,318.893428,11.093957,0.003808,1.590323,1,342.76,1.23273
sample_000756,frb_00756,FRB,736.455276,7.366957,0.003154,1.328515,0,2.81,0.13959
sample_000757,frb_00757,FRB,715.730804,9.482109,0.003515,0.571378,0,2.69,0.32637
sample_000758,frb_00758,FRB,330.54624,5.754227,0.003013,1.373129,1,133.21,1.0204
sample_000759,frb_00759,FRB,126.498569,10.849,0.00452,1.09746,1,599.44,0.98304
sample_000760,frb_00760,FRB,709.201519,11.601451,0.003992,0.753379,0,2.67,0.20742
sample_000761,frb_00761,FRB,675.765848,4.649788,0.003424,1.183337,0,3.57,0.20447
sample_000762,frb_00762,FRB,782.323364,10.613078,0.003935,0.845587,0,3.13,0.17105
sample_000763,frb_00763,FRB,408.11312,11.397562,0.004963,1.50704,1,600.95,1.02629
sample_000764,frb_00764,FRB,369.568714,4.177305,0.003379,0.446556,0,3.83,0.19268
sample_000765,frb_00765,FRB,331.998284,9.35362,0.003527,1.386365,1,268.25,1.03809
sample_000766,frb_00766,FRB,455.857607,6.144059,0.004501,1.270241,1,154.03,0.73925
sample_000767,frb_00767,FRB,361.288523,9.230432,0.004008,0.761233,1,777.61,0.5446
sample_000768,frb_00768,FRB,314.386293,10.670295,0.003684,1.201384,1,175.6,1.09117
sample_000769,frb_00769,FRB,265.345848,6.084868,0.003129,0.734185,1,94.04,0.6665
sample_000770,frb_00770,FRB,818.271403,10.544435,0.004339,0.698289,0,3.13,0.00295
sample_000771,frb_00771,FRB,451.05823,4.46659,0.004069,1.004424,1,88.44,0.84541
sample_000772,frb_00772,FRB,124.313987,10.705742,0.004833,0.439589,1,618.39,0.37749
sample_000773,frb_00773,FRB,236.835673,6.133921,0.004682,1.008422,1,596.33,0.80806
sample_000774,frb_00774,FRB,120.700713,8.937074,0.003009,1.103414,1,339.21,0.98697
sample_000775,frb_00775,FRB,228.24909,10.609325,0.003598,0.565109,1,163.05,0.48759
sample_000776,frb_00776,FRB,709.529519,6.675944,0.003849,1.242171,1,74.92,0.23396
sample_000777,frb_00777,FRB,850.655832,4.219474,0.003467,0.777734,0,4.49,0.0462
sample_000778,frb_00778,FRB,415.165876,4.661406,0.003735,1.212322,0,4.09,0.65765
sample_000779,frb_00779,FRB,222.108483,4.266853,0.004166,1.15655,1,248.82,0.99877
sample_000780,frb_00780,FRB,754.635205,6.090188,0.003872,0.717518,0,3.14,0.00098
sample_000781,frb_00781,FRB,514.01283,6.718471,0.003096,0.43297,0,3.03,0.63406
sample_000782,frb_00782,FRB,209.787634,5.983174,0.004169,0.974713,1,188.68,0.91816
sample_000783,frb_00783,FRB,458.207999,9.629986,0.004907,0.972533,1,272.74,0.36962
sample_000784,frb_00784,FRB,487.703559,4.145884,0.003664,1.555924,0,3.8,0.18678
sample_000785,frb_00785,FRB,694.999112,6.245361,0.003398,0.812923,0,2.96,0.15532
sample_000786,frb_00786,FRB,868.149139,5.252064,0.003786,0.912647,0,0.0,0.0
sample_000787,frb_00787,FRB,473.180994,6.497239,0.00377,1.119533,0,3.41,0.03539
sample_000788,frb_00788,FRB,386.194642,10.550862,0.004467,0.966662,1,465.71,0.49545
sample_000789,frb_00789,FRB,769.217125,6.36758,0.003775,1.34893,0,3.07,0.058
sample_000790,frb_00790,FRB,127.777181,6.455487,0.004987,1.015262,1,369.05,0.89653
sample_000791,frb_00791,FRB,681.787763,6.979052,0.004261,1.303364,0,3.63,0.3185
sample_000792,frb_00792,FRB,374.542166,5.228867,0.004826,0.404708,1,103.52,0.24576
sample_000793,frb_00793,FRB,262.68049,6.136239,0.004704,0.854655,1,205.74,0.59572
sample_000794,frb_00794,FRB,177.00982,6.502164,0.004007,1.646601,1,304.36,1.56893
sample_000795,frb_00795,FRB,418.818,5.506523,0.003843,1.452321,0,3.12,0.76579
sample_000796,frb_00796,FRB,670.638089,9.453677,0.003804,1.547335,0,2.83,0.40894
sample_000797,frb_00797,FRB,371.380358,7.089417,0.004639,1.61552,0,2.79,0.9624
sample_000798,frb_00798,FRB,538.994143,9.815248,0.003504,0.568141,0,4.04,0.30474
sample_000799,frb_00799,FRB,383.18535,10.756283,0.003413,1.602289,0,3.67,0.59572
sample_000800,frb_00800,FRB,205.058857,10.065853,0.004299,0.721118,1,437.76,0.60948
sample_000801,frb_00801,FRB,367.981535,5.941945,0.004104,0.436901,0,5.13,0.06586
sample_000802,frb_00802,FRB,412.494195,9.644799,0.004959,0.869823,1,613.3,0.39322
sample_000803,frb_00803,FRB,279.313751,4.968854,0.003029,0.85583,1,166.91,0.76874
sample_000804,frb_00804,FRB,169.966371,9.215451,0.003925,0.953771,1,884.53,0.7766
sample_000805,frb_00805,FRB,519.135585,4.732414,0.00324,1.579981,0,3.1,0.76677
sample_000806,frb_00806,FRB,724.015259,10.093335,0.004008,1.287183,0,3.52,0.21627
sample_000807,frb_00807,FRB,353.692317,9.62482,0.003129,0.406102,0,3.27,1.13738
sample_000808,frb_00808,FRB,899.055274,8.750346,0.003467,1.306828,0,0.0,0.0
sample_000809,frb_00809,FRB,522.745815,4.682398,0.004631,0.756194,1,87.84,0.05898
sample_000810,frb_00810,FRB,324.814813,11.689691,0.003361,0.799191,1,193.79,0.52888
sample_000811,frb_00811,FRB,312.642571,6.868494,0.003668,1.512498,0,3.42,0.22512
sample_000812,frb_00812,FRB,785.523633,7.451321,0.004101,1.095307,1,122.03,0.02556
sample_000813,frb_00813,FRB,815.093993,9.568867,0.004778,0.478093,0,1.8,0.04129
sample_000814,frb_00814,FRB,540.01996,11.635884,0.003758,0.729628,1,263.52,0.45613
sample_000815,frb_00815,FRB,421.909821,4.565679,0.004994,0.590258,1,273.35,0.04325
sample_000816,frb_00816,FRB,455.804897,9.021532,0.004628,0.616591,1,169.54,0.42467
sample_000817,frb_00817,FRB,878.037659,4.560577,0.004137,1.166559,0,0.0,0.0
sample_000818,frb_00818,FRB,610.167055,7.243062,0.003432,0.387382,1,139.3,0.19071
sample_000819,frb_00819,FRB,698.230769,8.35805,0.003807,1.610952,0,4.69,0.35586
sample_000820,frb_00820,FRB,631.284849,4.172545,0.003348,0.506066,1,46.95,0.32637
sample_000821,frb_00821,FRB,688.974978,6.775026,0.003615,1.206251,0,2.94,0.29098
sample_000822,frb_00822,FRB,565.389147,8.187094,0.004773,1.276841,1,408.56,0.55247
sample_000823,frb_00823,FRB,660.119439,6.360779,0.004447,1.34881,0,3.49,0.21234
sample_000824,frb_00824,FRB,458.460007,4.274785,0.00418,1.56512,0,3.15,0.13566
sample_000825,frb_00825,FRB,296.375054,6.156766,0.004452,0.666343,1,338.77,0.232
sample_000826,frb_00826,FRB,893.423335,8.482766,0.003728,1.477575,0,0.0,0.0
sample_000827,frb_00827,FRB,130.504264,4.195061,0.00337,0.651794,1,336.95,0.58786
sample_000828,frb_00828,FRB,701.120684,11.474438,0.004718,0.827431,0,3.66,0.13959
sample_000829,frb_00829,FRB,291.727254,11.907101,0.00338,1.255674,1,459.63,1.04006
sample_000830,frb_00830,FRB,571.713898,8.143783,0.004983,1.579705,0,4.07,0.17105
sample_000831,frb_00831,FRB,399.058602,9.518732,0.003719,0.552542,0,3.05,0.96928
sample_000832,frb_00832,FRB,554.996989,6.154416,0.003057,0.855219,1,64.73,0.61342
sample_000833,frb_00833,FRB,440.044181,9.193197,0.004702,0.933156,1,762.63,0.4404
sample_000834,frb_00834,FRB,358.412556,8.691033,0.004654,1.100825,1,467.83,0.54854
sample_000835,frb_00835,FRB,527.21614,8.017055,0.004683,1.412714,0,2.87,0.77562
sample_000836,frb_00836,FRB,518.297432,8.553144,0.004641,0.973226,1,417.63,0.30867
sample_000837,frb_00837,FRB,386.160195,4.107349,0.00424,1.158158,1,100.78,0.57213
sample_000838,frb_00838,FRB,563.864236,10.402827,0.00356,0.480629,0,3.17,0.01573
sample_000839,frb_00839,FRB,765.910144,11.396279,0.004917,1.425806,0,3.38,0.22413
sample_000840,frb_00840,FRB,437.538852,4.752538,0.004569,1.568985,0,2.5,0.75399
sample_000841,frb_00841,FRB,288.68211,6.767424,0.004369,1.350748,1,221.66,1.05578
sample_000842,frb_00842,FRB,834.927868,10.307051,0.003758,1.518329,0,2.47,0.07274
sample_000843,frb_00843,FRB,204.489889,6.117528,0.004911,1.4861,1,342.49,1.21111
sample_000844,frb_00844,FRB,479.90359,9.12033,0.004791,0.971296,1,220.82,0.82772
sample_000845,frb_00845,FRB,725.637649,4.618702,0.004869,0.620194,0,3.82,0.18678
sample_000846,frb_00846,FRB,221.739867,8.124228,0.003762,1.008387,1,353.51,0.92013
sample_000847,frb_00847,FRB,776.66857,8.713472,0.004179,0.462317,0,2.38,0.04915
sample_000848,frb_00848,FRB,353.516263,11.236421,0.004685,0.932919,1,381.27,0.36962
sample_000849,frb_00849,FRB,311.045237,5.328568,0.003545,1.445501,0,3.35,0.43647
sample_000850,frb_00850,FRB,826.698374,6.471114,0.004202,1.038028,0,3.03,0.08061
sample_000851,frb_00851,FRB,232.395526,5.083715,0.003867,0.825298,1,147.35,0.51511
sample_000852,frb_00852,FRB,632.888148,6.862822,0.004809,0.714378,1,292.29,0.05702
sample_000853,frb_00853,FRB,344.658557,6.807724,0.00366,1.357895,1,348.95,0.85131
sample_000854,frb_00854,FRB,820.725729,8.369587,0.003832,1.539003,0,2.22,0.06881
sample_000855,frb_00855,FRB,395.000103,8.840367,0.003731,1.264148,1,308.11,1.04202
sample_000856,frb_00856,FRB,144.860653,7.493865,0.004656,1.018916,1,238.05,0.85328
sample_000857,frb_00857,FRB,778.130605,10.456389,0.004869,0.449657,0,3.33,0.01966
sample_000858,frb_00858,FRB,169.111232,8.503828,0.003192,0.620938,1,276.6,0.51708
sample_000859,frb_00859,FRB,245.988721,5.465118,0.003328,0.729393,1,98.04,0.39125
sample_000860,frb_00860,FRB,428.017071,6.803929,0.003867,1.502257,0,3.25,0.64586
sample_000861,frb_00861,FRB,551.70443,8.116151,0.003457,0.376217,1,398.62,0.05898
sample_000862,frb_00862,FRB,261.912317,9.798434,0.003299,0.701267,1,263.31,0.45416
sample_000863,frb_00863,FRB,829.017757,10.580174,0.004592,1.172811,0,1.75,0.04325
sample_000864,frb_00864,FRB,557.446612,7.751232,0.003204,0.826798,1,216.16,0.40698
sample_000865,frb_00865,FRB,235.362608,9.429152,0.004174,1.558969,1,480.58,1.27009
sample_000866,frb_00866,FRB,868.630104,11.563345,0.004373,1.03846,0,0.0,0.0
sample_000867,frb_00867,FRB,269.610809,5.724312,0.004201,1.494309,1,164.31,1.27205
sample_000868,frb_00868,FRB,870.742815,10.808879,0.003132,0.367467,0,0.0,0.0
sample_000869,frb_00869,FRB,492.735623,11.758133,0.004118,0.854023,1,174.72,0.59769
sample_000870,frb_00870,FRB,724.534557,10.557046,0.004739,0.978073,0,2.78,0.09142
sample_000871,frb_00871,FRB,879.132285,7.062711,0.004757,1.065772,0,0.0,0.0
sample_000872,frb_00872,FRB,308.651038,7.002505,0.004412,0.844165,1,461.14,0.61145
sample_000873,frb_00873,FRB,782.811864,9.090026,0.004776,0.793009,0,2.99,0.10813
sample_000874,frb_00874,FRB,344.03369,6.703359,0.004863,1.122038,1,538.63,0.76087
sample_000875,frb_00875,FRB,822.252648,10.823647,0.003615,0.658837,0,2.52,0.07471
sample_000876,frb_00876,FRB,208.299499,4.593067,0.004167,1.225187,1,188.98,1.12656
sample_000877,frb_00877,FRB,167.928244,9.154464,0.00498,1.393229,1,962.6,1.30744
sample_000878,frb_00878,FRB,802.070525,5.112965,0.003527,1.274609,1,65.4,0.00393
sample_000879,frb_00879,FRB,575.461919,9.681128,0.003127,1.000678,1,122.87,0.42861
sample_000880,frb_00880,FRB,170.372491,10.363693,0.004296,0.855434,1,305.27,0.64684
sample_000881,frb_00881,FRB,219.469666,6.589374,0.00362,1.080701,1,116.98,0.81592
sample_000882,frb_00882,FRB,377.723548,8.572537,0.003895,1.444554,1,486.38,0.93979
sample_000883,frb_00883,FRB,431.60702,9.331232,0.003028,1.272699,1,124.22,0.71762
sample_000884,frb_00884,FRB,225.134657,4.794138,0.003421,0.892878,1,158.46,0.57213
sample_000885,frb_00885,FRB,334.618833,8.383327,0.003297,1.515266,0,3.53,0.86704
sample_000886,frb_00886,FRB,622.662088,7.193676,0.003347,1.449382,0,3.02,0.55247
sample_000887,frb_00887,FRB,395.747036,6.355025,0.004501,0.357558,0,3.35,0.93487
sample_000888,frb_00888,FRB,314.731891,11.290733,0.003975,1.096847,1,601.87,0.68223
sample_000889,frb_00889,FRB,128.331772,11.139433,0.003087,1.365386,1,611.98,1.25239
sample_000890,frb_00890,FRB,694.951401,8.336563,0.003399,1.216608,1,99.72,0.28115
sample_000891,frb_00891,FRB,227.144447,5.204024,0.003288,0.887273,1,244.38,0.6547
sample_000892,frb_00892,FRB,738.384332,7.952223,0.003441,1.500509,0,4.3,0.24576
sample_000893,frb_00893,FRB,182.674955,4.962696,0.00448,0.792126,1,396.76,0.61932
sample_000894,frb_00894,FRB,138.661755,5.852316,0.00379,0.624583,1,294.93,0.5623
sample_000895,frb_00895,FRB,873.654814,11.466538,0.00459,1.490272,0,0.0,0.0
sample_000896,frb_00896,FRB,599.957039,4.771081,0.0048,1.623773,0,3.17,0.05407
sample_000897,frb_00897,FRB,181.185027,6.055577,0.003432,1.253874,1,258.06,1.1187
sample_000898,frb_00898,FRB,791.208785,4.702599,0.004117,0.707439,0,3.23,0.13468
sample_000899,frb_00899,FRB,122.642451,11.7047,0.003145,0.793767,1,684.14,0.73925
sample_000900,frb_00900,FRB,147.618925,5.499778,0.004802,0.489223,1,136.85,0.41091
sample_000901,frb_00901,FRB,689.991028,8.042413,0.0042,0.95041,0,3.61,0.348
sample_000902,frb_00902,FRB,866.935898,5.352532,0.003481,1.478525,0,0.0,0.0
sample_000903,frb_00903,FRB,359.37127,9.141626,0.004135,0.692151,1,200.13,0.43647
sample_000904,frb_00904,FRB,242.841338,11.345571,0.00477,0.466161,1,271.14,0.13173
sample_000905,frb_00905,FRB,258.323736,7.759144,0.003885,0.413686,1,569.18,0.09241
sample_000906,frb_00906,FRB,710.018996,4.54209,0.004515,1.018615,1,146.39,0.11993
sample_000907,frb_00907,FRB,635.061472,7.811957,0.004848,1.172186,0,2.69,0.28508
sample_000908,frb_00908,FRB,160.363128,8.711648,0.004545,0.72879,1,589.96,0.50332
sample_000909,frb_00909,FRB,503.268669,10.859808,0.004741,1.403682,0,2.71,0.7825
sample_000910,frb_00910,FRB,768.412905,4.80758,0.004423,0.735566,0,2.38,0.18874
sample_000911,frb_00911,FRB,569.369877,9.126636,0.00437,0.517014,1,103.73,0.30278
sample_000912,frb_00912,FRB,468.98144,5.697796,0.004517,1.049025,1,330.49,0.6724
sample_000913,frb_00913,FRB,377.961672,11.656999,0.003504,1.017241,1,596.77,0.8808
sample_000914,frb_00914,FRB,120.74215,6.582826,0.00365,1.281587,1,202.24,1.14622
sample_000915,frb_00915,FRB,575.554557,9.878938,0.004071,1.283361,0,2.9,0.60555
sample_000916,frb_00916,FRB,342.624235,4.656498,0.004006,0.652278,1,200.05,0.48169
sample_000917,frb_00917,FRB,847.292963,7.986472,0.003986,1.218399,0,2.47,0.01278
sample_000918,frb_00918,FRB,711.695398,8.746162,0.004158,0.420208,1,308.98,0.05898
sample_000919,frb_00919,FRB,327.762615,7.344415,0.004452,1.099502,1,166.82,0.98304
sample_000920,frb_00920,FRB,720.18614,10.412724,0.004094,1.433387,0,2.83,0.33718
sample_000921,frb_00921,FRB,740.495196,11.840312,0.004935,1.115528,0,4.09,0.03146
sample_000922,frb_00922,FRB,267.287785,4.889811,0.00325,0.459277,1,248.44,0.32637
sample_000923,frb_00923,FRB,798.566662,7.762917,0.0037,0.684116,0,3.03,0.03244
sample_000924,frb_00924,FRB,491.013845,6.819244,0.003608,0.581423,1,72.72,0.30474
sample_000925,frb_00925,FRB,403.493823,7.98844,0.003748,1.466554,0,3.14,0.9909
sample_000926,frb_00926,FRB,838.826729,6.464853,0.003278,0.987882,0,2.82,0.04522
sample_000927,frb_00927,FRB,672.763694,4.065637,0.004175,0.632029,0,3.84,0.232
sample_000928,frb_00928,FRB,314.343797,5.378996,0.003976,1.615409,0,2.97,0.88965
sample_000929,frb_00929,FRB,249.543253,6.866631,0.004028,0.65608,1,238.71,0.3303
sample_000930,frb_00930,FRB,622.562451,6.994615,0.003166,1.645651,0,3.25,0.34996
sample_000931,frb_00931,FRB,203.228974,10.733021,0.004868,0.798581,1,354.67,0.73335
sample_000932,frb_00932,FRB,798.03906,4.237696,0.004107,0.852246,0,2.82,0.15041
sample_000933,frb_00933,FRB,169.699658,5.99254,0.004665,1.560932,1,347.69,1.50209
sample_000934,frb_00934,FRB,894.742511,9.329129,0.004615,0.665694,0,0.0,0.0
sample_000935,frb_00935,FRB,738.214629,11.118558,0.003171,0.47149,0,3.61,0.06095
sample_000936,frb_00936,FRB,653.122313,7.887629,0.004872,0.506221,1,261.65,0.30278
sample_000937,frb_00937,FRB,196.514154,10.91429,0.003966,0.536984,1,680.72,0.48366
sample_000938,frb_00938,FRB,337.725509,7.046812,0.003344,1.581065,0,3.33,0.0118
sample_000939,frb_00939,FRB,663.304109,7.167906,0.004723,0.610072,1,87.21,0.26739
sample_000940,frb_00940,FRB,777.785375,5.022241,0.004441,1.52156,0,3.2,0.07274
sample_000941,frb_00941,FRB,832.872902,8.752531,0.004047,0.960866,0,2.34,0.06685
sample_000942,frb_00942,FRB,647.941894,4.304983,0.00391,1.295434,0,3.59,0.11993
sample_000943,frb_00943,FRB,495.43688,10.300004,0.003464,0.75846,1,114.98,0.36176
sample_000944,frb_00944,FRB,216.31745,5.458117,0.00405,0.628638,1,293.65,0.54657
sample_000945,frb_00945,FRB,321.389781,7.000808,0.003687,0.506861,1,169.34,0.26739
sample_000946,frb_00946,FRB,163.288642,5.357188,0.004154,1.529275,1,150.74,1.28975
sample_000947,frb_00947,FRB,284.262558,5.966153,0.003447,0.570509,1,108.2,0.47186
sample_000948,frb_00948,FRB,245.957066,11.266381,0.004713,0.804805,1,308.33,0.62915
sample_000949,frb_00949,FRB,227.214381,5.806009,0.003846,1.456775,1,156.65,1.26026
sample_000950,frb_00950,FRB,300.955596,6.934674,0.003608,0.580585,1,112.52,0.36372
sample_000951,frb_00951,FRB,423.119897,10.888012,0.003284,0.482636,1,253.76,0.29098
sample_000952,frb_00952,FRB,474.33543,9.301226,0.003493,0.686649,1,634.6,0.10617
sample_000953,frb_00953,FRB,802.538237,10.133212,0.003571,0.381885,0,2.71,0.04325
sample_000954,frb_00954,FRB,488.96118,4.750442,0.003799,1.623844,0,3.52,0.3765
sample_000955,frb_00955,FRB,699.844657,4.938185,0.004569,1.492153,0,3.22,0.28705
sample_000956,frb_00956,FRB,480.744389,10.980675,0.004365,0.461227,0,3.22,0.8926
sample_000957,frb_00957,FRB,653.712088,10.824002,0.003346,0.367732,0,3.15,0.26149
sample_000958,frb_00958,FRB,729.348932,6.891782,0.003219,0.648968,0,2.83,0.30671
sample_000959,frb_00959,FRB,779.685146,4.234309,0.004276,0.390015,1,85.12,0.05898
sample_000960,frb_00960,FRB,595.32432,4.757796,0.003582,0.352664,0,2.79,0.23593
sample_000961,frb_00961,FRB,891.115684,11.110205,0.005,0.76749,0,0.0,0.0
sample_000962,frb_00962,FRB,610.25647,7.046832,0.004855,0.517165,1,299.31,0.32637
sample_000963,frb_00963,FRB,676.482539,4.148273,0.004591,1.398653,0,2.97,0.15925
sample_000964,frb_00964,FRB,370.842182,9.536328,0.003286,1.185657,1,281.16,0.91226
sample_000965,frb_00965,FRB,496.195763,4.50141,0.004727,0.474844,0,2.68,0.68813
sample_000966,frb_00966,FRB,784.293813,8.709069,0.003868,0.713986,0,3.41,0.1042
sample_000967,frb_00967,FRB,169.925942,10.352388,0.003416,1.218572,1,478.86,1.07938
sample_000968,frb_00968,FRB,884.661084,5.107259,0.003561,0.835406,0,0.0,0.0
sample_000969,frb_00969,FRB,719.626685,9.733909,0.003942,1.561186,0,3.24,0.15925
sample_000970,frb_00970,FRB,230.848374,4.589638,0.004799,0.539068,1,432.76,0.41484
sample_000971,frb_00971,FRB,501.384253,11.552364,0.003675,0.803042,1,998.03,0.44827
sample_000972,frb_00972,FRB,297.427759,5.412735,0.003685,1.183223,1,362.03,1.05775
sample_000973,frb_00973,FRB,513.298684,6.166874,0.003429,0.469252,0,3.48,0.73138
sample_000974,frb_00974,FRB,497.264598,7.079042,0.003546,1.165496,0,10.66,0.85819
sample_000975,frb_00975,FRB,636.626624,7.010809,0.003088,1.457548,0,3.43,0.3185
sample_000976,frb_00976,FRB,766.91077,8.675511,0.003612,1.602379,0,3.35,0.05505
sample_000977,frb_00977,FRB,234.390711,4.06348,0.003237,1.393744,1,67.88,1.24846
sample_000978,frb_00978,FRB,194.741436,6.551208,0.004144,0.36506,1,405.59,0.21627
sample_000979,frb_00979,FRB,765.651072,6.20636,0.004657,1.636917,0,3.52,0.07373
sample_000980,frb_00980,FRB,787.357561,8.58906,0.004455,0.4719,0,3.6,0.12583
sample_000981,frb_00981,FRB,234.631251,8.327179,0.003064,1.450823,1,128.9,1.24846
sample_000982,frb_00982,FRB,841.748251,4.605386,0.003005,0.941612,0,3.27,0.05603
sample_000983,frb_00983,FRB,617.859076,11.235522,0.004427,1.568569,0,2.96,0.3942
sample_000984,frb_00984,FRB,170.365381,7.62598,0.00391,0.581372,1,419.57,0.50528
sample_000985,frb_00985,FRB,150.813849,5.46759,0.003512,0.499893,1,176.32,0.34013
sample_000986,frb_00986,FRB,144.811742,6.383335,0.004601,0.954251,1,383.53,0.86508
sample_000987,frb_00987,FRB,210.739559,9.819643,0.003399,1.003494,1,177.93,0.70386
sample_000988,frb_00988,FRB,636.139635,5.066785,0.004241,1.255882,0,3.62,0.35979
sample_000989,frb_00989,FRB,424.437789,7.117708,0.004391,1.165361,0,30.72,1.01843
sample_000990,frb_00990,FRB,660.158877,11.301517,0.004965,1.407826,0,2.77,0.07668
sample_000991,frb_00991,FRB,856.271198,5.03735,0.004531,0.479143,0,2.56,0.01278
sample_000992,frb_00992,FRB,376.450459,9.682252,0.00337,0.357264,0,3.37,0.57311
sample_000993,frb_00993,FRB,757.593887,11.046631,0.003213,1.251084,0,3.45,0.24576
sample_000994,frb_00994,FRB,340.495861,9.938933,0.003725,1.117868,1,191.1,0.61735
sample_000995,frb_00995,FRB,497.112223,9.974246,0.003264,0.394316,1,143.32,0.07274
sample_000996,frb_00996,FRB,182.919195,4.760899,0.00444,1.070712,1,384.02,0.85131
sample_000997,frb_00997,FRB,886.607043,8.018447,0.003814,0.658933,0,0.0,0.0
sample_000998,frb_00998,FRB,221.418198,10.124466,0.003074,0.755823,1,595.55,0.48759
sample_000999,frb_00999,FRB,611.889455,7.939708,0.004573,0.464375,0,3.84,0.30867
sample_001000,rfi_00000,RFI,,,,,,6.34,0.13763
sample_001001,rfi_00001,RFI,,,,,,17.04,0.49349
sample_001002,rfi_00002,RFI,,,,,,3.65,0.74809
sample_001003,rfi_00003,RFI,,,,,,4.92,1.08921
sample_001004,rfi_00004,RFI,,,,,,1.71,0.78152
sample_001005,rfi_00005,RFI,,,,,,4.58,0.80806
sample_001006,rfi_00006,RFI,,,,,,297.01,0.1219
sample_001007,rfi_00007,RFI,,,,,,5.17,0.02556
sample_001008,rfi_00008,RFI,,,,,,5.36,1.06955
sample_001009,rfi_00009,RFI,,,,,,4.36,0.04129
sample_001010,rfi_00010,RFI,,,,,,4.56,1.09904
sample_001011,rfi_00011,RFI,,,,,,4.85,0.76481
sample_001012,rfi_00012,RFI,,,,,,152.21,0.93585
sample_001013,rfi_00013,RFI,,,,,,8.49,0.01769
sample_001014,rfi_00014,RFI,,,,,,3.95,0.7884
sample_001015,rfi_00015,RFI,,,,,,3.28,1.09806
sample_001016,rfi_00016,RFI,,,,,,131.86,0.78447
sample_001017,rfi_00017,RFI,,,,,,2.11,0.01376
sample_001018,rfi_00018,RFI,,,,,,1.7,0.34603
sample_001019,rfi_00019,RFI,,,,,,4.34,0.54264
sample_001020,rfi_00020,RFI,,,,,,1.86,0.3185
sample_001021,rfi_00021,RFI,,,,,,18.59,1.75374
sample_001022,rfi_00022,RFI,,,,,,3.86,1.04497
sample_001023,rfi_00023,RFI,,,,,,4.04,0.31457
sample_001024,rfi_00024,RFI,,,,,,5.93,0.03146
sample_001025,rfi_00025,RFI,,,,,,37.75,0.72745
sample_001026,rfi_00026,RFI,,,,,,4.05,0.30278
sample_001027,rfi_00027,RFI,,,,,,5.26,1.19931
sample_001028,rfi_00028,RFI,,,,,,3.46,0.54362
sample_001029,rfi_00029,RFI,,,,,,4.11,0.70582
sample_001030,rfi_00030,RFI,,,,,,4.45,0.83067
sample_001031,rfi_00031,RFI,,,,,,3.33,0.30376
sample_001032,rfi_00032,RFI,,,,,,4.85,1.22782
sample_001033,rfi_00033,RFI,,,,,,4.11,0.74908
sample_001034,rfi_00034,RFI,,,,,,5.56,0.47579
sample_001035,rfi_00035,RFI,,,,,,5.85,1.48832
sample_001036,rfi_00036,RFI,,,,,,2.46,0.99779
sample_001037,rfi_00037,RFI,,,,,,3.99,1.13639
sample_001038,rfi_00038,RFI,,,,,,3.96,0.88769
sample_001039,rfi_00039,RFI,,,,,,3.74,0.46891
sample_001040,rfi_00040,RFI,,,,,,3.96,0.13566
sample_001041,rfi_00041,RFI,,,,,,174.54,0.66847
sample_001042,rfi_00042,RFI,,,,,,4.64,1.72032
sample_001043,rfi_00043,RFI,,,,,,144.52,0.09634
sample_001044,rfi_00044,RFI,,,,,,262.02,0.58982
sample_001045,rfi_00045,RFI,,,,,,5.4,0.28508
sample_001046,rfi_00046,RFI,,,,,,32.79,0.56721
sample_001047,rfi_00047,RFI,,,,,,4.74,0.87884
sample_001048,rfi_00048,RFI,,,,,,61.48,0.39518
sample_001049,rfi_00049,RFI,,,,,,3.93,0.68518
sample_001050,rfi_00050,RFI,,,,,,5.37,0.64487
sample_001051,rfi_00051,RFI,,,,,,4.46,0.36372
sample_001052,rfi_00052,RFI,,,,,,69.46,0.63799
sample_001053,rfi_00053,RFI,,,,,,4.14,0.8464
sample_001054,rfi_00054,RFI,,,,,,4.07,0.18973
sample_001055,rfi_00055,RFI,,,,,,4.3,0.11207
sample_001056,rfi_00056,RFI,,,,,,3.96,0.99779
sample_001057,rfi_00057,RFI,,,,,,4.21,0.20054
sample_001058,rfi_00058,RFI,,,,,,3.72,0.75006
sample_001059,rfi_00059,RFI,,,,,,3.92,0.70779
sample_001060,rfi_00060,RFI,,,,,,2.71,1.15016
sample_001061,rfi_00061,RFI,,,,,,6.48,0.23396
sample_001062,rfi_00062,RFI,,,,,,1.34,1.46473
sample_001063,rfi_00063,RFI,,,,,,28.0,0.95453
sample_001064,rfi_00064,RFI,,,,,,5.06,0.5505
sample_001065,rfi_00065,RFI,,,,,,62.33,0.42861
sample_001066,rfi_00066,RFI,,,,,,299.61,0.85721
sample_001067,rfi_00067,RFI,,,,,,5.24,1.07545
sample_001068,rfi_00068,RFI,,,,,,4.27,0.52593
sample_001069,rfi_00069,RFI,,,,,,9.42,0.75891
sample_001070,rfi_00070,RFI,,,,,,5.09,1.45981
sample_001071,rfi_00071,RFI,,,,,,2.23,0.97616
sample_001072,rfi_00072,RFI,,,,,,4.12,1.26517
sample_001073,rfi_00073,RFI,,,,,,4.22,0.62718
sample_001074,rfi_00074,RFI,,,,,,4.49,1.43327
sample_001075,rfi_00075,RFI,,,,,,5.59,0.01376
sample_001076,rfi_00076,RFI,,,,,,755.79,0.62128
sample_001077,rfi_00077,RFI,,,,,,4.18,0.87982
sample_001078,rfi_00078,RFI,,,,,,3.78,0.75891
sample_001079,rfi_00079,RFI,,,,,,4.17,0.28017
sample_001080,rfi_00080,RFI,,,,,,4.38,0.24576
sample_001081,rfi_00081,RFI,,,,,,152.46,0.75497
sample_001082,rfi_00082,RFI,,,,,,5.55,1.41165
sample_001083,rfi_00083,RFI,,,,,,4.18,0.87294
sample_001084,rfi_00084,RFI,,,,,,322.45,0.7766
sample_001085,rfi_00085,RFI,,,,,,3.72,0.97616
sample_001086,rfi_00086,RFI,,,,,,8.47,0.11796
sample_001087,rfi_00087,RFI,,,,,,4.62,0.87687
sample_001088,rfi_00088,RFI,,,,,,1.36,0.4522
sample_001089,rfi_00089,RFI,,,,,,256.98,0.67437
sample_001090,rfi_00090,RFI,,,,,,18.62,0.97911
sample_001091,rfi_00091,RFI,,,,,,7.0,1.48636
sample_001092,rfi_00092,RFI,,,,,,1.47,0.24576
sample_001093,rfi_00093,RFI,,,,,,4.31,0.29688
sample_001094,rfi_00094,RFI,,,,,,4.06,0.39027
sample_001095,rfi_00095,RFI,,,,,,136.75,0.46989
sample_001096,rfi_00096,RFI,,,,,,4.75,0.20054
sample_001097,rfi_00097,RFI,,,,,,3.04,1.59941
sample_001098,rfi_00098,RFI,,,,,,8.09,1.22094
sample_001099,rfi_00099,RFI,,,,,,36.85,1.50602
sample_001100,rfi_00100,RFI,,,,,,3.43,0.76284
sample_001101,rfi_00101,RFI,,,,,,4.68,1.02728
sample_001102,rfi_00102,RFI,,,,,,2.59,0.02458
sample_001103,rfi_00103,RFI,,,,,,282.28,0.53674
sample_001104,rfi_00104,RFI,,,,,,4.37,0.65864
sample_001105,rfi_00105,RFI,,,,,,12.39,0.21234
sample_001106,rfi_00106,RFI,,,,,,4.47,1.34676
sample_001107,rfi_00107,RFI,,,,,,5.2,0.35095
sample_001108,rfi_00108,RFI,,,,,,223.18,0.81592
sample_001109,rfi_00109,RFI,,,,,,170.43,0.79626
sample_001110,rfi_00110,RFI,,,,,,2.0,0.34308
sample_001111,rfi_00111,RFI,,,,,,2.7,0.10715
sample_001112,rfi_00112,RFI,,,,,,4.35,0.37356
sample_001113,rfi_00113,RFI,,,,,,3.37,0.47972
sample_001114,rfi_00114,RFI,,,,,,4.23,0.49742
sample_001115,rfi_00115,RFI,,,,,,573.91,1.11084
sample_001116,rfi_00116,RFI,,,,,,2.0,0.75203
sample_001117,rfi_00117,RFI,,,,,,2.15,0.68911
sample_001118,rfi_00118,RFI,,,,,,1.17,0.11207
sample_001119,rfi_00119,RFI,,,,,,4.14,0.29098
sample_001120,rfi_00120,RFI,,,,,,3.83,0.05997
sample_001121,rfi_00121,RFI,,,,,,4.31,0.19562
sample_001122,rfi_00122,RFI,,,,,,499.49,0.94372
sample_001123,rfi_00123,RFI,,,,,,4.9,1.52371
sample_001124,rfi_00124,RFI,,,,,,3.93,0.79233
sample_001125,rfi_00125,RFI,,,,,,4.37,0.62423
sample_001126,rfi_00126,RFI,,,,,,4.32,0.41189
sample_001127,rfi_00127,RFI,,,,,,4.04,0.34996
sample_001128,rfi_00128,RFI,,,,,,4.11,1.13246
sample_001129,rfi_00129,RFI,,,,,,3.98,0.65667
sample_001130,rfi_00130,RFI,,,,,,3.98,1.20127
sample_001131,rfi_00131,RFI,,,,,,4.04,0.58884
sample_001132,rfi_00132,RFI,,,,,,5.06,0.32735
sample_001133,rfi_00133,RFI,,,,,,26.92,1.5532
sample_001134,rfi_00134,RFI,,,,,,227.65,0.91226
sample_001135,rfi_00135,RFI,,,,,,5.61,1.38117
sample_001136,rfi_00136,RFI,,,,,,3.91,0.4866
sample_001137,rfi_00137,RFI,,,,,,3.89,0.25657
sample_001138,rfi_00138,RFI,,,,,,5.83,0.7186
sample_001139,rfi_00139,RFI,,,,,,4.82,0.62521
sample_001140,rfi_00140,RFI,,,,,,4.22,0.77955
sample_001141,rfi_00141,RFI,,,,,,3.84,0.1622
sample_001142,rfi_00142,RFI,,,,,,2.84,1.49619
sample_001143,rfi_00143,RFI,,,,,,40.41,0.66355
sample_001144,rfi_00144,RFI,,,,,,9.52,0.09241
sample_001145,rfi_00145,RFI,,,,,,5.13,0.43844
sample_001146,rfi_00146,RFI,,,,,,4.21,0.82182
sample_001147,rfi_00147,RFI,,,,,,4.19,0.59081
sample_001148,rfi_00148,RFI,,,,,,4.13,0.52298
sample_001149,rfi_00149,RFI,,,,,,9.77,0.62718
sample_001150,rfi_00150,RFI,,,,,,3.96,1.28778
sample_001151,rfi_00151,RFI,,,,,,5.5,1.07545
sample_001152,rfi_00152,RFI,,,,,,375.24,0.81396
sample_001153,rfi_00153,RFI,,,,,,5.73,0.08651
sample_001154,rfi_00154,RFI,,,,,,215.78,1.12656
sample_001155,rfi_00155,RFI,,,,,,241.87,0.70779
sample_001156,rfi_00156,RFI,,,,,,2.66,0.52101
sample_001157,rfi_00157,RFI,,,,,,2.43,0.4925
sample_001158,rfi_00158,RFI,,,,,,4.27,0.22512
sample_001159,rfi_00159,RFI,,,,,,90.42,0.5446
sample_001160,rfi_00160,RFI,,,,,,4.5,0.54952
sample_001161,rfi_00161,RFI,,,,,,3.98,1.14721
sample_001162,rfi_00162,RFI,,,,,,3.69,1.32612
sample_001163,rfi_00163,RFI,,,,,,3.76,0.34308
sample_001164,rfi_00164,RFI,,,,,,107.65,0.63308
sample_001165,rfi_00165,RFI,,,,,,4.16,0.74711
sample_001166,rfi_00166,RFI,,,,,,325.93,0.93585
sample_001167,rfi_00167,RFI,,,,,,3.64,0.1042
sample_001168,rfi_00168,RFI,,,,,,5.25,1.44703
sample_001169,rfi_00169,RFI,,,,,,90.93,0.38928
sample_001170,rfi_00170,RFI,,,,,,4.35,0.5623
sample_001171,rfi_00171,RFI,,,,,,211.57,0.4404
sample_001172,rfi_00172,RFI,,,,,,1.38,0.5505
sample_001173,rfi_00173,RFI,,,,,,363.64,0.51511
sample_001174,rfi_00174,RFI,,,,,,233.48,0.74514
sample_001175,rfi_00175,RFI,,,,,,184.19,0.8867
sample_001176,rfi_00176,RFI,,,,,,4.18,1.15114
sample_001177,rfi_00177,RFI,,,,,,88.66,0.76579
sample_001178,rfi_00178,RFI,,,,,,4.28,1.22585
sample_001179,rfi_00179,RFI,,,,,,4.08,0.3942
sample_001180,rfi_00180,RFI,,,,,,4.48,0.47677
sample_001181,rfi_00181,RFI,,,,,,4.9,0.05505
sample_001182,rfi_00182,RFI,,,,,,4.47,0.16712
sample_001183,rfi_00183,RFI,,,,,,4.18,0.25264
sample_001184,rfi_00184,RFI,,,,,,199.79,0.93782
sample_001185,rfi_00185,RFI,,,,,,8.04,1.63185
sample_001186,rfi_00186,RFI,,,,,,5.23,1.00073
sample_001187,rfi_00187,RFI,,,,,,4.3,0.02359
sample_001188,rfi_00188,RFI,,,,,,4.72,0.03342
sample_001189,rfi_00189,RFI,,,,,,4.27,1.28483
sample_001190,rfi_00190,RFI,,,,,,4.2,0.51708
sample_001191,rfi_00191,RFI,,,,,,21.08,1.05284
sample_001192,rfi_00192,RFI,,,,,,4.69,1.5247
sample_001193,rfi_00193,RFI,,,,,,4.14,1.71246
sample_001194,rfi_00194,RFI,,,,,,4.99,0.61342
sample_001195,rfi_00195,RFI,,,,,,4.36,0.03342
sample_001196,rfi_00196,RFI,,,,,,5.08,1.0086
sample_001197,rfi_00197,RFI,,,,,,7.36,0.00885
sample_001198,rfi_00198,RFI,,,,,,3.16,0.59277
sample_001199,rfi_00199,RFI,,,,,,4.16,0.96338
sample_001200,rfi_00200,RFI,,,,,,6.32,1.17965
sample_001201,rfi_00201,RFI,,,,,,22.81,1.73801
sample_001202,rfi_00202,RFI,,,,,,4.03,0.42861
sample_001203,rfi_00203,RFI,,,,,,4.23,1.13541
sample_001204,rfi_00204,RFI,,,,,,3.73,0.63799
sample_001205,rfi_00205,RFI,,,,,,4.51,0.19956
sample_001206,rfi_00206,RFI,,,,,,125.64,0.49938
sample_001207,rfi_00207,RFI,,,,,,4.16,0.49349
sample_001208,rfi_00208,RFI,,,,,,4.03,0.46006
sample_001209,rfi_00209,RFI,,,,,,5.71,0.93684
sample_001210,rfi_00210,RFI,,,,,,3.52,0.08356
sample_001211,rfi_00211,RFI,,,,,,4.32,0.0983
sample_001212,rfi_00212,RFI,,,,,,56.21,0.42172
sample_001213,rfi_00213,RFI,,,,,,5.37,0.32735
sample_001214,rfi_00214,RFI,,,,,,5.0,1.10494
sample_001215,rfi_00215,RFI,,,,,,4.01,0.72352
sample_001216,rfi_00216,RFI,,,,,,5.08,0.11403
sample_001217,rfi_00217,RFI,,,,,,10.21,0.51905
sample_001218,rfi_00218,RFI,,,,,,5.5,0.90341
sample_001219,rfi_00219,RFI,,,,,,4.48,0.31752
sample_001220,rfi_00220,RFI,,,,,,3.59,0.57901
sample_001221,rfi_00221,RFI,,,,,,2.25,0.85328
sample_001222,rfi_00222,RFI,,,,,,1.83,0.9447
sample_001223,rfi_00223,RFI,,,,,,4.26,0.10813
sample_001224,rfi_00224,RFI,,,,,,4.15,0.89358
sample_001225,rfi_00225,RFI,,,,,,23.0,0.83165
sample_001226,rfi_00226,RFI,,,,,,4.48,0.37257
sample_001227,rfi_00227,RFI,,,,,,1.59,1.46473
sample_001228,rfi_00228,RFI,,,,,,3.9,0.5564
sample_001229,rfi_00229,RFI,,,,,,59.29,1.30941
sample_001230,rfi_00230,RFI,,,,,,4.29,0.5564
sample_001231,rfi_00231,RFI,,,,,,20.63,0.00393
sample_001232,rfi_00232,RFI,,,,,,4.25,1.61907
sample_001233,rfi_00233,RFI,,,,,,4.24,0.29098
sample_001234,rfi_00234,RFI,,,,,,14.67,0.75203
sample_001235,rfi_00235,RFI,,,,,,1.26,0.41386
sample_001236,rfi_00236,RFI,,,,,,4.74,1.11575
sample_001237,rfi_00237,RFI,,,,,,24.91,1.46866
sample_001238,rfi_00238,RFI,,,,,,5.47,0.42566
sample_001239,rfi_00239,RFI,,,,,,5.37,0.41681
sample_001240,rfi_00240,RFI,,,,,,4.23,0.72057
sample_001241,rfi_00241,RFI,,,,,,4.56,1.4549
sample_001242,rfi_00242,RFI,,,,,,4.44,1.27009
sample_001243,rfi_00243,RFI,,,,,,8.09,0.06488
sample_001244,rfi_00244,RFI,,,,,,5.04,0.38339
sample_001245,rfi_00245,RFI,,,,,,1.97,1.34676
sample_001246,rfi_00246,RFI,,,,,,4.03,0.68714
sample_001247,rfi_00247,RFI,,,,,,710.14,0.58393
sample_001248,rfi_00248,RFI,,,,,,1.94,1.03514
sample_001249,rfi_00249,RFI,,,,,,4.45,0.07668
sample_001250,rfi_00250,RFI,,,,,,4.47,0.03146
sample_001251,rfi_00251,RFI,,,,,,3.95,1.21405
sample_001252,rfi_00252,RFI,,,,,,5.5,1.73801
sample_001253,rfi_00253,RFI,,,,,,4.15,0.41878
sample_001254,rfi_00254,RFI,,,,,,4.35,0.48759
sample_001255,rfi_00255,RFI,,,,,,4.48,0.57999
sample_001256,rfi_00256,RFI,,,,,,3.1,0.16613
sample_001257,rfi_00257,RFI,,,,,,4.12,0.78643
sample_001258,rfi_00258,RFI,,,,,,4.57,0.02753
sample_001259,rfi_00259,RFI,,,,,,3.94,0.69698
sample_001260,rfi_00260,RFI,,,,,,3.91,1.0204
sample_001261,rfi_00261,RFI,,,,,,3.55,0.54264
sample_001262,rfi_00262,RFI,,,,,,4.76,0.34013
sample_001263,rfi_00263,RFI,,,,,,146.79,1.44802
sample_001264,rfi_00264,RFI,,,,,,4.44,0.85131
sample_001265,rfi_00265,RFI,,,,,,4.41,0.49349
sample_001266,rfi_00266,RFI,,,,,,4.39,0.05308
sample_001267,rfi_00267,RFI,,,,,,5.61,0.81986
sample_001268,rfi_00268,RFI,,,,,,4.12,0.37356
sample_001269,rfi_00269,RFI,,,,,,1.16,0.34996
sample_001270,rfi_00270,RFI,,,,,,4.21,0.1278
sample_001271,rfi_00271,RFI,,,,,,23.15,1.04399
sample_001272,rfi_00272,RFI,,,,,,4.04,1.27894
sample_001273,rfi_00273,RFI,,,,,,232.21,0.91226
sample_001274,rfi_00274,RFI,,,,,,3.99,0.72843
sample_001275,rfi_00275,RFI,,,,,,3.99,1.52863
sample_001276,rfi_00276,RFI,,,,,,4.13,0.86999
sample_001277,rfi_00277,RFI,,,,,,1.34,0.33325
sample_001278,rfi_00278,RFI,,,,,,68.21,1.38707
sample_001279,rfi_00279,RFI,,,,,,4.23,0.07078
sample_001280,rfi_00280,RFI,,,,,,4.96,0.49938
sample_001281,rfi_00281,RFI,,,,,,393.92,0.5564
sample_001282,rfi_00282,RFI,,,,,,32.33,1.62398
sample_001283,rfi_00283,RFI,,,,,,4.49,0.61735
sample_001284,rfi_00284,RFI,,,,,,5.6,1.73408
sample_001285,rfi_00285,RFI,,,,,,4.5,0.29295
sample_001286,rfi_00286,RFI,,,,,,3.96,0.49644
sample_001287,rfi_00287,RFI,,,,,,4.04,0.08454
sample_001288,rfi_00288,RFI,,,,,,4.47,0.11993
sample_001289,rfi_00289,RFI,,,,,,4.11,0.81691
sample_001290,rfi_00290,RFI,,,,,,4.74,0.37356
sample_001291,rfi_00291,RFI,,,,,,4.31,1.47358
sample_001292,rfi_00292,RFI,,,,,,4.15,0.0983
sample_001293,rfi_00293,RFI,,,,,,12.12,1.71737
sample_001294,rfi_00294,RFI,,,,,,4.22,1.12656
sample_001295,rfi_00295,RFI,,,,,,4.21,0.69403
sample_001296,rfi_00296,RFI,,,,,,2.76,1.48439
sample_001297,rfi_00297,RFI,,,,,,2.51,0.20644
sample_001298,rfi_00298,RFI,,,,,,4.28,0.14746
sample_001299,rfi_00299,RFI,,,,,,4.41,1.0204
sample_001300,rfi_00300,RFI,,,,,,5.75,0.62325
sample_001301,rfi_00301,RFI,,,,,,3.89,0.33522
sample_001302,rfi_00302,RFI,,,,,,186.45,1.1305
sample_001303,rfi_00303,RFI,,,,,,26.31,0.35684
sample_001304,rfi_00304,RFI,,,,,,263.61,0.86901
sample_001305,rfi_00305,RFI,,,,,,3.8,0.7884
sample_001306,rfi_00306,RFI,,,,,,68.9,1.03907
sample_001307,rfi_00307,RFI,,,,,,4.17,0.56426
sample_001308,rfi_00308,RFI,,,,,,4.08,1.2229
sample_001309,rfi_00309,RFI,,,,,,242.04,0.82772
sample_001310,rfi_00310,RFI,,,,,,9.86,0.13173
sample_001311,rfi_00311,RFI,,,,,,4.58,0.63898
sample_001312,rfi_00312,RFI,,,,,,4.18,0.55738
sample_001313,rfi_00313,RFI,,,,,,7.83,1.75276
sample_001314,rfi_00314,RFI,,,,,,3.69,0.30081
sample_001315,rfi_00315,RFI,,,,,,3.1,0.81494
sample_001316,rfi_00316,RFI,,,,,,4.41,0.27525
sample_001317,rfi_00317,RFI,,,,,,1.5,0.4925
sample_001318,rfi_00318,RFI,,,,,,4.48,1.58073
sample_001319,rfi_00319,RFI,,,,,,3.97,0.97812
sample_001320,rfi_00320,RFI,,,,,,5.22,0.03342
sample_001321,rfi_00321,RFI,,,,,,52.74,0.21529
sample_001322,rfi_00322,RFI,,,,,,65.38,1.00368
sample_001323,rfi_00323,RFI,,,,,,3.69,0.76874
sample_001324,rfi_00324,RFI,,,,,,5.76,0.18285
sample_001325,rfi_00325,RFI,,,,,,3.94,0.01081
sample_001326,rfi_00326,RFI,,,,,,2.29,0.90145
sample_001327,rfi_00327,RFI,,,,,,4.07,0.15041
sample_001328,rfi_00328,RFI,,,,,,3.67,0.43057
sample_001329,rfi_00329,RFI,,,,,,4.77,0.99779
sample_001330,rfi_00330,RFI,,,,,,4.11,0.71467
sample_001331,rfi_00331,RFI,,,,,,7.61,0.04325
sample_001332,rfi_00332,RFI,,,,,,28.23,1.50602
sample_001333,rfi_00333,RFI,,,,,,167.39,0.63308
sample_001334,rfi_00334,RFI,,,,,,3.78,1.03121
sample_001335,rfi_00335,RFI,,,,,,3.59,0.50528
sample_001336,rfi_00336,RFI,,,,,,4.5,0.73728
sample_001337,rfi_00337,RFI,,,,,,1.86,0.55738
sample_001338,rfi_00338,RFI,,,,,,3.84,0.52789
sample_001339,rfi_00339,RFI,,,,,,3.6,0.43942
sample_001340,rfi_00340,RFI,,,,,,6.72,0.43057
sample_001341,rfi_00341,RFI,,,,,,4.4,0.02753
sample_001342,rfi_00342,RFI,,,,,,4.49,0.52494
sample_001343,rfi_00343,RFI,,,,,,183.13,0.86311
sample_001344,rfi_00344,RFI,,,,,,24.03,1.72425
sample_001345,rfi_00345,RFI,,,,,,4.08,1.49029
sample_001346,rfi_00346,RFI,,,,,,374.81,0.69796
sample_001347,rfi_00347,RFI,,,,,,102.52,0.68223
sample_001348,rfi_00348,RFI,,,,,,3.91,0.13763
sample_001349,rfi_00349,RFI,,,,,,84.34,0.49349
sample_001350,rfi_00350,RFI,,,,,,4.4,0.07078
sample_001351,rfi_00351,RFI,,,,,,4.3,0.40206
sample_001352,rfi_00352,RFI,,,,,,116.64,0.85918
sample_001353,rfi_00353,RFI,,,,,,1.47,0.02753
sample_001354,rfi_00354,RFI,,,,,,3.95,1.1826
sample_001355,rfi_00355,RFI,,,,,,5.15,1.02826
sample_001356,rfi_00356,RFI,,,,,,3.43,0.38044
sample_001357,rfi_00357,RFI,,,,,,6.34,1.25239
sample_001358,rfi_00358,RFI,,,,,,1.32,1.20619
sample_001359,rfi_00359,RFI,,,,,,4.12,0.46006
sample_001360,rfi_00360,RFI,,,,,,4.26,0.31457
sample_001361,rfi_00361,RFI,,,,,,130.76,0.48169
sample_001362,rfi_00362,RFI,,,,,,2.84,0.38928
sample_001363,rfi_00363,RFI,,,,,,3.78,0.0462
sample_001364,rfi_00364,RFI,,,,,,4.0,0.75497
sample_001365,rfi_00365,RFI,,,,,,3.66,0.56623
sample_001366,rfi_00366,RFI,,,,,,4.07,0.65667
sample_001367,rfi_00367,RFI,,,,,,1.23,0.29098
sample_001368,rfi_00368,RFI,,,,,,3.78,0.39125
sample_001369,rfi_00369,RFI,,,,,,41.11,0.24183
sample_001370,rfi_00370,RFI,,,,,,177.77,0.16515
sample_001371,rfi_00371,RFI,,,,,,5.57,1.51683
sample_001372,rfi_00372,RFI,,,,,,4.29,0.69009
sample_001373,rfi_00373,RFI,,,,,,112.72,0.72155
sample_001374,rfi_00374,RFI,,,,,,224.84,0.7943
sample_001375,rfi_00375,RFI,,,,,,17.37,0.22905
sample_001376,rfi_00376,RFI,,,,,,3.68,0.42369
sample_001377,rfi_00377,RFI,,,,,,399.24,1.05972
sample_001378,rfi_00378,RFI,,,,,,480.93,0.76481
sample_001379,rfi_00379,RFI,,,,,,76.85,0.65274
sample_001380,rfi_00380,RFI,,,,,,3.6,1.16392
sample_001381,rfi_00381,RFI,,,,,,1.42,0.1681
sample_001382,rfi_00382,RFI,,,,,,4.32,0.96141
sample_001383,rfi_00383,RFI,,,,,,6.37,0.84247
sample_001384,rfi_00384,RFI,,,,,,1.87,0.1101
sample_001385,rfi_00385,RFI,,,,,,4.57,0.69206
sample_001386,rfi_00386,RFI,,,,,,4.08,0.76972
sample_001387,rfi_00387,RFI,,,,,,4.58,0.29491
sample_001388,rfi_00388,RFI,,,,,,94.5,0.66454
sample_001389,rfi_00389,RFI,,,,,,3.81,1.275
sample_001390,rfi_00390,RFI,,,,,,3.23,0.89162
sample_001391,rfi_00391,RFI,,,,,,4.32,0.03637
sample_001392,rfi_00392,RFI,,,,,,210.14,0.80216
sample_001393,rfi_00393,RFI,,,,,,19.71,0.05308
sample_001394,rfi_00394,RFI,,,,,,1.76,1.48537
sample_001395,rfi_00395,RFI,,,,,,5.09,0.64684
sample_001396,rfi_00396,RFI,,,,,,4.26,0.41091
sample_001397,rfi_00397,RFI,,,,,,4.31,0.75104
sample_001398,rfi_00398,RFI,,,,,,6.16,0.10027
sample_001399,rfi_00399,RFI,,,,,,2.57,0.50037
sample_001400,rfi_00400,RFI,,,,,,3.9,0.14156
sample_001401,rfi_00401,RFI,,,,,,4.0,0.54362
sample_001402,rfi_00402,RFI,,,,,,183.89,0.63701
sample_001403,rfi_00403,RFI,,,,,,5.54,1.15016
sample_001404,rfi_00404,RFI,,,,,,202.25,1.04595
sample_001405,rfi_00405,RFI,,,,,,4.27,0.3362
sample_001406,rfi_00406,RFI,,,,,,101.89,1.08528
sample_001407,rfi_00407,RFI,,,,,,12.18,0.85819
sample_001408,rfi_00408,RFI,,,,,,4.34,0.89457
sample_001409,rfi_00409,RFI,,,,,,3.96,0.31949
sample_001410,rfi_00410,RFI,,,,,,4.5,0.68125
sample_001411,rfi_00411,RFI,,,,,,6.68,0.34308
sample_001412,rfi_00412,RFI,,,,,,1.71,0.73925
sample_001413,rfi_00413,RFI,,,,,,68.39,0.28508
sample_001414,rfi_00414,RFI,,,,,,3.2,0.4925
sample_001415,rfi_00415,RFI,,,,,,9.24,0.21823
sample_001416,rfi_00416,RFI,,,,,,4.96,1.38215
sample_001417,rfi_00417,RFI,,,,,,3.89,0.88179
sample_001418,rfi_00418,RFI,,,,,,4.29,0.2261
sample_001419,rfi_00419,RFI,,,,,,4.42,0.74613
sample_001420,rfi_00420,RFI,,,,,,5.24,0.12681
sample_001421,rfi_00421,RFI,,,,,,4.71,0.10813
sample_001422,rfi_00422,RFI,,,,,,196.92,0.58196
sample_001423,rfi_00423,RFI,,,,,,78.59,0.64487
sample_001424,rfi_00424,RFI,,,,,,3.71,1.12951
sample_001425,rfi_00425,RFI,,,,,,2.75,1.50307
sample_001426,rfi_00426,RFI,,,,,,4.28,0.75596
sample_001427,rfi_00427,RFI,,,,,,3.62,1.14229
sample_001428,rfi_00428,RFI,,,,,,13.54,0.26935
sample_001429,rfi_00429,RFI,,,,,,4.17,0.06685
sample_001430,rfi_00430,RFI,,,,,,5.84,1.39198
sample_001431,rfi_00431,RFI,,,,,,4.5,0.09339
sample_001432,rfi_00432,RFI,,,,,,4.23,0.82575
sample_001433,rfi_00433,RFI,,,,,,4.26,0.06881
sample_001434,rfi_00434,RFI,,,,,,2.42,1.52863
sample_001435,rfi_00435,RFI,,,,,,1.48,0.28705
sample_001436,rfi_00436,RFI,,,,,,3.49,0.07569
sample_001437,rfi_00437,RFI,,,,,,4.88,1.16195
sample_001438,rfi_00438,RFI,,,,,,1.26,0.43745
sample_001439,rfi_00439,RFI,,,,,,3.88,0.30769
sample_001440,rfi_00440,RFI,,,,,,3.95,0.39715
sample_001441,rfi_00441,RFI,,,,,,3.98,0.49152
sample_001442,rfi_00442,RFI,,,,,,2.43,0.10813
sample_001443,rfi_00443,RFI,,,,,,387.72,0.63701
sample_001444,rfi_00444,RFI,,,,,,503.77,0.75301
sample_001445,rfi_00445,RFI,,,,,,1.37,0.82379
sample_001446,rfi_00446,RFI,,,,,,580.46,0.8867
sample_001447,rfi_00447,RFI,,,,,,5.12,0.82182
sample_001448,rfi_00448,RFI,,,,,,2.68,0.30474
sample_001449,rfi_00449,RFI,,,,,,4.36,0.34308
sample_001450,rfi_00450,RFI,,,,,,159.89,0.40305
sample_001451,rfi_00451,RFI,,,,,,4.91,0.19857
sample_001452,rfi_00452,RFI,,,,,,4.14,0.05702
sample_001453,rfi_00453,RFI,,,,,,3.63,0.10519
sample_001454,rfi_00454,RFI,,,,,,3.29,0.3244
sample_001455,rfi_00455,RFI,,,,,,2.53,0.17498
sample_001456,rfi_00456,RFI,,,,,,4.91,0.63701
sample_001457,rfi_00457,RFI,,,,,,4.99,0.93585
sample_001458,rfi_00458,RFI,,,,,,6.82,0.116
sample_001459,rfi_00459,RFI,,,,,,4.29,0.67142
sample_001460,rfi_00460,RFI,,,,,,10.04,0.40501
sample_001461,rfi_00461,RFI,,,,,,4.4,0.40108
sample_001462,rfi_00462,RFI,,,,,,2.52,0.08749
sample_001463,rfi_00463,RFI,,,,,,231.5,0.59179
sample_001464,rfi_00464,RFI,,,,,,3.41,0.90341
sample_001465,rfi_00465,RFI,,,,,,11.51,0.85721
sample_001466,rfi_00466,RFI,,,,,,2.23,0.40993
sample_001467,rfi_00467,RFI,,,,,,4.09,0.88769
sample_001468,rfi_00468,RFI,,,,,,2.09,0.96535
sample_001469,rfi_00469,RFI,,,,,,5.21,0.21037
sample_001470,rfi_00470,RFI,,,,,,4.34,0.34996
sample_001471,rfi_00471,RFI,,,,,,3.59,1.02531
sample_001472,rfi_00472,RFI,,,,,,160.21,0.24773
sample_001473,rfi_00473,RFI,,,,,,4.67,0.03146
sample_001474,rfi_00474,RFI,,,,,,257.79,0.52101
sample_001475,rfi_00475,RFI,,,,,,3.86,0.70975
sample_001476,rfi_00476,RFI,,,,,,5.22,1.03121
sample_001477,rfi_00477,RFI,,,,,,3.58,0.51413
sample_001478,rfi_00478,RFI,,,,,,4.05,0.24183
sample_001479,rfi_00479,RFI,,,,,,4.26,0.39125
sample_001480,rfi_00480,RFI,,,,,,5.66,0.33423
sample_001481,rfi_00481,RFI,,,,,,6.59,0.66552
sample_001482,rfi_00482,RFI,,,,,,3.84,0.45908
sample_001483,rfi_00483,RFI,,,,,,4.8,1.5129
sample_001484,rfi_00484,RFI,,,,,,4.34,0.12288
sample_001485,rfi_00485,RFI,,,,,,273.8,0.82379
sample_001486,rfi_00486,RFI,,,,,,329.68,0.96141
sample_001487,rfi_00487,RFI,,,,,,204.67,1.14229
sample_001488,rfi_00488,RFI,,,,,,1.33,0.28803
sample_001489,rfi_00489,RFI,,,,,,3.01,0.53772
sample_001490,rfi_00490,RFI,,,,,,4.02,0.64487
sample_001491,rfi_00491,RFI,,,,,,3.66,0.53969
sample_001492,rfi_00492,RFI,,,,,,5.13,0.40796
sample_001493,rfi_00493,RFI,,,,,,8.54,1.11378
sample_001494,rfi_00494,RFI,,,,,,9.61,0.53084
sample_001495,rfi_00495,RFI,,,,,,4.56,0.7825
sample_001496,rfi_00496,RFI,,,,,,4.59,0.80413
sample_001497,rfi_00497,RFI,,,,,,5.6,1.19833
sample_001498,rfi_00498,RFI,,,,,,2.71,1.32022
sample_001499,rfi_00499,RFI,,,,,,455.42,0.98697
sample_001500,rfi_00500,RFI,,,,,,4.36,0.23396
sample_001501,rfi_00501,RFI,,,,,,1.29,1.08134
sample_001502,rfi_00502,RFI,,,,,,3.52,0.24871
sample_001503,rfi_00503,RFI,,,,,,4.66,0.02359
sample_001504,rfi_00504,RFI,,,,,,1.17,0.41484
sample_001505,rfi_00505,RFI,,,,,,4.75,0.25559
sample_001506,rfi_00506,RFI,,,,,,45.38,0.3421
sample_001507,rfi_00507,RFI,,,,,,5.72,0.06291
sample_001508,rfi_00508,RFI,,,,,,3.87,0.0639
sample_001509,rfi_00509,RFI,,,,,,22.23,0.6547
sample_001510,rfi_00510,RFI,,,,,,5.42,0.19169
sample_001511,rfi_00511,RFI,,,,,,366.26,0.84935
sample_001512,rfi_00512,RFI,,,,,,3.89,0.15041
sample_001513,rfi_00513,RFI,,,,,,2.24,0.39715
sample_001514,rfi_00514,RFI,,,,,,308.39,0.62718
sample_001515,rfi_00515,RFI,,,,,,167.86,0.78447
sample_001516,rfi_00516,RFI,,,,,,4.09,1.58171
sample_001517,rfi_00517,RFI,,,,,,2.58,0.4404
sample_001518,rfi_00518,RFI,,,,,,2.92,0.16122
sample_001519,rfi_00519,RFI,,,,,,4.33,0.19857
sample_001520,rfi_00520,RFI,,,,,,1.94,0.54559
sample_001521,rfi_00521,RFI,,,,,,493.51,0.73138
sample_001522,rfi_00522,RFI,,,,,,11.85,0.43057
sample_001523,rfi_00523,RFI,,,,,,111.12,0.28508
sample_001524,rfi_00524,RFI,,,,,,184.13,0.87097
sample_001525,rfi_00525,RFI,,,,,,3.2,0.32735
sample_001526,rfi_00526,RFI,,,,,,4.29,0.79823
sample_001527,rfi_00527,RFI,,,,,,2.58,1.47161
sample_001528,rfi_00528,RFI,,,,,,8.19,0.96829
sample_001529,rfi_00529,RFI,,,,,,4.37,0.34013
sample_001530,rfi_00530,RFI,,,,,,4.55,0.42762
sample_001531,rfi_00531,RFI,,,,,,5.4,0.77169
sample_001532,rfi_00532,RFI,,,,,,89.43,0.96731
sample_001533,rfi_00533,RFI,,,,,,2.29,0.0403
sample_001534,rfi_00534,RFI,,,,,,4.26,0.76677
sample_001535,rfi_00535,RFI,,,,,,4.46,0.21332
sample_001536,rfi_00536,RFI,,,,,,82.06,0.94962
sample_001537,rfi_00537,RFI,,,,,,4.1,1.03612
sample_001538,rfi_00538,RFI,,,,,,4.27,0.02163
sample_001539,rfi_00539,RFI,,,,,,5.45,0.77169
sample_001540,rfi_00540,RFI,,,,,,2.8,0.65176
sample_001541,rfi_00541,RFI,,,,,,6.69,0.41878
sample_001542,rfi_00542,RFI,,,,,,4.5,0.01475
sample_001543,rfi_00543,RFI,,,,,,4.32,0.62816
sample_001544,rfi_00544,RFI,,,,,,384.1,0.75694
sample_001545,rfi_00545,RFI,,,,,,3.4,0.97616
sample_001546,rfi_00546,RFI,,,,,,4.69,0.27427
sample_001547,rfi_00547,RFI,,,,,,176.88,0.73925
sample_001548,rfi_00548,RFI,,,,,,13.41,1.44703
sample_001549,rfi_00549,RFI,,,,,,4.35,0.23396
sample_001550,rfi_00550,RFI,,,,,,4.29,0.54166
sample_001551,rfi_00551,RFI,,,,,,100.33,0.39322
sample_001552,rfi_00552,RFI,,,,,,9.65,1.70066
sample_001553,rfi_00553,RFI,,,,,,2.58,1.15114
sample_001554,rfi_00554,RFI,,,,,,2.6,1.37036
sample_001555,rfi_00555,RFI,,,,,,1.39,0.87491
sample_001556,rfi_00556,RFI,,,,,,5.2,0.11305
sample_001557,rfi_00557,RFI,,,,,,252.18,0.49545
sample_001558,rfi_00558,RFI,,,,,,1.36,0.1278
sample_001559,rfi_00559,RFI,,,,,,2.76,0.19857
sample_001560,rfi_00560,RFI,,,,,,4.21,0.89162
sample_001561,rfi_00561,RFI,,,,,,1.75,0.60555
sample_001562,rfi_00562,RFI,,,,,,4.16,0.57999
sample_001563,rfi_00563,RFI,,,,,,4.21,0.27329
sample_001564,rfi_00564,RFI,,,,,,4.22,0.36962
sample_001565,rfi_00565,RFI,,,,,,4.8,0.81101
sample_001566,rfi_00566,RFI,,,,,,246.95,0.72155
sample_001567,rfi_00567,RFI,,,,,,3.87,0.42172
sample_001568,rfi_00568,RFI,,,,,,15.55,0.26149
sample_001569,rfi_00569,RFI,,,,,,41.57,0.64782
sample_001570,rfi_00570,RFI,,,,,,6.16,0.06095
sample_001571,rfi_00571,RFI,,,,,,1.8,1.30744
sample_001572,rfi_00572,RFI,,,,,,4.25,0.9388
sample_001573,rfi_00573,RFI,,,,,,15.56,0.98697
sample_001574,rfi_00574,RFI,,,,,,4.9,0.90046
sample_001575,rfi_00575,RFI,,,,,,4.7,0.70582
sample_001576,rfi_00576,RFI,,,,,,3.27,0.4925
sample_001577,rfi_00577,RFI,,,,,,120.87,1.33104
sample_001578,rfi_00578,RFI,,,,,,4.05,1.2868
sample_001579,rfi_00579,RFI,,,,,,9.66,0.81986
sample_001580,rfi_00580,RFI,,,,,,4.02,0.55837
sample_001581,rfi_00581,RFI,,,,,,4.11,1.45293
sample_001582,rfi_00582,RFI,,,,,,13.22,0.95551
sample_001583,rfi_00583,RFI,,,,,,4.0,1.28483
sample_001584,rfi_00584,RFI,,,,,,249.5,1.13246
sample_001585,rfi_00585,RFI,,,,,,9.2,0.03146
sample_001586,rfi_00586,RFI,,,,,,3.91,0.22118
sample_001587,rfi_00587,RFI,,,,,,5.2,0.39322
sample_001588,rfi_00588,RFI,,,,,,4.52,0.43647
sample_001589,rfi_00589,RFI,,,,,,4.5,0.1622
sample_001590,rfi_00590,RFI,,,,,,6.16,0.84148
sample_001591,rfi_00591,RFI,,,,,,3.95,0.97518
sample_001592,rfi_00592,RFI,,,,,,7.91,1.28385
sample_001593,rfi_00593,RFI,,,,,,4.41,0.69894
sample_001594,rfi_00594,RFI,,,,,,64.83,1.12656
sample_001595,rfi_00595,RFI,,,,,,21.22,0.37945
sample_001596,rfi_00596,RFI,,,,,,3.99,0.5623
sample_001597,rfi_00597,RFI,,,,,,87.23,0.82379
sample_001598,rfi_00598,RFI,,,,,,1.69,1.681
sample_001599,rfi_00599,RFI,,,,,,5.46,0.76087
sample_001600,rfi_00600,RFI,,,,,,226.45,0.8985
sample_001601,rfi_00601,RFI,,,,,,260.45,0.57016
sample_001602,rfi_00602,RFI,,,,,,8.17,0.08651
sample_001603,rfi_00603,RFI,,,,,,4.4,0.67338
sample_001604,rfi_00604,RFI,,,,,,9.92,0.74711
sample_001605,rfi_00605,RFI,,,,,,25.28,0.16712
sample_001606,rfi_00606,RFI,,,,,,43.87,1.47161
sample_001607,rfi_00607,RFI,,,,,,5.29,0.68223
sample_001608,rfi_00608,RFI,,,,,,4.67,0.03539
sample_001609,rfi_00609,RFI,,,,,,1.26,0.12976
sample_001610,rfi_00610,RFI,,,,,,5.64,0.84935
sample_001611,rfi_00611,RFI,,,,,,9.62,0.54166
sample_001612,rfi_00612,RFI,,,,,,113.21,0.86901
sample_001613,rfi_00613,RFI,,,,,,4.57,0.03736
sample_001614,rfi_00614,RFI,,,,,,2.77,1.5247
sample_001615,rfi_00615,RFI,,,,,,4.22,0.12091
sample_001616,rfi_00616,RFI,,,,,,4.35,0.94765
sample_001617,rfi_00617,RFI,,,,,,4.0,0.83755
sample_001618,rfi_00618,RFI,,,,,,4.44,0.65077
sample_001619,rfi_00619,RFI,,,,,,2.7,0.39518
sample_001620,rfi_00620,RFI,,,,,,3.99,0.68026
sample_001621,rfi_00621,RFI,,,,,,93.62,1.07741
sample_001622,rfi_00622,RFI,,,,,,4.23,0.66847
sample_001623,rfi_00623,RFI,,,,,,4.44,0.04325
sample_001624,rfi_00624,RFI,,,,,,7.16,0.99385
sample_001625,rfi_00625,RFI,,,,,,2.59,0.81494
sample_001626,rfi_00626,RFI,,,,,,3.69,0.16712
sample_001627,rfi_00627,RFI,,,,,,389.98,1.16195
sample_001628,rfi_00628,RFI,,,,,,2.9,0.23986
sample_001629,rfi_00629,RFI,,,,,,4.2,1.06562
sample_001630,rfi_00630,RFI,,,,,,53.24,0.85131
sample_001631,rfi_00631,RFI,,,,,,3.69,0.05603
sample_001632,rfi_00632,RFI,,,,,,3.96,0.26739
sample_001633,rfi_00633,RFI,,,,,,4.12,0.17793
sample_001634,rfi_00634,RFI,,,,,,4.31,0.87884
sample_001635,rfi_00635,RFI,,,,,,209.88,0.46793
sample_001636,rfi_00636,RFI,,,,,,4.52,1.14131
sample_001637,rfi_00637,RFI,,,,,,4.12,0.26739
sample_001638,rfi_00638,RFI,,,,,,1.38,0.49742
sample_001639,rfi_00639,RFI,,,,,,4.43,0.95551
sample_001640,rfi_00640,RFI,,,,,,3.91,1.14622
sample_001641,rfi_00641,RFI,,,,,,3.92,0.68518
sample_001642,rfi_00642,RFI,,,,,,14.01,0.36569
sample_001643,rfi_00643,RFI,,,,,,4.76,1.0666
sample_001644,rfi_00644,RFI,,,,,,4.21,0.34701
sample_001645,rfi_00645,RFI,,,,,,1.86,0.48071
sample_001646,rfi_00646,RFI,,,,,,3.98,1.32809
sample_001647,rfi_00647,RFI,,,,,,1.84,1.40378
sample_001648,rfi_00648,RFI,,,,,,244.2,0.55247
sample_001649,rfi_00649,RFI,,,,,,4.25,0.39911
sample_001650,rfi_00650,RFI,,,,,,3.9,0.11207
sample_001651,rfi_00651,RFI,,,,,,4.51,1.26616
sample_001652,rfi_00652,RFI,,,,,,3.77,0.1622
sample_001653,rfi_00653,RFI,,,,,,3.92,0.2202
sample_001654,rfi_00654,RFI,,,,,,9.23,1.23077
sample_001655,rfi_00655,RFI,,,,,,4.31,0.3185
sample_001656,rfi_00656,RFI,,,,,,3.97,0.35881
sample_001657,rfi_00657,RFI,,,,,,7.93,0.18678
sample_001658,rfi_00658,RFI,,,,,,250.73,0.84935
sample_001659,rfi_00659,RFI,,,,,,4.61,0.04129
sample_001660,rfi_00660,RFI,,,,,,4.77,0.20251
sample_001661,rfi_00661,RFI,,,,,,217.03,0.45416
sample_001662,rfi_00662,RFI,,,,,,4.11,1.34283
sample_001663,rfi_00663,RFI,,,,,,2.22,1.50503
sample_001664,rfi_00664,RFI,,,,,,1.85,0.11796
sample_001665,rfi_00665,RFI,,,,,,3.84,0.04129
sample_001666,rfi_00666,RFI,,,,,,126.68,0.98107
sample_001667,rfi_00667,RFI,,,,,,4.24,0.36864
sample_001668,rfi_00668,RFI,,,,,,7.38,1.70066
sample_001669,rfi_00669,RFI,,,,,,27.92,1.31727
sample_001670,rfi_00670,RFI,,,,,,4.4,0.63111
sample_001671,rfi_00671,RFI,,,,,,3.79,1.01843
sample_001672,rfi_00672,RFI,,,,,,2.8,0.98402
sample_001673,rfi_00673,RFI,,,,,,313.43,0.80609
sample_001674,rfi_00674,RFI,,,,,,2.34,1.57975
sample_001675,rfi_00675,RFI,,,,,,3.89,0.21823
sample_001676,rfi_00676,RFI,,,,,,3.89,0.66945
sample_001677,rfi_00677,RFI,,,,,,9.54,0.97714
sample_001678,rfi_00678,RFI,,,,,,1.16,0.27918
sample_001679,rfi_00679,RFI,,,,,,4.98,1.04104
sample_001680,rfi_00680,RFI,,,,,,1.89,0.12386
sample_001681,rfi_00681,RFI,,,,,,701.43,0.52101
sample_001682,rfi_00682,RFI,,,,,,9.88,1.27107
sample_001683,rfi_00683,RFI,,,,,,4.79,0.15532
sample_001684,rfi_00684,RFI,,,,,,263.54,0.41878
sample_001685,rfi_00685,RFI,,,,,,5.09,0.41288
sample_001686,rfi_00686,RFI,,,,,,4.25,0.33522
sample_001687,rfi_00687,RFI,,,,,,4.18,0.95945
sample_001688,rfi_00688,RFI,,,,,,220.31,0.53871
sample_001689,rfi_00689,RFI,,,,,,1.92,0.18186
sample_001690,rfi_00690,RFI,,,,,,56.11,0.30081
sample_001691,rfi_00691,RFI,,,,,,3.6,0.2664
sample_001692,rfi_00692,RFI,,,,,,6.78,0.57803
sample_001693,rfi_00693,RFI,,,,,,3.3,0.07176
sample_001694,rfi_00694,RFI,,,,,,4.41,0.39322
sample_001695,rfi_00695,RFI,,,,,,1.53,1.6633
sample_001696,rfi_00696,RFI,,,,,,4.12,0.67043
sample_001697,rfi_00697,RFI,,,,,,6.26,0.86311
sample_001698,rfi_00698,RFI,,,,,,3.8,0.31457
sample_001699,rfi_00699,RFI,,,,,,4.22,0.65765
sample_001700,rfi_00700,RFI,,,,,,4.15,0.07274
sample_001701,rfi_00701,RFI,,,,,,3.41,0.8464
sample_001702,rfi_00702,RFI,,,,,,4.2,0.31359
sample_001703,rfi_00703,RFI,,,,,,15.28,0.12583
sample_001704,rfi_00704,RFI,,,,,,14.16,0.70582
sample_001705,rfi_00705,RFI,,,,,,174.46,0.57606
sample_001706,rfi_00706,RFI,,,,,,5.15,0.37552
sample_001707,rfi_00707,RFI,,,,,,372.25,0.60162
sample_001708,rfi_00708,RFI,,,,,,4.83,0.46596
sample_001709,rfi_00709,RFI,,,,,,1.29,0.08651
sample_001710,rfi_00710,RFI,,,,,,2.49,0.46203
sample_001711,rfi_00711,RFI,,,,,,74.77,1.21602
sample_001712,rfi_00712,RFI,,,,,,4.29,1.5188
sample_001713,rfi_00713,RFI,,,,,,4.26,1.23175
sample_001714,rfi_00714,RFI,,,,,,3.71,0.06881
sample_001715,rfi_00715,RFI,,,,,,2.08,0.05603
sample_001716,rfi_00716,RFI,,,,,,6.43,0.03932
sample_001717,rfi_00717,RFI,,,,,,3.81,0.34406
sample_001718,rfi_00718,RFI,,,,,,6.96,1.43032
sample_001719,rfi_00719,RFI,,,,,,21.35,0.16613
sample_001720,rfi_00720,RFI,,,,,,4.57,0.46596
sample_001721,rfi_00721,RFI,,,,,,4.21,1.25731
sample_001722,rfi_00722,RFI,,,,,,3.89,0.36962
sample_001723,rfi_00723,RFI,,,,,,3.91,0.76972
sample_001724,rfi_00724,RFI,,,,,,4.06,0.92701
sample_001725,rfi_00725,RFI,,,,,,1.31,0.25362
sample_001726,rfi_00726,RFI,,,,,,3.97,0.35488
sample_001727,rfi_00727,RFI,,,,,,26.27,0.60555
sample_001728,rfi_00728,RFI,,,,,,3.64,0.03244
sample_001729,rfi_00729,RFI,,,,,,196.75,0.59769
sample_001730,rfi_00730,RFI,,,,,,28.72,0.20644
sample_001731,rfi_00731,RFI,,,,,,4.53,0.53871
sample_001732,rfi_00732,RFI,,,,,,4.13,0.91816
sample_001733,rfi_00733,RFI,,,,,,5.05,0.03146
sample_001734,rfi_00734,RFI,,,,,,330.12,0.87884
sample_001735,rfi_00735,RFI,,,,,,5.43,0.07274
sample_001736,rfi_00736,RFI,,,,,,704.19,0.47579
sample_001737,rfi_00737,RFI,,,,,,3.71,0.3421
sample_001738,rfi_00738,RFI,,,,,,4.39,0.76481
sample_001739,rfi_00739,RFI,,,,,,343.45,1.26419
sample_001740,rfi_00740,RFI,,,,,,109.88,0.64881
sample_001741,rfi_00741,RFI,,,,,,4.37,0.51708
sample_001742,rfi_00742,RFI,,,,,,5.64,1.13443
sample_001743,rfi_00743,RFI,,,,,,10.79,0.10813
sample_001744,rfi_00744,RFI,,,,,,2.06,1.56008
sample_001745,rfi_00745,RFI,,,,,,2.38,1.61907
sample_001746,rfi_00746,RFI,,,,,,3.97,0.03441
sample_001747,rfi_00747,RFI,,,,,,66.69,1.02334
sample_001748,rfi_00748,RFI,,,,,,36.98,0.09437
sample_001749,rfi_00749,RFI,,,,,,2.3,0.39715
sample_001750,rfi_00750,RFI,,,,,,211.03,0.81592
sample_001751,rfi_00751,RFI,,,,,,16.73,0.04522
sample_001752,rfi_00752,RFI,,,,,,6.76,1.3448
sample_001753,rfi_00753,RFI,,,,,,3.81,0.97714
sample_001754,rfi_00754,RFI,,,,,,3.96,0.58884
sample_001755,rfi_00755,RFI,,,,,,5.51,0.01573
sample_001756,rfi_00756,RFI,,,,,,3.89,0.30867
sample_001757,rfi_00757,RFI,,,,,,9.74,1.26026
sample_001758,rfi_00758,RFI,,,,,,1.54,0.14451
sample_001759,rfi_00759,RFI,,,,,,4.35,0.63799
sample_001760,rfi_00760,RFI,,,,,,191.42,0.4404
sample_001761,rfi_00761,RFI,,,,,,4.34,1.10395
sample_001762,rfi_00762,RFI,,,,,,121.07,0.72745
sample_001763,rfi_00763,RFI,,,,,,611.49,0.29491
sample_001764,rfi_00764,RFI,,,,,,1.63,1.45392
sample_001765,rfi_00765,RFI,,,,,,3.71,0.07274
sample_001766,rfi_00766,RFI,,,,,,2.02,0.34603
sample_001767,rfi_00767,RFI,,,,,,3.86,0.36766
sample_001768,rfi_00768,RFI,,,,,,4.24,0.46203
sample_001769,rfi_00769,RFI,,,,,,5.28,0.71369
sample_001770,rfi_00770,RFI,,,,,,4.38,1.60727
sample_001771,rfi_00771,RFI,,,,,,6.59,1.56107
sample_001772,rfi_00772,RFI,,,,,,4.01,1.44802
sample_001773,rfi_00773,RFI,,,,,,41.46,0.76186
sample_001774,rfi_00774,RFI,,,,,,1.69,0.47284
sample_001775,rfi_00775,RFI,,,,,,4.21,0.42664
sample_001776,rfi_00776,RFI,,,,,,1.4,0.69501
sample_001777,rfi_00777,RFI,,,,,,4.86,0.06488
sample_001778,rfi_00778,RFI,,,,,,4.17,0.43352
sample_001779,rfi_00779,RFI,,,,,,1.25,0.3244
sample_001780,rfi_00780,RFI,,,,,,4.46,1.02433
sample_001781,rfi_00781,RFI,,,,,,3.69,0.52691
sample_001782,rfi_00782,RFI,,,,,,3.43,0.14451
sample_001783,rfi_00783,RFI,,,,,,9.98,0.16515
sample_001784,rfi_00784,RFI,,,,,,32.72,0.99189
sample_001785,rfi_00785,RFI,,,,,,1.01,1.28188
sample_001786,rfi_00786,RFI,,,,,,3.87,0.20939
sample_001787,rfi_00787,RFI,,,,,,79.92,0.94667
sample_001788,rfi_00788,RFI,,,,,,320.77,0.76677
sample_001789,rfi_00789,RFI,,,,,,3.95,1.5591
sample_001790,rfi_00790,RFI,,,,,,16.18,1.28975
sample_001791,rfi_00791,RFI,,,,,,4.24,0.22217
sample_001792,rfi_00792,RFI,,,,,,21.5,1.02433
sample_001793,rfi_00793,RFI,,,,,,4.41,0.19071
sample_001794,rfi_00794,RFI,,,,,,182.29,1.27599
sample_001795,rfi_00795,RFI,,,,,,383.77,0.58589
sample_001796,rfi_00796,RFI,,,,,,3.84,0.44237
sample_001797,rfi_00797,RFI,,,,,,269.05,0.6606
sample_001798,rfi_00798,RFI,,,,,,4.26,0.47776
sample_001799,rfi_00799,RFI,,,,,,5.15,0.03932
sample_001800,rfi_00800,RFI,,,,,,4.35,0.14254
sample_001801,rfi_00801,RFI,,,,,,101.15,0.79233
sample_001802,rfi_00802,RFI,,,,,,125.75,0.63701
sample_001803,rfi_00803,RFI,,,,,,208.93,0.46006
sample_001804,rfi_00804,RFI,,,,,,13.81,0.8808
sample_001805,rfi_00805,RFI,,,,,,6.97,0.39125
sample_001806,rfi_00806,RFI,,,,,,3.89,0.59179
sample_001807,rfi_00807,RFI,,,,,,4.12,1.38019
sample_001808,rfi_00808,RFI,,,,,,4.92,0.75301
sample_001809,rfi_00809,RFI,,,,,,2.08,1.22683
sample_001810,rfi_00810,RFI,,,,,,2.82,1.08528
sample_001811,rfi_00811,RFI,,,,,,4.41,0.40698
sample_001812,rfi_00812,RFI,,,,,,3.77,0.20644
sample_001813,rfi_00813,RFI,,,,,,1.94,0.66257
sample_001814,rfi_00814,RFI,,,,,,4.3,0.05898
sample_001815,rfi_00815,RFI,,,,,,4.2,0.6262
sample_001816,rfi_00816,RFI,,,,,,4.23,0.3362
sample_001817,rfi_00817,RFI,,,,,,110.81,0.7766
sample_001818,rfi_00818,RFI,,,,,,1.72,0.43352
sample_001819,rfi_00819,RFI,,,,,,4.08,0.20644
sample_001820,rfi_00820,RFI,,,,,,479.61,0.53281
sample_001821,rfi_00821,RFI,,,,,,4.19,0.11796
sample_001822,rfi_00822,RFI,,,,,,3.91,1.19046
sample_001823,rfi_00823,RFI,,,,,,8.59,1.72229
sample_001824,rfi_00824,RFI,,,,,,3.85,0.96338
sample_001825,rfi_00825,RFI,,,,,,4.01,0.81691
sample_001826,rfi_00826,RFI,,,,,,3.92,1.13443
sample_001827,rfi_00827,RFI,,,,,,216.61,0.59179
sample_001828,rfi_00828,RFI,,,,,,3.72,1.70066
sample_001829,rfi_00829,RFI,,,,,,2.28,1.17965
sample_001830,rfi_00830,RFI,,,,,,4.27,0.48071
sample_001831,rfi_00831,RFI,,,,,,4.18,0.62226
sample_001832,rfi_00832,RFI,,,,,,3.68,0.24871
sample_001833,rfi_00833,RFI,,,,,,3.03,0.65274
sample_001834,rfi_00834,RFI,,,,,,4.88,0.49742
sample_001835,rfi_00835,RFI,,,,,,2.18,0.06291
sample_001836,rfi_00836,RFI,,,,,,80.8,0.79823
sample_001837,rfi_00837,RFI,,,,,,4.49,0.54854
sample_001838,rfi_00838,RFI,,,,,,4.02,1.46178
sample_001839,rfi_00839,RFI,,,,,,671.63,0.97124
sample_001840,rfi_00840,RFI,,,,,,6.49,0.03146
sample_001841,rfi_00841,RFI,,,,,,1.51,0.5682
sample_001842,rfi_00842,RFI,,,,,,4.87,0.4581
sample_001843,rfi_00843,RFI,,,,,,4.73,0.23593
sample_001844,rfi_00844,RFI,,,,,,6.14,0.77857
sample_001845,rfi_00845,RFI,,,,,,97.85,0.20054
sample_001846,rfi_00846,RFI,,,,,,3.48,0.57704
sample_001847,rfi_00847,RFI,,,,,,6.3,0.35389
sample_001848,rfi_00848,RFI,,,,,,164.09,0.30867
sample_001849,rfi_00849,RFI,,,,,,4.44,0.10617
sample_001850,rfi_00850,RFI,,,,,,294.68,0.24576
sample_001851,rfi_00851,RFI,,,,,,1.62,0.11403
sample_001852,rfi_00852,RFI,,,,,,4.02,0.88179
sample_001853,rfi_00853,RFI,,,,,,3.94,0.74318
sample_001854,rfi_00854,RFI,,,,,,78.72,0.89063
sample_001855,rfi_00855,RFI,,,,,,3.78,0.32342
sample_001856,rfi_00856,RFI,,,,,,4.16,0.05997
sample_001857,rfi_00857,RFI,,,,,,1.61,1.23863
sample_001858,rfi_00858,RFI,,,,,,112.58,0.4404
sample_001859,rfi_00859,RFI,,,,,,5.28,1.28483
sample_001860,rfi_00860,RFI,,,,,,36.22,0.81297
sample_001861,rfi_00861,RFI,,,,,,100.38,0.5623
sample_001862,rfi_00862,RFI,,,,,,7.47,0.81002
sample_001863,rfi_00863,RFI,,,,,,4.42,0.90243
sample_001864,rfi_00864,RFI,,,,,,5.14,0.08651
sample_001865,rfi_00865,RFI,,,,,,1.29,0.70582
sample_001866,rfi_00866,RFI,,,,,,6.61,1.35365
sample_001867,rfi_00867,RFI,,,,,,92.4,0.59965
sample_001868,rfi_00868,RFI,,,,,,4.27,0.86508
sample_001869,rfi_00869,RFI,,,,,,3.85,0.60555
sample_001870,rfi_00870,RFI,,,,,,13.35,1.14033
sample_001871,rfi_00871,RFI,,,,,,4.48,0.69501
sample_001872,rfi_00872,RFI,,,,,,3.7,1.12656
sample_001873,rfi_00873,RFI,,,,,,6.59,1.5591
sample_001874,rfi_00874,RFI,,,,,,4.15,0.97812
sample_001875,rfi_00875,RFI,,,,,,3.77,0.3765
sample_001876,rfi_00876,RFI,,,,,,866.0,0.76481
sample_001877,rfi_00877,RFI,,,,,,4.08,0.37356
sample_001878,rfi_00878,RFI,,,,,,4.1,0.02261
sample_001879,rfi_00879,RFI,,,,,,3.86,0.76382
sample_001880,rfi_00880,RFI,,,,,,4.26,0.39813
sample_001881,rfi_00881,RFI,,,,,,49.84,1.24649
sample_001882,rfi_00882,RFI,,,,,,4.6,1.32612
sample_001883,rfi_00883,RFI,,,,,,102.13,0.56623
sample_001884,rfi_00884,RFI,,,,,,4.0,1.2809
sample_001885,rfi_00885,RFI,,,,,,200.72,0.51511
sample_001886,rfi_00886,RFI,,,,,,16.54,1.22683
sample_001887,rfi_00887,RFI,,,,,,257.56,0.11403
sample_001888,rfi_00888,RFI,,,,,,4.26,0.52396
sample_001889,rfi_00889,RFI,,,,,,4.14,0.348
sample_001890,rfi_00890,RFI,,,,,,4.17,0.02556
sample_001891,rfi_00891,RFI,,,,,,4.24,0.42467
sample_001892,rfi_00892,RFI,,,,,,1.15,0.07373
sample_001893,rfi_00893,RFI,,,,,,5.13,0.1278
sample_001894,rfi_00894,RFI,,,,,,123.32,0.84345
sample_001895,rfi_00895,RFI,,,,,,2.08,0.25952
sample_001896,rfi_00896,RFI,,,,,,9.2,0.01573
sample_001897,rfi_00897,RFI,,,,,,4.13,0.37945
sample_001898,rfi_00898,RFI,,,,,,22.7,0.04325
sample_001899,rfi_00899,RFI,,,,,,15.55,0.11993
sample_001900,rfi_00900,RFI,,,,,,3.53,0.51413
sample_001901,rfi_00901,RFI,,,,,,105.88,0.75694
sample_001902,rfi_00902,RFI,,,,,,4.41,0.3244
sample_001903,rfi_00903,RFI,,,,,,5.05,0.13763
sample_001904,rfi_00904,RFI,,,,,,51.03,0.95453
sample_001905,rfi_00905,RFI,,,,,,1.37,0.92897
sample_001906,rfi_00906,RFI,,,,,,4.76,0.54657
sample_001907,rfi_00907,RFI,,,,,,4.27,1.29663
sample_001908,rfi_00908,RFI,,,,,,6.21,0.91324
sample_001909,rfi_00909,RFI,,,,,,4.28,1.31039
sample_001910,rfi_00910,RFI,,,,,,4.08,0.35684
sample_001911,rfi_00911,RFI,,,,,,3.96,0.30081
sample_001912,rfi_00912,RFI,,,,,,9.07,1.26812
sample_001913,rfi_00913,RFI,,,,,,3.73,0.48464
sample_001914,rfi_00914,RFI,,,,,,3.87,0.59769
sample_001915,rfi_00915,RFI,,,,,,3.97,0.15925
sample_001916,rfi_00916,RFI,,,,,,4.14,1.05578
sample_001917,rfi_00917,RFI,,,,,,4.2,1.38412
sample_001918,rfi_00918,RFI,,,,,,34.14,0.15532
sample_001919,rfi_00919,RFI,,,,,,4.33,0.56328
sample_001920,rfi_00920,RFI,,,,,,4.03,0.00983
sample_001921,rfi_00921,RFI,,,,,,4.45,0.97812
sample_001922,rfi_00922,RFI,,,,,,5.49,1.39395
sample_001923,rfi_00923,RFI,,,,,,4.65,0.21037
sample_001924,rfi_00924,RFI,,,,,,151.42,0.52691
sample_001925,rfi_00925,RFI,,,,,,4.16,0.69304
sample_001926,rfi_00926,RFI,,,,,,3.67,0.0462
sample_001927,rfi_00927,RFI,,,,,,7.37,0.58589
sample_001928,rfi_00928,RFI,,,,,,3.89,0.09339
sample_001929,rfi_00929,RFI,,,,,,4.43,1.36643
sample_001930,rfi_00930,RFI,,,,,,146.79,0.34996
sample_001931,rfi_00931,RFI,,,,,,3.7,1.07839
sample_001932,rfi_00932,RFI,,,,,,4.15,1.20422
sample_001933,rfi_00933,RFI,,,,,,3.87,0.97812
sample_001934,rfi_00934,RFI,,,,,,3.86,1.04694
sample_001935,rfi_00935,RFI,,,,,,1.44,0.18383
sample_001936,rfi_00936,RFI,,,,,,4.58,0.29983
sample_001937,rfi_00937,RFI,,,,,,2.9,0.2841
sample_001938,rfi_00938,RFI,,,,,,275.4,0.07274
sample_001939,rfi_00939,RFI,,,,,,4.04,0.33325
sample_001940,rfi_00940,RFI,,,,,,170.23,0.2379
sample_001941,rfi_00941,RFI,,,,,,11.0,0.50725
sample_001942,rfi_00942,RFI,,,,,,2.42,0.31556
sample_001943,rfi_00943,RFI,,,,,,339.49,0.80216
sample_001944,rfi_00944,RFI,,,,,,4.21,0.38732
sample_001945,rfi_00945,RFI,,,,,,110.34,1.31924
sample_001946,rfi_00946,RFI,,,,,,18.56,0.01573
sample_001947,rfi_00947,RFI,,,,,,4.02,0.03441
sample_001948,rfi_00948,RFI,,,,,,80.09,0.24969
sample_001949,rfi_00949,RFI,,,,,,4.12,0.1799
sample_001950,rfi_00950,RFI,,,,,,294.24,0.64291
sample_001951,rfi_00951,RFI,,,,,,2.23,0.34505
sample_001952,rfi_00952,RFI,,,,,,4.57,1.02629
sample_001953,rfi_00953,RFI,,,,,,331.25,0.8808
sample_001954,rfi_00954,RFI,,,,,,227.01,0.80806
sample_001955,rfi_00955,RFI,,,,,,1.8,0.25166
sample_001956,rfi_00956,RFI,,,,,,4.23,1.26321
sample_001957,rfi_00957,RFI,,,,,,2.69,0.37454
sample_001958,rfi_00958,RFI,,,,,,7.51,0.3303
sample_001959,rfi_00959,RFI,,,,,,3.64,0.07569
sample_001960,rfi_00960,RFI,,,,,,3.78,0.47579
sample_001961,rfi_00961,RFI,,,,,,1.09,0.1219
sample_001962,rfi_00962,RFI,,,,,,3.87,1.34775
sample_001963,rfi_00963,RFI,,,,,,4.39,1.1069
sample_001964,rfi_00964,RFI,,,,,,3.81,0.58393
sample_001965,rfi_00965,RFI,,,,,,4.96,0.34013
sample_001966,rfi_00966,RFI,,,,,,69.43,0.14942
sample_001967,rfi_00967,RFI,,,,,,3.99,0.2723
sample_001968,rfi_00968,RFI,,,,,,1.34,0.12288
sample_001969,rfi_00969,RFI,,,,,,4.56,0.79135
sample_001970,rfi_00970,RFI,,,,,,204.82,1.05382
sample_001971,rfi_00971,RFI,,,,,,3.92,0.21332
sample_001972,rfi_00972,RFI,,,,,,1.42,1.0145
sample_001973,rfi_00973,RFI,,,,,,2.78,0.81789
sample_001974,rfi_00974,RFI,,,,,,4.98,1.58269
sample_001975,rfi_00975,RFI,,,,,,4.26,0.7127
sample_001976,rfi_00976,RFI,,,,,,4.32,0.72745
sample_001977,rfi_00977,RFI,,,,,,1.86,0.57213
sample_001978,rfi_00978,RFI,,,,,,4.37,1.01646
sample_001979,rfi_00979,RFI,,,,,,7.74,0.79528
sample_001980,rfi_00980,RFI,,,,,,5.75,0.78742
sample_001981,rfi_00981,RFI,,,,,,4.37,0.42271
sample_001982,rfi_00982,RFI,,,,,,9.28,0.63701
sample_001983,rfi_00983,RFI,,,,,,6.21,0.04915
sample_001984,rfi_00984,RFI,,,,,,4.21,0.29098
sample_001985,rfi_00985,RFI,,,,,,4.54,1.57975
sample_001986,rfi_00986,RFI,,,,,,3.54,0.98206
sample_001987,rfi_00987,RFI,,,,,,4.21,0.80216
sample_001988,rfi_00988,RFI,,,,,,5.4,1.45097
sample_001989,rfi_00989,RFI,,,,,,17.43,0.99779
sample_001990,rfi_00990,RFI,,,,,,106.29,0.63504
sample_001991,rfi_00991,RFI,,,,,,3.88,0.69698
sample_001992,rfi_00992,RFI,,,,,,206.88,0.64291
sample_001993,rfi_00993,RFI,,,,,,4.0,1.05873
sample_001994,rfi_00994,RFI,,,,,,126.76,0.19661
sample_001995,rfi_00995,RFI,,,,,,75.15,0.8867
sample_001996,rfi_00996,RFI,,,,,,4.77,0.47186
sample_001997,rfi_00997,RFI,,,,,,4.91,0.1681
sample_001998,rfi_00998,RFI,,,,,,25.49,1.56893
sample_001999,rfi_00999,RFI,,,,,,3.94,0.36864
sample_002000,noise_00000,NOISE,,,,,,4.34,0.6783
sample_002001,noise_00001,NOISE,,,,,,4.23,0.69796
sample_002002,noise_00002,NOISE,,,,,,4.3,0.06095
sample_002003,noise_00003,NOISE,,,,,,5.08,1.40378
sample_002004,noise_00004,NOISE,,,,,,4.55,0.40894
sample_002005,noise_00005,NOISE,,,,,,5.0,0.36569
sample_002006,noise_00006,NOISE,,,,,,4.36,0.32735
sample_002007,noise_00007,NOISE,,,,,,4.31,0.44827
sample_002008,noise_00008,NOISE,,,,,,4.57,0.80511
sample_002009,noise_00009,NOISE,,,,,,4.27,0.0059
sample_002010,noise_00010,NOISE,,,,,,4.59,0.4404
sample_002011,noise_00011,NOISE,,,,,,4.76,0.38535
sample_002012,noise_00012,NOISE,,,,,,4.47,0.42271
sample_002013,noise_00013,NOISE,,,,,,4.79,0.0059
sample_002014,noise_00014,NOISE,,,,,,4.42,0.10224
sample_002015,noise_00015,NOISE,,,,,,4.86,0.98501
sample_002016,noise_00016,NOISE,,,,,,4.94,0.17498
sample_002017,noise_00017,NOISE,,,,,,5.01,0.35193
sample_002018,noise_00018,NOISE,,,,,,4.33,0.33718
sample_002019,noise_00019,NOISE,,,,,,4.08,0.16122
sample_002020,noise_00020,NOISE,,,,,,4.19,0.13173
sample_002021,noise_00021,NOISE,,,,,,4.58,0.52691
sample_002022,noise_00022,NOISE,,,,,,5.81,0.03146
sample_002023,noise_00023,NOISE,,,,,,4.45,0.2723
sample_002024,noise_00024,NOISE,,,,,,4.21,0.32637
sample_002025,noise_00025,NOISE,,,,,,4.53,0.21725
sample_002026,noise_00026,NOISE,,,,,,4.66,0.47776
sample_002027,noise_00027,NOISE,,,,,,4.17,0.46989
sample_002028,noise_00028,NOISE,,,,,,4.07,0.10617
sample_002029,noise_00029,NOISE,,,,,,4.5,0.45122
sample_002030,noise_00030,NOISE,,,,,,4.38,0.45023
sample_002031,noise_00031,NOISE,,,,,,3.92,0.84247
sample_002032,noise_00032,NOISE,,,,,,4.28,1.08528
sample_002033,noise_00033,NOISE,,,,,,3.98,0.49545
sample_002034,noise_00034,NOISE,,,,,,4.58,0.43844
sample_002035,noise_00035,NOISE,,,,,,4.79,0.37749
sample_002036,noise_00036,NOISE,,,,,,3.89,0.9044
sample_002037,noise_00037,NOISE,,,,,,4.88,1.27992
sample_002038,noise_00038,NOISE,,,,,,4.21,1.73998
sample_002039,noise_00039,NOISE,,,,,,4.37,0.22905
sample_002040,noise_00040,NOISE,,,,,,4.29,0.36667
sample_002041,noise_00041,NOISE,,,,,,3.96,0.60654
sample_002042,noise_00042,NOISE,,,,,,4.64,0.34603
sample_002043,noise_00043,NOISE,,,,,,4.87,0.75891
sample_002044,noise_00044,NOISE,,,,,,4.2,0.82772
sample_002045,noise_00045,NOISE,,,,,,4.24,0.71172
sample_002046,noise_00046,NOISE,,,,,,4.11,0.09044
sample_002047,noise_00047,NOISE,,,,,,4.35,0.81101
sample_002048,noise_00048,NOISE,,,,,,4.39,0.52298
sample_002049,noise_00049,NOISE,,,,,,4.21,0.2959
sample_002050,noise_00050,NOISE,,,,,,5.11,0.27525
sample_002051,noise_00051,NOISE,,,,,,4.53,0.13959
sample_002052,noise_00052,NOISE,,,,,,4.91,1.33693
sample_002053,noise_00053,NOISE,,,,,,3.98,0.43844
sample_002054,noise_00054,NOISE,,,,,,4.36,0.49054
sample_002055,noise_00055,NOISE,,,,,,4.14,0.48366
sample_002056,noise_00056,NOISE,,,,,,5.15,0.48169
sample_002057,noise_00057,NOISE,,,,,,4.39,0.1278
sample_002058,noise_00058,NOISE,,,,,,4.29,1.47948
sample_002059,noise_00059,NOISE,,,,,,4.04,0.37159
sample_002060,noise_00060,NOISE,,,,,,4.25,1.12853
sample_002061,noise_00061,NOISE,,,,,,4.44,1.39297
sample_002062,noise_00062,NOISE,,,,,,4.18,1.26321
sample_002063,noise_00063,NOISE,,,,,,4.28,0.69992
sample_002064,noise_00064,NOISE,,,,,,4.04,0.07569
sample_002065,noise_00065,NOISE,,,,,,4.09,0.92406
sample_002066,noise_00066,NOISE,,,,,,4.42,1.37626
sample_002067,noise_00067,NOISE,,,,,,4.95,0.26542
sample_002068,noise_00068,NOISE,,,,,,3.65,0.13763
sample_002069,noise_00069,NOISE,,,,,,5.57,0.37159
sample_002070,noise_00070,NOISE,,,,,,4.69,0.93585
sample_002071,noise_00071,NOISE,,,,,,4.77,0.48857
sample_002072,noise_00072,NOISE,,,,,,4.12,0.28803
sample_002073,noise_00073,NOISE,,,,,,4.08,1.47653
sample_002074,noise_00074,NOISE,,,,,,4.19,0.65077
sample_002075,noise_00075,NOISE,,,,,,4.26,1.1128
sample_002076,noise_00076,NOISE,,,,,,4.13,1.01057
sample_002077,noise_00077,NOISE,,,,,,4.05,0.80806
sample_002078,noise_00078,NOISE,,,,,,4.36,0.76087
sample_002079,noise_00079,NOISE,,,,,,4.35,0.6665
sample_002080,noise_00080,NOISE,,,,,,4.6,0.16908
sample_002081,noise_00081,NOISE,,,,,,4.84,0.5505
sample_002082,noise_00082,NOISE,,,,,,4.38,0.38044
sample_002083,noise_00083,NOISE,,,,,,4.32,1.59449
sample_002084,noise_00084,NOISE,,,,,,4.38,0.30867
sample_002085,noise_00085,NOISE,,,,,,4.16,0.72253
sample_002086,noise_00086,NOISE,,,,,,3.94,0.39715
sample_002087,noise_00087,NOISE,,,,,,4.38,0.34406
sample_002088,noise_00088,NOISE,,,,,,4.26,0.23396
sample_002089,noise_00089,NOISE,,,,,,4.34,0.52298
sample_002090,noise_00090,NOISE,,,,,,4.62,0.01769
sample_002091,noise_00091,NOISE,,,,,,4.32,1.05382
sample_002092,noise_00092,NOISE,,,,,,5.01,0.57803
sample_002093,noise_00093,NOISE,,,,,,4.15,0.54657
sample_002094,noise_00094,NOISE,,,,,,4.54,0.61145
sample_002095,noise_00095,NOISE,,,,,,5.11,0.34013
sample_002096,noise_00096,NOISE,,,,,,4.58,0.70582
sample_002097,noise_00097,NOISE,,,,,,4.6,0.59572
sample_002098,noise_00098,NOISE,,,,,,4.47,0.15729
sample_002099,noise_00099,NOISE,,,,,,4.01,0.82969
sample_002100,noise_00100,NOISE,,,,,,4.41,0.37945
sample_002101,noise_00101,NOISE,,,,,,4.28,0.70189
sample_002102,noise_00102,NOISE,,,,,,4.84,1.20717
sample_002103,noise_00103,NOISE,,,,,,5.05,0.45613
sample_002104,noise_00104,NOISE,,,,,,4.96,0.31162
sample_002105,noise_00105,NOISE,,,,,,3.97,0.62718
sample_002106,noise_00106,NOISE,,,,,,4.22,0.09044
sample_002107,noise_00107,NOISE,,,,,,4.1,0.20644
sample_002108,noise_00108,NOISE,,,,,,4.14,0.28508
sample_002109,noise_00109,NOISE,,,,,,4.1,0.17007
sample_002110,noise_00110,NOISE,,,,,,5.07,0.71172
sample_002111,noise_00111,NOISE,,,,,,5.26,0.78447
sample_002112,noise_00112,NOISE,,,,,,4.61,0.21823
sample_002113,noise_00113,NOISE,,,,,,4.99,0.74318
sample_002114,noise_00114,NOISE,,,,,,4.7,0.5505
sample_002115,noise_00115,NOISE,,,,,,4.19,0.53576
sample_002116,noise_00116,NOISE,,,,,,3.85,0.68518
sample_002117,noise_00117,NOISE,,,,,,5.0,0.53477
sample_002118,noise_00118,NOISE,,,,,,5.19,0.16122
sample_002119,noise_00119,NOISE,,,,,,4.61,0.61932
sample_002120,noise_00120,NOISE,,,,,,4.1,0.18088
sample_002121,noise_00121,NOISE,,,,,,4.34,1.3448
sample_002122,noise_00122,NOISE,,,,,,5.5,0.18678
sample_002123,noise_00123,NOISE,,,,,,4.26,0.25362
sample_002124,noise_00124,NOISE,,,,,,4.35,0.3303
sample_002125,noise_00125,NOISE,,,,,,4.58,0.67633
sample_002126,noise_00126,NOISE,,,,,,4.37,0.26149
sample_002127,noise_00127,NOISE,,,,,,4.7,0.09044
sample_002128,noise_00128,NOISE,,,,,,4.4,0.2084
sample_002129,noise_00129,NOISE,,,,,,3.87,1.25338
sample_002130,noise_00130,NOISE,,,,,,3.98,1.48242
sample_002131,noise_00131,NOISE,,,,,,3.78,0.60752
sample_002132,noise_00132,NOISE,,,,,,4.39,0.40108
sample_002133,noise_00133,NOISE,,,,,,4.1,0.45416
sample_002134,noise_00134,NOISE,,,,,,4.3,1.37036
sample_002135,noise_00135,NOISE,,,,,,3.88,1.73998
sample_002136,noise_00136,NOISE,,,,,,4.13,0.36176
sample_002137,noise_00137,NOISE,,,,,,4.59,0.58589
sample_002138,noise_00138,NOISE,,,,,,4.51,0.99484
sample_002139,noise_00139,NOISE,,,,,,4.1,0.20054
sample_002140,noise_00140,NOISE,,,,,,4.71,0.18678
sample_002141,noise_00141,NOISE,,,,,,4.72,0.42271
sample_002142,noise_00142,NOISE,,,,,,5.72,1.04202
sample_002143,noise_00143,NOISE,,,,,,4.02,0.77857
sample_002144,noise_00144,NOISE,,,,,,4.31,0.6606
sample_002145,noise_00145,NOISE,,,,,,4.59,0.41878
sample_002146,noise_00146,NOISE,,,,,,4.99,0.84148
sample_002147,noise_00147,NOISE,,,,,,4.78,0.19857
sample_002148,noise_00148,NOISE,,,,,,4.2,1.03612
sample_002149,noise_00149,NOISE,,,,,,4.31,0.79135
sample_002150,noise_00150,NOISE,,,,,,5.17,0.18285
sample_002151,noise_00151,NOISE,,,,,,4.57,0.40993
sample_002152,noise_00152,NOISE,,,,,,4.32,0.39322
sample_002153,noise_00153,NOISE,,,,,,4.12,1.26812
sample_002154,noise_00154,NOISE,,,,,,4.5,0.71762
sample_002155,noise_00155,NOISE,,,,,,4.27,0.13369
sample_002156,noise_00156,NOISE,,,,,,4.52,1.19538
sample_002157,noise_00157,NOISE,,,,,,4.03,0.12583
sample_002158,noise_00158,NOISE,,,,,,3.98,0.8926
sample_002159,noise_00159,NOISE,,,,,,4.9,0.74711
sample_002160,noise_00160,NOISE,,,,,,4.52,0.35881
sample_002161,noise_00161,NOISE,,,,,,4.14,1.42737
sample_002162,noise_00162,NOISE,,,,,,4.14,1.01646
sample_002163,noise_00163,NOISE,,,,,,4.14,0.77267
sample_002164,noise_00164,NOISE,,,,,,4.61,1.70066
sample_002165,noise_00165,NOISE,,,,,,4.35,0.07274
sample_002166,noise_00166,NOISE,,,,,,4.72,0.79626
sample_002167,noise_00167,NOISE,,,,,,4.04,0.1101
sample_002168,noise_00168,NOISE,,,,,,4.43,0.31457
sample_002169,noise_00169,NOISE,,,,,,5.35,0.51905
sample_002170,noise_00170,NOISE,,,,,,3.88,0.69206
sample_002171,noise_00171,NOISE,,,,,,4.19,0.01573
sample_002172,noise_00172,NOISE,,,,,,4.14,1.08331
sample_002173,noise_00173,NOISE,,,,,,4.34,0.88867
sample_002174,noise_00174,NOISE,,,,,,3.87,0.24576
sample_002175,noise_00175,NOISE,,,,,,4.36,0.03932
sample_002176,noise_00176,NOISE,,,,,,3.96,0.57213
sample_002177,noise_00177,NOISE,,,,,,4.0,0.73531
sample_002178,noise_00178,NOISE,,,,,,4.62,0.42664
sample_002179,noise_00179,NOISE,,,,,,4.1,0.21037
sample_002180,noise_00180,NOISE,,,,,,5.03,0.90243
sample_002181,noise_00181,NOISE,,,,,,4.41,0.50332
sample_002182,noise_00182,NOISE,,,,,,4.46,0.04522
sample_002183,noise_00183,NOISE,,,,,,4.15,1.16392
sample_002184,noise_00184,NOISE,,,,,,4.8,0.3421
sample_002185,noise_00185,NOISE,,,,,,4.59,0.71565
sample_002186,noise_00186,NOISE,,,,,,4.38,0.24969
sample_002187,noise_00187,NOISE,,,,,,4.33,0.18579
sample_002188,noise_00188,NOISE,,,,,,4.15,1.2986
sample_002189,noise_00189,NOISE,,,,,,4.09,0.28312
sample_002190,noise_00190,NOISE,,,,,,4.38,0.64094
sample_002191,noise_00191,NOISE,,,,,,3.92,0.82969
sample_002192,noise_00192,NOISE,,,,,,5.0,0.6665
sample_002193,noise_00193,NOISE,,,,,,4.39,0.26837
sample_002194,noise_00194,NOISE,,,,,,4.41,0.54264
sample_002195,noise_00195,NOISE,,,,,,4.85,0.26739
sample_002196,noise_00196,NOISE,,,,,,4.7,0.57999
sample_002197,noise_00197,NOISE,,,,,,4.35,0.85426
sample_002198,noise_00198,NOISE,,,,,,4.67,0.58196
sample_002199,noise_00199,NOISE,,,,,,4.23,0.67633
sample_002200,noise_00200,NOISE,,,,,,4.26,0.81986
sample_002201,noise_00201,NOISE,,,,,,4.42,0.67633
sample_002202,noise_00202,NOISE,,,,,,5.05,0.49742
sample_002203,noise_00203,NOISE,,,,,,4.4,0.87294
sample_002204,noise_00204,NOISE,,,,,,4.66,1.03809
sample_002205,noise_00205,NOISE,,,,,,4.54,0.34996
sample_002206,noise_00206,NOISE,,,,,,4.95,0.63701
sample_002207,noise_00207,NOISE,,,,,,4.63,1.58466
sample_002208,noise_00208,NOISE,,,,,,4.12,0.95453
sample_002209,noise_00209,NOISE,,,,,,4.02,0.47677
sample_002210,noise_00210,NOISE,,,,,,4.67,1.14622
sample_002211,noise_00211,NOISE,,,,,,4.47,0.78545
sample_002212,noise_00212,NOISE,,,,,,4.2,0.57901
sample_002213,noise_00213,NOISE,,,,,,4.68,0.88867
sample_002214,noise_00214,NOISE,,,,,,4.47,1.39002
sample_002215,noise_00215,NOISE,,,,,,4.31,0.34308
sample_002216,noise_00216,NOISE,,,,,,3.91,1.18456
sample_002217,noise_00217,NOISE,,,,,,4.16,0.38535
sample_002218,noise_00218,NOISE,,,,,,4.28,0.25362
sample_002219,noise_00219,NOISE,,,,,,4.28,0.94962
sample_002220,noise_00220,NOISE,,,,,,4.02,0.89457
sample_002221,noise_00221,NOISE,,,,,,4.76,0.52101
sample_002222,noise_00222,NOISE,,,,,,4.74,0.2143
sample_002223,noise_00223,NOISE,,,,,,4.21,0.74318
sample_002224,noise_00224,NOISE,,,,,,4.89,0.08258
sample_002225,noise_00225,NOISE,,,,,,4.65,0.57999
sample_002226,noise_00226,NOISE,,,,,,3.9,0.72352
sample_002227,noise_00227,NOISE,,,,,,4.52,0.09044
sample_002228,noise_00228,NOISE,,,,,,5.8,0.03932
sample_002229,noise_00229,NOISE,,,,,,3.98,0.69501
sample_002230,noise_00230,NOISE,,,,,,4.18,0.73728
sample_002231,noise_00231,NOISE,,,,,,3.87,0.48169
sample_002232,noise_00232,NOISE,,,,,,4.26,0.79626
sample_002233,noise_00233,NOISE,,,,,,4.76,0.06488
sample_002234,noise_00234,NOISE,,,,,,4.33,0.25952
sample_002235,noise_00235,NOISE,,,,,,4.6,0.32637
sample_002236,noise_00236,NOISE,,,,,,4.08,0.48955
sample_002237,noise_00237,NOISE,,,,,,4.44,1.03416
sample_002238,noise_00238,NOISE,,,,,,4.43,0.98107
sample_002239,noise_00239,NOISE,,,,,,4.27,0.25952
sample_002240,noise_00240,NOISE,,,,,,4.62,0.32834
sample_002241,noise_00241,NOISE,,,,,,4.28,0.72352
sample_002242,noise_00242,NOISE,,,,,,4.25,0.28705
sample_002243,noise_00243,NOISE,,,,,,5.4,0.90243
sample_002244,noise_00244,NOISE,,,,,,4.3,0.34406
sample_002245,noise_00245,NOISE,,,,,,3.97,0.49054
sample_002246,noise_00246,NOISE,,,,,,4.54,1.47456
sample_002247,noise_00247,NOISE,,,,,,4.07,0.27918
sample_002248,noise_00248,NOISE,,,,,,4.48,0.52101
sample_002249,noise_00249,NOISE,,,,,,4.58,0.40698
sample_002250,noise_00250,NOISE,,,,,,4.44,0.21627
sample_002251,noise_00251,NOISE,,,,,,4.18,0.14746
sample_002252,noise_00252,NOISE,,,,,,5.3,1.04792
sample_002253,noise_00253,NOISE,,,,,,4.34,0.03539
sample_002254,noise_00254,NOISE,,,,,,4.49,0.15532
sample_002255,noise_00255,NOISE,,,,,,4.04,0.47186
sample_002256,noise_00256,NOISE,,,,,,4.96,0.27918
sample_002257,noise_00257,NOISE,,,,,,4.49,0.13566
sample_002258,noise_00258,NOISE,,,,,,4.35,0.26149
sample_002259,noise_00259,NOISE,,,,,,3.91,0.40501
sample_002260,noise_00260,NOISE,,,,,,4.28,0.97911
sample_002261,noise_00261,NOISE,,,,,,5.02,0.3303
sample_002262,noise_00262,NOISE,,,,,,4.02,0.68911
sample_002263,noise_00263,NOISE,,,,,,3.99,0.35979
sample_002264,noise_00264,NOISE,,,,,,4.31,1.35463
sample_002265,noise_00265,NOISE,,,,,,4.32,0.86704
sample_002266,noise_00266,NOISE,,,,,,4.85,0.19956
sample_002267,noise_00267,NOISE,,,,,,4.32,0.25362
sample_002268,noise_00268,NOISE,,,,,,4.09,1.13738
sample_002269,noise_00269,NOISE,,,,,,4.04,1.43524
sample_002270,noise_00270,NOISE,,,,,,4.39,0.23396
sample_002271,noise_00271,NOISE,,,,,,4.93,0.40698
sample_002272,noise_00272,NOISE,,,,,,4.43,0.23003
sample_002273,noise_00273,NOISE,,,,,,4.25,0.58589
sample_002274,noise_00274,NOISE,,,,,,4.55,1.36053
sample_002275,noise_00275,NOISE,,,,,,4.06,0.51708
sample_002276,noise_00276,NOISE,,,,,,4.85,1.4667
sample_002277,noise_00277,NOISE,,,,,,3.85,0.46301
sample_002278,noise_00278,NOISE,,,,,,4.36,0.59572
sample_002279,noise_00279,NOISE,,,,,,4.1,0.01769
sample_002280,noise_00280,NOISE,,,,,,3.86,0.37552
sample_002281,noise_00281,NOISE,,,,,,4.33,0.49938
sample_002282,noise_00282,NOISE,,,,,,4.15,0.60555
sample_002283,noise_00283,NOISE,,,,,,4.46,1.07938
sample_002284,noise_00284,NOISE,,,,,,5.28,0.24084
sample_002285,noise_00285,NOISE,,,,,,4.86,0.05702
sample_002286,noise_00286,NOISE,,,,,,4.75,0.74121
sample_002287,noise_00287,NOISE,,,,,,3.77,1.47653
sample_002288,noise_00288,NOISE,,,,,,4.86,0.36569
sample_002289,noise_00289,NOISE,,,,,,4.48,1.53649
sample_002290,noise_00290,NOISE,,,,,,5.67,0.06881
sample_002291,noise_00291,NOISE,,,,,,4.81,0.26247
sample_002292,noise_00292,NOISE,,,,,,4.58,0.08258
sample_002293,noise_00293,NOISE,,,,,,4.58,0.56426
sample_002294,noise_00294,NOISE,,,,,,3.94,0.63603
sample_002295,noise_00295,NOISE,,,,,,4.09,0.32539
sample_002296,noise_00296,NOISE,,,,,,4.83,0.32047
sample_002297,noise_00297,NOISE,,,,,,4.37,1.2288
sample_002298,noise_00298,NOISE,,,,,,5.26,0.44237
sample_002299,noise_00299,NOISE,,,,,,4.39,1.38019
sample_002300,noise_00300,NOISE,,,,,,4.34,0.61342
sample_002301,noise_00301,NOISE,,,,,,4.28,0.50135
sample_002302,noise_00302,NOISE,,,,,,4.95,0.25854
sample_002303,noise_00303,NOISE,,,,,,5.12,0.59572
sample_002304,noise_00304,NOISE,,,,,,3.96,0.16515
sample_002305,noise_00305,NOISE,,,,,,4.59,0.67437
sample_002306,noise_00306,NOISE,,,,,,4.66,0.03146
sample_002307,noise_00307,NOISE,,,,,,4.04,0.26542
sample_002308,noise_00308,NOISE,,,,,,4.03,0.24084
sample_002309,noise_00309,NOISE,,,,,,4.59,0.42074
sample_002310,noise_00310,NOISE,,,,,,4.56,0.29688
sample_002311,noise_00311,NOISE,,,,,,4.18,0.60654
sample_002312,noise_00312,NOISE,,,,,,3.92,1.73015
sample_002313,noise_00313,NOISE,,,,,,4.73,0.55247
sample_002314,noise_00314,NOISE,,,,,,4.49,0.36078
sample_002315,noise_00315,NOISE,,,,,,4.49,0.36766
sample_002316,noise_00316,NOISE,,,,,,4.11,0.39125
sample_002317,noise_00317,NOISE,,,,,,4.36,1.25141
sample_002318,noise_00318,NOISE,,,,,,4.47,1.0548
sample_002319,noise_00319,NOISE,,,,,,5.97,0.80609
sample_002320,noise_00320,NOISE,,,,,,4.15,0.52691
sample_002321,noise_00321,NOISE,,,,,,3.87,0.0118
sample_002322,noise_00322,NOISE,,,,,,4.25,0.39911
sample_002323,noise_00323,NOISE,,,,,,4.32,0.26542
sample_002324,noise_00324,NOISE,,,,,,4.4,0.99287
sample_002325,noise_00325,NOISE,,,,,,4.95,0.06095
sample_002326,noise_00326,NOISE,,,,,,4.67,1.07741
sample_002327,noise_00327,NOISE,,,,,,4.5,0.27623
sample_002328,noise_00328,NOISE,,,,,,4.46,0.35586
sample_002329,noise_00329,NOISE,,,,,,4.14,0.63701
sample_002330,noise_00330,NOISE,,,,,,4.3,0.08061
sample_002331,noise_00331,NOISE,,,,,,4.25,0.14746
sample_002332,noise_00332,NOISE,,,,,,4.32,0.30867
sample_002333,noise_00333,NOISE,,,,,,4.58,0.42861
sample_002334,noise_00334,NOISE,,,,,,4.62,0.14746
sample_002335,noise_00335,NOISE,,,,,,4.05,0.08061
sample_002336,noise_00336,NOISE,,,,,,4.18,0.41484
sample_002337,noise_00337,NOISE,,,,,,4.79,0.77857
sample_002338,noise_00338,NOISE,,,,,,4.41,0.85721
sample_002339,noise_00339,NOISE,,,,,,4.91,0.31457
sample_002340,noise_00340,NOISE,,,,,,4.63,0.68026
sample_002341,noise_00341,NOISE,,,,,,4.49,0.54264
sample_002342,noise_00342,NOISE,,,,,,4.06,0.36176
sample_002343,noise_00343,NOISE,,,,,,4.11,1.17375
sample_002344,noise_00344,NOISE,,,,,,4.45,0.40796
sample_002345,noise_00345,NOISE,,,,,,4.38,0.63701
sample_002346,noise_00346,NOISE,,,,,,4.47,0.7363
sample_002347,noise_00347,NOISE,,,,,,4.79,0.03342
sample_002348,noise_00348,NOISE,,,,,,3.96,0.18481
sample_002349,noise_00349,NOISE,,,,,,5.04,0.78447
sample_002350,noise_00350,NOISE,,,,,,5.3,0.37552
sample_002351,noise_00351,NOISE,,,,,,4.3,0.25362
sample_002352,noise_00352,NOISE,,,,,,4.49,0.7884
sample_002353,noise_00353,NOISE,,,,,,4.19,0.24773
sample_002354,noise_00354,NOISE,,,,,,4.48,0.30867
sample_002355,noise_00355,NOISE,,,,,,4.66,0.87097
sample_002356,noise_00356,NOISE,,,,,,4.31,0.57213
sample_002357,noise_00357,NOISE,,,,,,4.96,1.06267
sample_002358,noise_00358,NOISE,,,,,,4.33,0.60555
sample_002359,noise_00359,NOISE,,,,,,4.81,0.1219
sample_002360,noise_00360,NOISE,,,,,,4.14,0.64881
sample_002361,noise_00361,NOISE,,,,,,4.29,0.84148
sample_002362,noise_00362,NOISE,,,,,,5.27,0.82969
sample_002363,noise_00363,NOISE,,,,,,4.44,0.46793
sample_002364,noise_00364,NOISE,,,,,,4.36,0.15532
sample_002365,noise_00365,NOISE,,,,,,4.31,0.66159
sample_002366,noise_00366,NOISE,,,,,,3.94,0.45416
sample_002367,noise_00367,NOISE,,,,,,4.52,0.41484
sample_002368,noise_00368,NOISE,,,,,,4.16,0.49742
sample_002369,noise_00369,NOISE,,,,,,4.32,0.61538
sample_002370,noise_00370,NOISE,,,,,,4.04,0.73531
sample_002371,noise_00371,NOISE,,,,,,4.37,1.34775
sample_002372,noise_00372,NOISE,,,,,,4.15,0.88572
sample_002373,noise_00373,NOISE,,,,,,4.15,0.46498
sample_002374,noise_00374,NOISE,,,,,,4.22,1.37429
sample_002375,noise_00375,NOISE,,,,,,4.42,0.47186
sample_002376,noise_00376,NOISE,,,,,,4.38,1.35463
sample_002377,noise_00377,NOISE,,,,,,4.25,0.05898
sample_002378,noise_00378,NOISE,,,,,,4.22,0.28508
sample_002379,noise_00379,NOISE,,,,,,4.32,0.02851
sample_002380,noise_00380,NOISE,,,,,,4.63,0.52888
sample_002381,noise_00381,NOISE,,,,,,4.06,0.39322
sample_002382,noise_00382,NOISE,,,,,,4.85,0.62325
sample_002383,noise_00383,NOISE,,,,,,4.1,1.04792
sample_002384,noise_00384,NOISE,,,,,,4.23,0.22118
sample_002385,noise_00385,NOISE,,,,,,4.15,0.31949
sample_002386,noise_00386,NOISE,,,,,,4.56,1.57385
sample_002387,noise_00387,NOISE,,,,,,4.58,0.63898
sample_002388,noise_00388,NOISE,,,,,,4.45,1.24453
sample_002389,noise_00389,NOISE,,,,,,4.64,0.97911
sample_002390,noise_00390,NOISE,,,,,,4.22,0.47972
sample_002391,noise_00391,NOISE,,,,,,3.99,0.60752
sample_002392,noise_00392,NOISE,,,,,,4.01,0.31556
sample_002393,noise_00393,NOISE,,,,,,4.85,1.63381
sample_002394,noise_00394,NOISE,,,,,,4.36,0.45023
sample_002395,noise_00395,NOISE,,,,,,4.5,0.17695
sample_002396,noise_00396,NOISE,,,,,,4.74,0.19268
sample_002397,noise_00397,NOISE,,,,,,4.19,0.47284
sample_002398,noise_00398,NOISE,,,,,,4.64,0.23593
sample_002399,noise_00399,NOISE,,,,,,5.16,1.27009
sample_002400,noise_00400,NOISE,,,,,,5.66,0.08356
sample_002401,noise_00401,NOISE,,,,,,4.58,0.4345
sample_002402,noise_00402,NOISE,,,,,,4.26,1.18358
sample_002403,noise_00403,NOISE,,,,,,4.55,0.53281
sample_002404,noise_00404,NOISE,,,,,,4.68,0.54854
sample_002405,noise_00405,NOISE,,,,,,4.25,0.28017
sample_002406,noise_00406,NOISE,,,,,,4.63,0.18776
sample_002407,noise_00407,NOISE,,,,,,4.73,1.34283
sample_002408,noise_00408,NOISE,,,,,,4.84,0.63308
sample_002409,noise_00409,NOISE,,,,,,4.34,0.31261
sample_002410,noise_00410,NOISE,,,,,,4.7,1.07741
sample_002411,noise_00411,NOISE,,,,,,3.74,0.15925
sample_002412,noise_00412,NOISE,,,,,,4.49,1.14033
sample_002413,noise_00413,NOISE,,,,,,3.96,0.56721
sample_002414,noise_00414,NOISE,,,,,,4.59,1.51585
sample_002415,noise_00415,NOISE,,,,,,4.2,0.55837
sample_002416,noise_00416,NOISE,,,,,,4.4,0.18678
sample_002417,noise_00417,NOISE,,,,,,4.62,0.00983
sample_002418,noise_00418,NOISE,,,,,,4.52,1.24846
sample_002419,noise_00419,NOISE,,,,,,3.88,0.92013
sample_002420,noise_00420,NOISE,,,,,,3.97,1.41263
sample_002421,noise_00421,NOISE,,,,,,5.06,0.23003
sample_002422,noise_00422,NOISE,,,,,,4.44,0.10912
sample_002423,noise_00423,NOISE,,,,,,4.31,1.02826
sample_002424,noise_00424,NOISE,,,,,,4.08,1.15999
sample_002425,noise_00425,NOISE,,,,,,4.15,0.70582
sample_002426,noise_00426,NOISE,,,,,,5.08,0.78447
sample_002427,noise_00427,NOISE,,,,,,4.18,0.11403
sample_002428,noise_00428,NOISE,,,,,,4.4,0.50725
sample_002429,noise_00429,NOISE,,,,,,4.22,0.49152
sample_002430,noise_00430,NOISE,,,,,,4.05,0.54755
sample_002431,noise_00431,NOISE,,,,,,4.64,0.30867
sample_002432,noise_00432,NOISE,,,,,,4.3,0.23298
sample_002433,noise_00433,NOISE,,,,,,4.78,0.59376
sample_002434,noise_00434,NOISE,,,,,,4.34,1.36249
sample_002435,noise_00435,NOISE,,,,,,4.38,0.35389
sample_002436,noise_00436,NOISE,,,,,,4.26,0.19956
sample_002437,noise_00437,NOISE,,,,,,4.06,0.06685
sample_002438,noise_00438,NOISE,,,,,,3.94,0.8867
sample_002439,noise_00439,NOISE,,,,,,4.79,0.29098
sample_002440,noise_00440,NOISE,,,,,,4.14,0.03539
sample_002441,noise_00441,NOISE,,,,,,4.9,0.42566
sample_002442,noise_00442,NOISE,,,,,,4.59,0.24281
sample_002443,noise_00443,NOISE,,,,,,4.39,0.62915
sample_002444,noise_00444,NOISE,,,,,,4.15,0.3362
sample_002445,noise_00445,NOISE,,,,,,4.05,0.35586
sample_002446,noise_00446,NOISE,,,,,,4.58,0.59867
sample_002447,noise_00447,NOISE,,,,,,4.48,0.27329
sample_002448,noise_00448,NOISE,,,,,,4.43,0.59769
sample_002449,noise_00449,NOISE,,,,,,4.33,1.101
sample_002450,noise_00450,NOISE,,,,,,4.87,0.41878
sample_002451,noise_00451,NOISE,,,,,,4.28,1.17572
sample_002452,noise_00452,NOISE,,,,,,4.71,0.85721
sample_002453,noise_00453,NOISE,,,,,,3.97,0.4404
sample_002454,noise_00454,NOISE,,,,,,5.41,0.91816
sample_002455,noise_00455,NOISE,,,,,,4.58,0.48759
sample_002456,noise_00456,NOISE,,,,,,4.2,1.29171
sample_002457,noise_00457,NOISE,,,,,,4.52,1.61022
sample_002458,noise_00458,NOISE,,,,,,4.56,0.59179
sample_002459,noise_00459,NOISE,,,,,,4.31,0.09241
sample_002460,noise_00460,NOISE,,,,,,4.79,0.51905
sample_002461,noise_00461,NOISE,,,,,,4.47,0.88474
sample_002462,noise_00462,NOISE,,,,,,4.39,0.39518
sample_002463,noise_00463,NOISE,,,,,,3.87,1.47554
sample_002464,noise_00464,NOISE,,,,,,4.65,0.60555
sample_002465,noise_00465,NOISE,,,,,,4.14,0.90636
sample_002466,noise_00466,NOISE,,,,,,4.84,0.65176
sample_002467,noise_00467,NOISE,,,,,,4.78,0.58982
sample_002468,noise_00468,NOISE,,,,,,3.99,0.59376
sample_002469,noise_00469,NOISE,,,,,,4.95,0.90046
sample_002470,noise_00470,NOISE,,,,,,4.43,1.04595
sample_002471,noise_00471,NOISE,,,,,,4.55,0.26345
sample_002472,noise_00472,NOISE,,,,,,4.1,0.69599
sample_002473,noise_00473,NOISE,,,,,,5.76,0.09437
sample_002474,noise_00474,NOISE,,,,,,4.81,0.51905
sample_002475,noise_00475,NOISE,,,,,,4.84,0.40108
sample_002476,noise_00476,NOISE,,,,,,4.17,0.09241
sample_002477,noise_00477,NOISE,,,,,,4.63,0.15925
sample_002478,noise_00478,NOISE,,,,,,4.9,0.36667
sample_002479,noise_00479,NOISE,,,,,,4.77,0.83558
sample_002480,noise_00480,NOISE,,,,,,4.86,0.57803
sample_002481,noise_00481,NOISE,,,,,,4.39,0.84345
sample_002482,noise_00482,NOISE,,,,,,4.49,0.25362
sample_002483,noise_00483,NOISE,,,,,,4.4,0.43942
sample_002484,noise_00484,NOISE,,,,,,5.11,1.10297
sample_002485,noise_00485,NOISE,,,,,,4.75,0.99385
sample_002486,noise_00486,NOISE,,,,,,4.13,0.70779
sample_002487,noise_00487,NOISE,,,,,,4.02,0.50037
sample_002488,noise_00488,NOISE,,,,,,4.1,0.6783
sample_002489,noise_00489,NOISE,,,,,,4.62,0.03637
sample_002490,noise_00490,NOISE,,,,,,4.56,1.4372
sample_002491,noise_00491,NOISE,,,,,,4.92,0.15237
sample_002492,noise_00492,NOISE,,,,,,3.82,0.30278
sample_002493,noise_00493,NOISE,,,,,,4.41,0.55837
sample_002494,noise_00494,NOISE,,,,,,4.05,0.99287
sample_002495,noise_00495,NOISE,,,,,,4.15,1.53944
sample_002496,noise_00496,NOISE,,,,,,4.68,0.46793
sample_002497,noise_00497,NOISE,,,,,,4.49,0.26542
sample_002498,noise_00498,NOISE,,,,,,4.44,0.91816
sample_002499,noise_00499,NOISE,,,,,,3.94,0.04817
sample_002500,noise_00500,NOISE,,,,,,4.7,1.21012
sample_002501,noise_00501,NOISE,,,,,,4.19,0.16318
sample_002502,noise_00502,NOISE,,,,,,4.06,0.43254
sample_002503,noise_00503,NOISE,,,,,,5.35,0.97124
sample_002504,noise_00504,NOISE,,,,,,4.53,1.29171
sample_002505,noise_00505,NOISE,,,,,,4.57,1.29761
sample_002506,noise_00506,NOISE,,,,,,4.83,0.99877
sample_002507,noise_00507,NOISE,,,,,,4.04,0.49349
sample_002508,noise_00508,NOISE,,,,,,3.95,0.19464
sample_002509,noise_00509,NOISE,,,,,,4.63,0.16515
sample_002510,noise_00510,NOISE,,,,,,4.99,0.60162
sample_002511,noise_00511,NOISE,,,,,,4.4,0.23593
sample_002512,noise_00512,NOISE,,,,,,4.24,0.54166
sample_002513,noise_00513,NOISE,,,,,,4.05,0.12386
sample_002514,noise_00514,NOISE,,,,,,4.91,0.21627
sample_002515,noise_00515,NOISE,,,,,,4.82,0.78053
sample_002516,noise_00516,NOISE,,,,,,5.31,0.80609
sample_002517,noise_00517,NOISE,,,,,,4.62,0.57606
sample_002518,noise_00518,NOISE,,,,,,4.17,0.49152
sample_002519,noise_00519,NOISE,,,,,,3.96,0.09241
sample_002520,noise_00520,NOISE,,,,,,6.02,0.99484
sample_002521,noise_00521,NOISE,,,,,,4.12,0.39027
sample_002522,noise_00522,NOISE,,,,,,4.14,0.34603
sample_002523,noise_00523,NOISE,,,,,,4.8,0.47677
sample_002524,noise_00524,NOISE,,,,,,4.41,0.93192
sample_002525,noise_00525,NOISE,,,,,,4.14,0.08061
sample_002526,noise_00526,NOISE,,,,,,3.96,0.58786
sample_002527,noise_00527,NOISE,,,,,,4.54,0.48759
sample_002528,noise_00528,NOISE,,,,,,4.15,1.22192
sample_002529,noise_00529,NOISE,,,,,,4.45,0.22217
sample_002530,noise_00530,NOISE,,,,,,4.53,0.39813
sample_002531,noise_00531,NOISE,,,,,,5.41,0.13173
sample_002532,noise_00532,NOISE,,,,,,4.44,1.29761
sample_002533,noise_00533,NOISE,,,,,,4.33,0.37257
sample_002534,noise_00534,NOISE,,,,,,4.35,0.27722
sample_002535,noise_00535,NOISE,,,,,,5.3,0.92111
sample_002536,noise_00536,NOISE,,,,,,4.12,1.28385
sample_002537,noise_00537,NOISE,,,,,,4.24,0.56033
sample_002538,noise_00538,NOISE,,,,,,3.68,0.97321
sample_002539,noise_00539,NOISE,,,,,,4.54,0.64291
sample_002540,noise_00540,NOISE,,,,,,5.81,1.30744
sample_002541,noise_00541,NOISE,,,,,,4.64,0.76284
sample_002542,noise_00542,NOISE,,,,,,4.35,0.11796
sample_002543,noise_00543,NOISE,,,,,,4.1,1.63185
sample_002544,noise_00544,NOISE,,,,,,4.15,0.38928
sample_002545,noise_00545,NOISE,,,,,,4.34,0.4345
sample_002546,noise_00546,NOISE,,,,,,4.8,0.58786
sample_002547,noise_00547,NOISE,,,,,,4.77,0.8985
sample_002548,noise_00548,NOISE,,,,,,4.53,0.35586
sample_002549,noise_00549,NOISE,,,,,,3.87,0.41091
sample_002550,noise_00550,NOISE,,,,,,4.4,0.2084
sample_002551,noise_00551,NOISE,,,,,,4.38,0.19661
sample_002552,noise_00552,NOISE,,,,,,4.28,0.30573
sample_002553,noise_00553,NOISE,,,,,,4.81,0.49054
sample_002554,noise_00554,NOISE,,,,,,4.73,1.19734
sample_002555,noise_00555,NOISE,,,,,,4.74,1.217
sample_002556,noise_00556,NOISE,,,,,,4.18,0.3362
sample_002557,noise_00557,NOISE,,,,,,4.25,0.02556
sample_002558,noise_00558,NOISE,,,,,,5.03,0.2261
sample_002559,noise_00559,NOISE,,,,,,5.0,0.6547
sample_002560,noise_00560,NOISE,,,,,,5.19,0.23986
sample_002561,noise_00561,NOISE,,,,,,4.66,0.31261
sample_002562,noise_00562,NOISE,,,,,,4.46,1.48832
sample_002563,noise_00563,NOISE,,,,,,4.26,0.37454
sample_002564,noise_00564,NOISE,,,,,,4.13,1.36839
sample_002565,noise_00565,NOISE,,,,,,4.62,0.42664
sample_002566,noise_00566,NOISE,,,,,,4.14,0.29688
sample_002567,noise_00567,NOISE,,,,,,4.14,1.17572
sample_002568,noise_00568,NOISE,,,,,,4.9,0.48366
sample_002569,noise_00569,NOISE,,,,,,4.52,0.41484
sample_002570,noise_00570,NOISE,,,,,,4.46,0.25362
sample_002571,noise_00571,NOISE,,,,,,4.04,0.30081
sample_002572,noise_00572,NOISE,,,,,,4.01,0.48759
sample_002573,noise_00573,NOISE,,,,,,4.71,0.33817
sample_002574,noise_00574,NOISE,,,,,,4.53,0.59376
sample_002575,noise_00575,NOISE,,,,,,3.96,0.05112
sample_002576,noise_00576,NOISE,,,,,,4.55,0.70386
sample_002577,noise_00577,NOISE,,,,,,4.34,0.30081
sample_002578,noise_00578,NOISE,,,,,,4.86,0.48366
sample_002579,noise_00579,NOISE,,,,,,4.15,0.40305
sample_002580,noise_00580,NOISE,,,,,,4.49,0.31654
sample_002581,noise_00581,NOISE,,,,,,3.95,0.92996
sample_002582,noise_00582,NOISE,,,,,,3.89,1.04497
sample_002583,noise_00583,NOISE,,,,,,4.26,0.46203
sample_002584,noise_00584,NOISE,,,,,,4.24,0.55345
sample_002585,noise_00585,NOISE,,,,,,5.16,0.04522
sample_002586,noise_00586,NOISE,,,,,,4.4,1.2406
sample_002587,noise_00587,NOISE,,,,,,4.0,1.00073
sample_002588,noise_00588,NOISE,,,,,,4.43,0.14156
sample_002589,noise_00589,NOISE,,,,,,4.17,0.18285
sample_002590,noise_00590,NOISE,,,,,,4.58,0.67633
sample_002591,noise_00591,NOISE,,,,,,4.69,1.3566
sample_002592,noise_00592,NOISE,,,,,,3.85,0.10715
sample_002593,noise_00593,NOISE,,,,,,4.68,0.55345
sample_002594,noise_00594,NOISE,,,,,,5.14,0.42074
sample_002595,noise_00595,NOISE,,,,,,4.49,0.19857
sample_002596,noise_00596,NOISE,,,,,,3.92,0.73335
sample_002597,noise_00597,NOISE,,,,,,4.22,1.30646
sample_002598,noise_00598,NOISE,,,,,,3.9,0.65077
sample_002599,noise_00599,NOISE,,,,,,4.45,0.66257
sample_002600,noise_00600,NOISE,,,,,,5.14,0.22807
sample_002601,noise_00601,NOISE,,,,,,4.59,0.68616
sample_002602,noise_00602,NOISE,,,,,,4.15,0.94077
sample_002603,noise_00603,NOISE,,,,,,4.45,0.65176
sample_002604,noise_00604,NOISE,,,,,,4.38,0.22905
sample_002605,noise_00605,NOISE,,,,,,4.92,0.05308
sample_002606,noise_00606,NOISE,,,,,,4.25,1.20127
sample_002607,noise_00607,NOISE,,,,,,4.39,0.13173
sample_002608,noise_00608,NOISE,,,,,,4.25,0.51511
sample_002609,noise_00609,NOISE,,,,,,4.52,0.79036
sample_002610,noise_00610,NOISE,,,,,,4.29,0.03932
sample_002611,noise_00611,NOISE,,,,,,4.68,0.72155
sample_002612,noise_00612,NOISE,,,,,,4.02,1.24256
sample_002613,noise_00613,NOISE,,,,,,4.3,0.46203
sample_002614,noise_00614,NOISE,,,,,,4.62,0.86704
sample_002615,noise_00615,NOISE,,,,,,5.07,0.31457
sample_002616,noise_00616,NOISE,,,,,,4.9,0.62128
sample_002617,noise_00617,NOISE,,,,,,4.1,0.62128
sample_002618,noise_00618,NOISE,,,,,,4.8,1.04301
sample_002619,noise_00619,NOISE,,,,,,4.65,0.24379
sample_002620,noise_00620,NOISE,,,,,,4.76,0.16515
sample_002621,noise_00621,NOISE,,,,,,5.02,0.04424
sample_002622,noise_00622,NOISE,,,,,,4.61,0.00098
sample_002623,noise_00623,NOISE,,,,,,4.73,0.64487
sample_002624,noise_00624,NOISE,,,,,,4.66,0.78348
sample_002625,noise_00625,NOISE,,,,,,4.28,0.64487
sample_002626,noise_00626,NOISE,,,,,,4.99,0.84541
sample_002627,noise_00627,NOISE,,,,,,5.7,0.60752
sample_002628,noise_00628,NOISE,,,,,,4.73,0.22807
sample_002629,noise_00629,NOISE,,,,,,4.39,0.47186
sample_002630,noise_00630,NOISE,,,,,,4.32,0.20251
sample_002631,noise_00631,NOISE,,,,,,4.52,1.03809
sample_002632,noise_00632,NOISE,,,,,,4.22,1.35463
sample_002633,noise_00633,NOISE,,,,,,4.74,0.38142
sample_002634,noise_00634,NOISE,,,,,,4.6,1.58073
sample_002635,noise_00635,NOISE,,,,,,4.85,0.05505
sample_002636,noise_00636,NOISE,,,,,,4.0,0.6724
sample_002637,noise_00637,NOISE,,,,,,4.28,0.13369
sample_002638,noise_00638,NOISE,,,,,,5.31,0.62128
sample_002639,noise_00639,NOISE,,,,,,4.23,0.85131
sample_002640,noise_00640,NOISE,,,,,,5.06,0.31064
sample_002641,noise_00641,NOISE,,,,,,4.05,0.30867
sample_002642,noise_00642,NOISE,,,,,,3.82,1.08921
sample_002643,noise_00643,NOISE,,,,,,4.55,0.46006
sample_002644,noise_00644,NOISE,,,,,,4.41,0.74121
sample_002645,noise_00645,NOISE,,,,,,4.58,0.54854
sample_002646,noise_00646,NOISE,,,,,,4.11,1.06365
sample_002647,noise_00647,NOISE,,,,,,4.7,0.116
sample_002648,noise_00648,NOISE,,,,,,3.65,0.14451
sample_002649,noise_00649,NOISE,,,,,,5.05,1.41951
sample_002650,noise_00650,NOISE,,,,,,4.03,0.41681
sample_002651,noise_00651,NOISE,,,,,,4.46,0.32539
sample_002652,noise_00652,NOISE,,,,,,3.96,0.10224
sample_002653,noise_00653,NOISE,,,,,,3.97,1.4372
sample_002654,noise_00654,NOISE,,,,,,4.2,0.85721
sample_002655,noise_00655,NOISE,,,,,,3.95,1.15016
sample_002656,noise_00656,NOISE,,,,,,4.99,1.05382
sample_002657,noise_00657,NOISE,,,,,,3.96,0.10224
sample_002658,noise_00658,NOISE,,,,,,4.37,0.82575
sample_002659,noise_00659,NOISE,,,,,,4.32,0.22217
sample_002660,noise_00660,NOISE,,,,,,4.44,0.16515
sample_002661,noise_00661,NOISE,,,,,,4.5,1.45097
sample_002662,noise_00662,NOISE,,,,,,3.94,0.81986
sample_002663,noise_00663,NOISE,,,,,,5.7,0.45023
sample_002664,noise_00664,NOISE,,,,,,4.9,0.77464
sample_002665,noise_00665,NOISE,,,,,,5.77,0.09437
sample_002666,noise_00666,NOISE,,,,,,4.25,0.57016
sample_002667,noise_00667,NOISE,,,,,,4.02,0.64389
sample_002668,noise_00668,NOISE,,,,,,4.02,0.58589
sample_002669,noise_00669,NOISE,,,,,,5.08,0.38535
sample_002670,noise_00670,NOISE,,,,,,4.58,1.11084
sample_002671,noise_00671,NOISE,,,,,,4.4,0.39322
sample_002672,noise_00672,NOISE,,,,,,4.34,0.06291
sample_002673,noise_00673,NOISE,,,,,,4.62,0.4345
sample_002674,noise_00674,NOISE,,,,,,4.54,0.87884
sample_002675,noise_00675,NOISE,,,,,,4.05,1.07151
sample_002676,noise_00676,NOISE,,,,,,4.44,0.27329
sample_002677,noise_00677,NOISE,,,,,,3.94,0.39223
sample_002678,noise_00678,NOISE,,,,,,4.99,0.00197
sample_002679,noise_00679,NOISE,,,,,,4.89,0.10813
sample_002680,noise_00680,NOISE,,,,,,4.13,0.47383
sample_002681,noise_00681,NOISE,,,,,,5.22,0.4345
sample_002682,noise_00682,NOISE,,,,,,4.55,0.57999
sample_002683,noise_00683,NOISE,,,,,,4.65,0.6606
sample_002684,noise_00684,NOISE,,,,,,4.99,0.93585
sample_002685,noise_00685,NOISE,,,,,,4.08,0.5682
sample_002686,noise_00686,NOISE,,,,,,4.34,1.54141
sample_002687,noise_00687,NOISE,,,,,,5.44,1.21504
sample_002688,noise_00688,NOISE,,,,,,4.45,0.30081
sample_002689,noise_00689,NOISE,,,,,,4.43,0.44728
sample_002690,noise_00690,NOISE,,,,,,4.22,0.50528
sample_002691,noise_00691,NOISE,,,,,,4.22,0.27427
sample_002692,noise_00692,NOISE,,,,,,4.74,0.15335
sample_002693,noise_00693,NOISE,,,,,,4.61,0.65274
sample_002694,noise_00694,NOISE,,,,,,4.18,1.41754
sample_002695,noise_00695,NOISE,,,,,,4.38,0.37945
sample_002696,noise_00696,NOISE,,,,,,4.36,0.27722
sample_002697,noise_00697,NOISE,,,,,,4.4,1.1069
sample_002698,noise_00698,NOISE,,,,,,4.29,1.13836
sample_002699,noise_00699,NOISE,,,,,,4.32,0.54952
sample_002700,noise_00700,NOISE,,,,,,3.95,0.45416
sample_002701,noise_00701,NOISE,,,,,,5.91,0.52298
sample_002702,noise_00702,NOISE,,,,,,3.84,0.29491
sample_002703,noise_00703,NOISE,,,,,,3.78,0.09044
sample_002704,noise_00704,NOISE,,,,,,5.11,0.29098
sample_002705,noise_00705,NOISE,,,,,,4.04,1.12067
sample_002706,noise_00706,NOISE,,,,,,4.1,0.08061
sample_002707,noise_00707,NOISE,,,,,,3.95,0.25854
sample_002708,noise_00708,NOISE,,,,,,4.64,0.05702
sample_002709,noise_00709,NOISE,,,,,,4.39,0.29491
sample_002710,noise_00710,NOISE,,,,,,4.34,0.46596
sample_002711,noise_00711,NOISE,,,,,,5.68,0.52888
sample_002712,noise_00712,NOISE,,,,,,5.09,0.75104
sample_002713,noise_00713,NOISE,,,,,,4.05,0.58098
sample_002714,noise_00714,NOISE,,,,,,4.03,1.19734
sample_002715,noise_00715,NOISE,,,,,,4.06,0.48955
sample_002716,noise_00716,NOISE,,,,,,4.51,0.80216
sample_002717,noise_00717,NOISE,,,,,,4.16,0.27918
sample_002718,noise_00718,NOISE,,,,,,4.74,0.81592
sample_002719,noise_00719,NOISE,,,,,,4.2,0.86508
sample_002720,noise_00720,NOISE,,,,,,4.67,0.46989
sample_002721,noise_00721,NOISE,,,,,,4.61,0.73335
sample_002722,noise_00722,NOISE,,,,,,4.37,0.81396
sample_002723,noise_00723,NOISE,,,,,,4.54,0.90538
sample_002724,noise_00724,NOISE,,,,,,4.64,0.40796
sample_002725,noise_00725,NOISE,,,,,,4.09,0.53969
sample_002726,noise_00726,NOISE,,,,,,4.76,1.27992
sample_002727,noise_00727,NOISE,,,,,,4.61,0.16122
sample_002728,noise_00728,NOISE,,,,,,5.73,0.18678
sample_002729,noise_00729,NOISE,,,,,,4.25,0.49152
sample_002730,noise_00730,NOISE,,,,,,4.42,1.20717
sample_002731,noise_00731,NOISE,,,,,,4.55,0.56623
sample_002732,noise_00732,NOISE,,,,,,4.37,0.2261
sample_002733,noise_00733,NOISE,,,,,,4.77,1.03023
sample_002734,noise_00734,NOISE,,,,,,4.26,0.93782
sample_002735,noise_00735,NOISE,,,,,,4.32,0.49545
sample_002736,noise_00736,NOISE,,,,,,4.26,1.4549
sample_002737,noise_00737,NOISE,,,,,,5.14,0.26149
sample_002738,noise_00738,NOISE,,,,,,4.09,0.69796
sample_002739,noise_00739,NOISE,,,,,,4.25,0.86704
sample_002740,noise_00740,NOISE,,,,,,5.39,0.69992
sample_002741,noise_00741,NOISE,,,,,,4.12,1.29171
sample_002742,noise_00742,NOISE,,,,,,4.22,0.2084
sample_002743,noise_00743,NOISE,,,,,,4.62,0.73236
sample_002744,noise_00744,NOISE,,,,,,3.9,0.61735
sample_002745,noise_00745,NOISE,,,,,,4.57,0.47776
sample_002746,noise_00746,NOISE,,,,,,4.24,0.03736
sample_002747,noise_00747,NOISE,,,,,,4.14,0.58982
sample_002748,noise_00748,NOISE,,,,,,4.9,0.51315
sample_002749,noise_00749,NOISE,,,,,,5.35,0.348
sample_002750,noise_00750,NOISE,,,,,,4.08,0.24084
sample_002751,noise_00751,NOISE,,,,,,4.73,0.71565
sample_002752,noise_00752,NOISE,,,,,,4.61,1.43819
sample_002753,noise_00753,NOISE,,,,,,4.47,0.348
sample_002754,noise_00754,NOISE,,,,,,4.62,0.79823
sample_002755,noise_00755,NOISE,,,,,,4.61,0.64979
sample_002756,noise_00756,NOISE,,,,,,4.76,1.02826
sample_002757,noise_00757,NOISE,,,,,,4.32,0.30081
sample_002758,noise_00758,NOISE,,,,,,3.95,0.7422
sample_002759,noise_00759,NOISE,,,,,,4.41,0.30474
sample_002760,noise_00760,NOISE,,,,,,4.96,0.83952
sample_002761,noise_00761,NOISE,,,,,,4.25,0.7707
sample_002762,noise_00762,NOISE,,,,,,4.12,1.24846
sample_002763,noise_00763,NOISE,,,,,,4.13,1.19734
sample_002764,noise_00764,NOISE,,,,,,3.49,0.13468
sample_002765,noise_00765,NOISE,,,,,,4.3,0.13271
sample_002766,noise_00766,NOISE,,,,,,4.24,0.59965
sample_002767,noise_00767,NOISE,,,,,,4.45,0.02949
sample_002768,noise_00768,NOISE,,,,,,4.95,0.76284
sample_002769,noise_00769,NOISE,,,,,,4.14,0.86409
sample_002770,noise_00770,NOISE,,,,,,4.65,0.8985
sample_002771,noise_00771,NOISE,,,,,,5.04,1.16785
sample_002772,noise_00772,NOISE,,,,,,4.13,0.30179
sample_002773,noise_00773,NOISE,,,,,,5.28,1.38805
sample_002774,noise_00774,NOISE,,,,,,4.06,0.40108
sample_002775,noise_00775,NOISE,,,,,,4.05,0.01081
sample_002776,noise_00776,NOISE,,,,,,4.59,1.34775
sample_002777,noise_00777,NOISE,,,,,,5.39,0.49545
sample_002778,noise_00778,NOISE,,,,,,4.44,0.15729
sample_002779,noise_00779,NOISE,,,,,,4.12,0.04817
sample_002780,noise_00780,NOISE,,,,,,4.35,0.22217
sample_002781,noise_00781,NOISE,,,,,,6.95,0.81199
sample_002782,noise_00782,NOISE,,,,,,4.16,0.28508
sample_002783,noise_00783,NOISE,,,,,,4.16,0.68813
sample_002784,noise_00784,NOISE,,,,,,4.03,0.47972
sample_002785,noise_00785,NOISE,,,,,,4.57,0.45023
sample_002786,noise_00786,NOISE,,,,,,4.51,0.7943
sample_002787,noise_00787,NOISE,,,,,,4.54,0.59376
sample_002788,noise_00788,NOISE,,,,,,4.31,0.71074
sample_002789,noise_00789,NOISE,,,,,,4.85,0.91423
sample_002790,noise_00790,NOISE,,,,,,4.38,0.83165
sample_002791,noise_00791,NOISE,,,,,,3.95,0.87687
sample_002792,noise_00792,NOISE,,,,,,4.32,0.07569
sample_002793,noise_00793,NOISE,,,,,,4.54,1.26419
sample_002794,noise_00794,NOISE,,,,,,4.77,0.59179
sample_002795,noise_00795,NOISE,,,,,,4.66,1.15016
sample_002796,noise_00796,NOISE,,,,,,4.85,0.64487
sample_002797,noise_00797,NOISE,,,,,,4.06,0.82379
sample_002798,noise_00798,NOISE,,,,,,3.92,0.07176
sample_002799,noise_00799,NOISE,,,,,,4.06,0.2379
sample_002800,noise_00800,NOISE,,,,,,4.08,0.86213
sample_002801,noise_00801,NOISE,,,,,,4.85,0.03342
sample_002802,noise_00802,NOISE,,,,,,4.26,0.34898
sample_002803,noise_00803,NOISE,,,,,,4.63,1.14917
sample_002804,noise_00804,NOISE,,,,,,4.37,0.14746
sample_002805,noise_00805,NOISE,,,,,,4.84,0.71762
sample_002806,noise_00806,NOISE,,,,,,4.06,1.35856
sample_002807,noise_00807,NOISE,,,,,,4.59,0.75301
sample_002808,noise_00808,NOISE,,,,,,4.79,0.24379
sample_002809,noise_00809,NOISE,,,,,,4.6,0.56033
sample_002810,noise_00810,NOISE,,,,,,4.13,0.79135
sample_002811,noise_00811,NOISE,,,,,,4.02,0.45416
sample_002812,noise_00812,NOISE,,,,,,5.25,0.64881
sample_002813,noise_00813,NOISE,,,,,,4.38,0.7943
sample_002814,noise_00814,NOISE,,,,,,4.38,0.26345
sample_002815,noise_00815,NOISE,,,,,,4.52,0.11895
sample_002816,noise_00816,NOISE,,,,,,4.31,0.77562
sample_002817,noise_00817,NOISE,,,,,,4.59,0.05308
sample_002818,noise_00818,NOISE,,,,,,4.02,1.20127
sample_002819,noise_00819,NOISE,,,,,,3.99,0.42074
sample_002820,noise_00820,NOISE,,,,,,4.47,0.48562
sample_002821,noise_00821,NOISE,,,,,,4.63,0.18088
sample_002822,noise_00822,NOISE,,,,,,4.57,1.29761
sample_002823,noise_00823,NOISE,,,,,,4.39,0.50528
sample_002824,noise_00824,NOISE,,,,,,4.9,0.59572
sample_002825,noise_00825,NOISE,,,,,,4.84,0.79626
sample_002826,noise_00826,NOISE,,,,,,4.31,0.07963
sample_002827,noise_00827,NOISE,,,,,,4.36,0.45515
sample_002828,noise_00828,NOISE,,,,,,4.29,0.00885
sample_002829,noise_00829,NOISE,,,,,,4.81,0.28312
sample_002830,noise_00830,NOISE,,,,,,4.47,1.5473
sample_002831,noise_00831,NOISE,,,,,,4.38,0.50135
sample_002832,noise_00832,NOISE,,,,,,4.58,0.81199
sample_002833,noise_00833,NOISE,,,,,,4.88,0.7707
sample_002834,noise_00834,NOISE,,,,,,4.53,0.92209
sample_002835,noise_00835,NOISE,,,,,,4.61,0.18383
sample_002836,noise_00836,NOISE,,,,,,4.1,0.63308
sample_002837,noise_00837,NOISE,,,,,,4.55,0.10617
sample_002838,noise_00838,NOISE,,,,,,4.41,1.2406
sample_002839,noise_00839,NOISE,,,,,,4.23,0.2202
sample_002840,noise_00840,NOISE,,,,,,4.71,0.15925
sample_002841,noise_00841,NOISE,,,,,,4.0,0.8228
sample_002842,noise_00842,NOISE,,,,,,4.71,1.0027
sample_002843,noise_00843,NOISE,,,,,,4.2,0.84541
sample_002844,noise_00844,NOISE,,,,,,5.01,0.16515
sample_002845,noise_00845,NOISE,,,,,,4.38,0.3421
sample_002846,noise_00846,NOISE,,,,,,4.39,0.116
sample_002847,noise_00847,NOISE,,,,,,3.95,0.1622
sample_002848,noise_00848,NOISE,,,,,,4.49,0.32539
sample_002849,noise_00849,NOISE,,,,,,4.21,0.51511
sample_002850,noise_00850,NOISE,,,,,,4.17,0.25068
sample_002851,noise_00851,NOISE,,,,,,3.95,1.02236
sample_002852,noise_00852,NOISE,,,,,,4.8,0.45515
sample_002853,noise_00853,NOISE,,,,,,4.38,0.59769
sample_002854,noise_00854,NOISE,,,,,,5.3,0.81986
sample_002855,noise_00855,NOISE,,,,,,4.79,0.36471
sample_002856,noise_00856,NOISE,,,,,,4.22,0.05702
sample_002857,noise_00857,NOISE,,,,,,3.89,1.65839
sample_002858,noise_00858,NOISE,,,,,,4.57,0.45023
sample_002859,noise_00859,NOISE,,,,,,4.49,0.03932
sample_002860,noise_00860,NOISE,,,,,,4.08,0.81297
sample_002861,noise_00861,NOISE,,,,,,5.14,0.86311
sample_002862,noise_00862,NOISE,,,,,,4.36,0.57016
sample_002863,noise_00863,NOISE,,,,,,3.98,0.12976
sample_002864,noise_00864,NOISE,,,,,,4.4,0.61932
sample_002865,noise_00865,NOISE,,,,,,4.83,0.59376
sample_002866,noise_00866,NOISE,,,,,,4.14,0.50233
sample_002867,noise_00867,NOISE,,,,,,4.1,0.31752
sample_002868,noise_00868,NOISE,,,,,,4.55,0.18088
sample_002869,noise_00869,NOISE,,,,,,4.42,0.69206
sample_002870,noise_00870,NOISE,,,,,,4.44,0.97321
sample_002871,noise_00871,NOISE,,,,,,4.66,0.13173
sample_002872,noise_00872,NOISE,,,,,,4.27,0.15532
sample_002873,noise_00873,NOISE,,,,,,5.2,1.23863
sample_002874,noise_00874,NOISE,,,,,,5.33,0.67043
sample_002875,noise_00875,NOISE,,,,,,4.25,0.03539
sample_002876,noise_00876,NOISE,,,,,,4.05,0.45023
sample_002877,noise_00877,NOISE,,,,,,4.08,1.09904
sample_002878,noise_00878,NOISE,,,,,,4.67,0.52494
sample_002879,noise_00879,NOISE,,,,,,4.37,0.58982
sample_002880,noise_00880,NOISE,,,,,,5.13,0.80216
sample_002881,noise_00881,NOISE,,,,,,4.6,1.19931
sample_002882,noise_00882,NOISE,,,,,,4.13,0.32244
sample_002883,noise_00883,NOISE,,,,,,4.82,1.01057
sample_002884,noise_00884,NOISE,,,,,,4.45,0.31064
sample_002885,noise_00885,NOISE,,,,,,4.62,0.48562
sample_002886,noise_00886,NOISE,,,,,,4.61,0.39911
sample_002887,noise_00887,NOISE,,,,,,3.92,0.81199
sample_002888,noise_00888,NOISE,,,,,,4.19,0.35488
sample_002889,noise_00889,NOISE,,,,,,4.59,0.07864
sample_002890,noise_00890,NOISE,,,,,,5.17,1.15409
sample_002891,noise_00891,NOISE,,,,,,4.69,0.5682
sample_002892,noise_00892,NOISE,,,,,,4.48,1.14721
sample_002893,noise_00893,NOISE,,,,,,4.89,0.52101
sample_002894,noise_00894,NOISE,,,,,,4.83,0.03932
sample_002895,noise_00895,NOISE,,,,,,4.34,0.49545
sample_002896,noise_00896,NOISE,,,,,,4.88,0.68616
sample_002897,noise_00897,NOISE,,,,,,3.96,0.88375
sample_002898,noise_00898,NOISE,,,,,,4.97,0.03342
sample_002899,noise_00899,NOISE,,,,,,4.93,1.19144
sample_002900,noise_00900,NOISE,,,,,,4.48,0.5682
sample_002901,noise_00901,NOISE,,,,,,5.32,0.04522
sample_002902,noise_00902,NOISE,,,,,,4.38,0.4522
sample_002903,noise_00903,NOISE,,,,,,5.1,0.53281
sample_002904,noise_00904,NOISE,,,,,,4.92,0.37749
sample_002905,noise_00905,NOISE,,,,,,4.43,0.08061
sample_002906,noise_00906,NOISE,,,,,,4.49,1.13836
sample_002907,noise_00907,NOISE,,,,,,4.43,0.08454
sample_002908,noise_00908,NOISE,,,,,,4.67,0.43057
sample_002909,noise_00909,NOISE,,,,,,4.43,1.0489
sample_002910,noise_00910,NOISE,,,,,,3.95,0.68616
sample_002911,noise_00911,NOISE,,,,,,4.46,1.30548
sample_002912,noise_00912,NOISE,,,,,,6.01,0.48759
sample_002913,noise_00913,NOISE,,,,,,5.08,0.40501
sample_002914,noise_00914,NOISE,,,,,,4.21,0.01769
sample_002915,noise_00915,NOISE,,,,,,4.02,1.08134
sample_002916,noise_00916,NOISE,,,,,,4.25,0.28901
sample_002917,noise_00917,NOISE,,,,,,4.15,0.18678
sample_002918,noise_00918,NOISE,,,,,,4.52,0.232
sample_002919,noise_00919,NOISE,,,,,,4.9,0.42762
sample_002920,noise_00920,NOISE,,,,,,4.35,1.38117
sample_002921,noise_00921,NOISE,,,,,,4.41,0.31261
sample_002922,noise_00922,NOISE,,,,,,4.38,0.35979
sample_002923,noise_00923,NOISE,,,,,,4.77,1.10494
sample_002924,noise_00924,NOISE,,,,,,4.13,0.30671
sample_002925,noise_00925,NOISE,,,,,,4.13,1.14229
sample_002926,noise_00926,NOISE,,,,,,4.5,0.41189
sample_002927,noise_00927,NOISE,,,,,,4.58,0.22217
sample_002928,noise_00928,NOISE,,,,,,4.35,0.31064
sample_002929,noise_00929,NOISE,,,,,,4.2,0.4463
sample_002930,noise_00930,NOISE,,,,,,4.52,1.0145
sample_002931,noise_00931,NOISE,,,,,,3.97,1.0027
sample_002932,noise_00932,NOISE,,,,,,4.98,0.41878
sample_002933,noise_00933,NOISE,,,,,,4.05,0.72057
sample_002934,noise_00934,NOISE,,,,,,5.12,0.20251
sample_002935,noise_00935,NOISE,,,,,,4.61,0.09634
sample_002936,noise_00936,NOISE,,,,,,4.09,0.84345
sample_002937,noise_00937,NOISE,,,,,,4.49,0.40501
sample_002938,noise_00938,NOISE,,,,,,4.29,0.66454
sample_002939,noise_00939,NOISE,,,,,,4.17,0.04424
sample_002940,noise_00940,NOISE,,,,,,4.98,0.44433
sample_002941,noise_00941,NOISE,,,,,,4.19,0.59572
sample_002942,noise_00942,NOISE,,,,,,5.21,0.34898
sample_002943,noise_00943,NOISE,,,,,,4.45,0.78053
sample_002944,noise_00944,NOISE,,,,,,5.02,0.02556
sample_002945,noise_00945,NOISE,,,,,,4.23,1.26616
sample_002946,noise_00946,NOISE,,,,,,4.17,0.11207
sample_002947,noise_00947,NOISE,,,,,,4.64,1.32317
sample_002948,noise_00948,NOISE,,,,,,4.64,0.02753
sample_002949,noise_00949,NOISE,,,,,,4.24,0.0118
sample_002950,noise_00950,NOISE,,,,,,4.32,0.19661
sample_002951,noise_00951,NOISE,,,,,,4.76,0.09437
sample_002952,noise_00952,NOISE,,,,,,4.4,0.63701
sample_002953,noise_00953,NOISE,,,,,,4.43,0.26149
sample_002954,noise_00954,NOISE,,,,,,3.85,0.33423
sample_002955,noise_00955,NOISE,,,,,,4.1,0.30671
sample_002956,noise_00956,NOISE,,,,,,4.45,0.36176
sample_002957,noise_00957,NOISE,,,,,,4.62,0.27722
sample_002958,noise_00958,NOISE,,,,,,4.46,1.37626
sample_002959,noise_00959,NOISE,,,,,,4.18,0.90833
sample_002960,noise_00960,NOISE,,,,,,4.74,0.10224
sample_002961,noise_00961,NOISE,,,,,,4.73,0.81789
sample_002962,noise_00962,NOISE,,,,,,4.34,0.78447
sample_002963,noise_00963,NOISE,,,,,,4.82,0.55837
sample_002964,noise_00964,NOISE,,,,,,4.28,0.7825
sample_002965,noise_00965,NOISE,,,,,,4.33,1.36348
sample_002966,noise_00966,NOISE,,,,,,4.73,0.66454
sample_002967,noise_00967,NOISE,,,,,,4.53,1.10494
sample_002968,noise_00968,NOISE,,,,,,4.49,0.67437
sample_002969,noise_00969,NOISE,,,,,,5.97,0.26345
sample_002970,noise_00970,NOISE,,,,,,4.39,0.48366
sample_002971,noise_00971,NOISE,,,,,,4.39,0.01376
sample_002972,noise_00972,NOISE,,,,,,4.13,0.13468
sample_002973,noise_00973,NOISE,,,,,,4.11,0.02753
sample_002974,noise_00974,NOISE,,,,,,4.83,0.4404
sample_002975,noise_00975,NOISE,,,,,,4.19,0.12878
sample_002976,noise_00976,NOISE,,,,,,4.96,0.21332
sample_002977,noise_00977,NOISE,,,,,,4.57,1.1187
sample_002978,noise_00978,NOISE,,,,,,3.92,0.08651
sample_002979,noise_00979,NOISE,,,,,,4.48,0.72155
sample_002980,noise_00980,NOISE,,,,,,4.81,0.11403
sample_002981,noise_00981,NOISE,,,,,,4.61,0.30966
sample_002982,noise_00982,NOISE,,,,,,5.13,0.33227
sample_002983,noise_00983,NOISE,,,,,,4.8,0.18481
sample_002984,noise_00984,NOISE,,,,,,4.6,0.36372
sample_002985,noise_00985,NOISE,,,,,,4.36,0.87884
sample_002986,noise_00986,NOISE,,,,,,4.17,1.41459
sample_002987,noise_00987,NOISE,,,,,,3.75,0.13369
sample_002988,noise_00988,NOISE,,,,,,4.49,0.4522
sample_002989,noise_00989,NOISE,,,,,,4.19,0.40698
sample_002990,noise_00990,NOISE,,,,,,5.42,1.2229
sample_002991,noise_00991,NOISE,,,,,,4.39,1.40575
sample_002992,noise_00992,NOISE,,,,,,5.09,0.28508
sample_002993,noise_00993,NOISE,,,,,,4.59,0.37847
sample_002994,noise_00994,NOISE,,,,,,4.14,0.2261
sample_002995,noise_00995,NOISE,,,,,,4.52,1.27304
sample_002996,noise_00996,NOISE,,,,,,4.38,0.24183
sample_002997,noise_00997,NOISE,,,,,,5.19,0.29884
sample_002998,noise_00998,NOISE,,,,,,4.24,0.28312
sample_002999,noise_00999,NOISE,,,,,,4.02,0.59474
