sample_id,label,fits_path,seed,arrival_time,reference_frequency,flux_density,dm_index,width,dm,profile_type,rfi_types
frb_00000,FRB,dataset/fits/frb/frb_00000.fits,1373158607,0.432522,1260.420404,8.787578,-2.0,0.004104,672.877424,2,
frb_00001,FRB,dataset/fits/frb/frb_00001.fits,239081664,1.429507,1122.099792,10.475578,-2.0,0.003126,807.235136,2,
frb_00002,FRB,dataset/fits/frb/frb_00002.fits,53710185,1.186873,1212.197834,7.444148,-2.1,0.003696,313.405758,2,
frb_00003,FRB,dataset/fits/frb/frb_00003.fits,1592467582,0.919498,1299.558322,4.062607,-1.9,0.004213,350.896476,1,
frb_00004,FRB,dataset/fits/frb/frb_00004.fits,590620972,0.6837,1142.818621,9.822538,-2.0,0.003105,857.488566,2,
frb_00005,FRB,dataset/fits/frb/frb_00005.fits,525901257,1.303049,1208.093729,4.543955,-2.0,0.004591,121.724779,1,
frb_00006,FRB,dataset/fits/frb/frb_00006.fits,479341424,1.072498,1163.367092,6.640823,-2.1,0.003341,726.446019,2,
frb_00007,FRB,dataset/fits/frb/frb_00007.fits,299655413,1.151232,1212.123942,11.520569,-1.9,0.004997,484.497535,2,
frb_00008,FRB,dataset/fits/frb/frb_00008.fits,1581559893,0.694016,1226.214438,5.869781,-1.9,0.003876,764.609074,1,
frb_00009,FRB,dataset/fits/frb/frb_00009.fits,220106708,1.38242,1284.865506,6.876745,-1.9,0.004939,831.750314,1,
frb_00010,FRB,dataset/fits/frb/frb_00010.fits,1453201079,0.580856,1272.176325,4.864338,-1.9,0.004509,652.510276,2,
frb_00011,FRB,dataset/fits/frb/frb_00011.fits,1590571866,0.834004,1206.174368,6.855735,-1.9,0.004897,372.774852,1,
frb_00012,FRB,dataset/fits/frb/frb_00012.fits,1915941033,1.270913,1300.715034,9.51826,-1.9,0.004548,598.097882,2,
frb_00013,FRB,dataset/fits/frb/frb_00013.fits,1171165723,1.23081,1333.702094,10.292256,-1.9,0.004973,529.652466,2,
frb_00014,FRB,dataset/fits/frb/frb_00014.fits,186699714,0.58019,1166.651032,9.851982,-1.9,0.003442,461.560321,2,
frb_00015,FRB,dataset/fits/frb/frb_00015.fits,1268073013,0.664824,1221.566931,5.557614,-2.0,0.003638,226.321943,2,
frb_00016,FRB,dataset/fits/frb/frb_00016.fits,906070221,1.598401,1271.554918,11.750087,-2.1,0.003303,665.897631,2,
frb_00017,FRB,dataset/fits/frb/frb_00017.fits,68252794,1.226761,1204.085201,9.386572,-1.9,0.004218,648.356029,1,
frb_00018,FRB,dataset/fits/frb/frb_00018.fits,63989048,1.201148,1193.544051,10.988368,-1.9,0.00394,792.167025,2,
frb_00019,FRB,dataset/fits/frb/frb_00019.fits,201209006,0.57315,1208.971353,10.011875,-2.0,0.00442,208.669747,1,
frb_00020,FRB,dataset/fits/frb/frb_00020.fits,469521478,0.488316,1117.259936,11.522104,-1.9,0.004897,650.935065,2,
frb_00021,FRB,dataset/fits/frb/frb_00021.fits,499635469,1.588211,1272.079951,11.152631,-2.0,0.004772,552.292428,2,
frb_00022,FRB,dataset/fits/frb/frb_00022.fits,1085242217,1.602104,1217.748061,9.541304,-1.9,0.003761,131.140644,2,
frb_00023,FRB,dataset/fits/frb/frb_00023.fits,1292825379,0.509036,1366.516089,5.858008,-2.1,0.003136,843.764953,1,
frb_00024,FRB,dataset/fits/frb/frb_00024.fits,56985562,1.184157,1253.407936,7.859114,-2.1,0.00461,869.330781,1,
frb_00025,FRB,dataset/fits/frb/frb_00025.fits,1205264596,0.627696,1311.11514,11.71611,-2.1,0.003199,513.785415,2,
frb_00026,FRB,dataset/fits/frb/frb_00026.fits,427000597,1.549726,1206.46528,6.992782,-2.1,0.0045,204.658448,1,
frb_00027,FRB,dataset/fits/frb/frb_00027.fits,1537640409,1.339004,1229.218008,4.735012,-2.0,0.004855,322.689334,1,
frb_00028,FRB,dataset/fits/frb/frb_00028.fits,1395616197,0.924317,1217.252004,7.997301,-2.1,0.0045,855.567691,2,
frb_00029,FRB,dataset/fits/frb/frb_00029.fits,1506083911,0.626171,1334.168776,8.252481,-2.1,0.003029,679.133798,1,
frb_00030,FRB,dataset/fits/frb/frb_00030.fits,1170252924,0.607116,1211.231395,8.493454,-2.1,0.004746,135.925445,1,
frb_00031,FRB,dataset/fits/frb/frb_00031.fits,900911955,0.654473,1299.170816,5.517335,-2.0,0.003654,300.996933,2,
frb_00032,FRB,dataset/fits/frb/frb_00032.fits,473392625,1.28362,1391.554236,5.214615,-2.0,0.003653,561.170078,2,
frb_00033,FRB,dataset/fits/frb/frb_00033.fits,964669078,1.077178,1148.942332,5.012634,-1.9,0.004101,229.842886,1,
frb_00034,FRB,dataset/fits/frb/frb_00034.fits,1265438423,0.749619,1248.448175,5.292457,-2.1,0.004534,497.889481,2,
frb_00035,FRB,dataset/fits/frb/frb_00035.fits,597409993,0.431886,1381.069957,5.441148,-1.9,0.004234,755.368612,2,
frb_00036,FRB,dataset/fits/frb/frb_00036.fits,1738238662,1.054732,1161.001532,6.108497,-1.9,0.004392,579.066405,1,
frb_00037,FRB,dataset/fits/frb/frb_00037.fits,1866808230,0.725098,1133.803087,7.668908,-2.0,0.004589,873.533191,2,
frb_00038,FRB,dataset/fits/frb/frb_00038.fits,13955984,1.461536,1324.685484,9.082554,-1.9,0.00366,301.16988,1,
frb_00039,FRB,dataset/fits/frb/frb_00039.fits,1629526406,0.81957,1269.801431,10.96587,-2.0,0.004139,327.252292,2,
frb_00040,FRB,dataset/fits/frb/frb_00040.fits,1730483679,1.486873,1101.828363,11.369479,-2.1,0.003184,279.130765,1,
frb_00041,FRB,dataset/fits/frb/frb_00041.fits,342865763,1.593593,1265.693362,9.132415,-2.1,0.003872,727.599862,1,
frb_00042,FRB,dataset/fits/frb/frb_00042.fits,1499242942,1.355564,1147.968071,7.410631,-2.0,0.003787,865.587744,1,
frb_00043,FRB,dataset/fits/frb/frb_00043.fits,907557513,1.517509,1396.073782,4.149388,-2.0,0.004322,570.974873,1,
frb_00044,FRB,dataset/fits/frb/frb_00044.fits,730682428,0.867713,1318.560413,9.746803,-2.0,0.003802,544.727629,2,
frb_00045,FRB,dataset/fits/frb/frb_00045.fits,596724165,0.87462,1295.311029,9.548643,-2.0,0.004192,381.446271,1,
frb_00046,FRB,dataset/fits/frb/frb_00046.fits,333889689,1.069507,1174.267914,7.5138,-2.1,0.004383,708.405708,1,
frb_00047,FRB,dataset/fits/frb/frb_00047.fits,462382782,1.399968,1199.207011,7.876799,-2.0,0.003711,238.12059,2,
frb_00048,FRB,dataset/fits/frb/frb_00048.fits,2055599410,1.504651,1204.283888,5.850445,-2.0,0.003074,155.859815,1,
frb_00049,FRB,dataset/fits/frb/frb_00049.fits,1639591160,0.381912,1322.577919,11.861886,-1.9,0.004855,866.408585,2,
frb_00050,FRB,dataset/fits/frb/frb_00050.fits,722831293,1.638805,1259.827719,10.947347,-2.1,0.003576,681.86147,1,
frb_00051,FRB,dataset/fits/frb/frb_00051.fits,219494903,1.300385,1242.687747,11.211465,-2.1,0.003429,415.462683,1,
frb_00052,FRB,dataset/fits/frb/frb_00052.fits,199170185,1.61828,1283.667691,9.601258,-2.1,0.003325,641.699907,2,
frb_00053,FRB,dataset/fits/frb/frb_00053.fits,815887679,0.896434,1341.8454,10.188252,-2.0,0.003249,125.485198,1,
frb_00054,FRB,dataset/fits/frb/frb_00054.fits,207696844,0.824163,1113.31873,5.832211,-1.9,0.004114,754.452945,1,
frb_00055,FRB,dataset/fits/frb/frb_00055.fits,770902344,0.533653,1301.857176,4.889903,-2.1,0.003763,661.022416,2,
frb_00056,FRB,dataset/fits/frb/frb_00056.fits,1819980298,0.586744,1190.588173,7.636131,-2.1,0.003574,896.531742,1,
frb_00057,FRB,dataset/fits/frb/frb_00057.fits,738639289,1.604335,1349.213993,11.98483,-1.9,0.003933,353.771773,2,
frb_00058,FRB,dataset/fits/frb/frb_00058.fits,1296491778,0.982625,1246.720182,8.598901,-1.9,0.00317,586.428851,2,
frb_00059,FRB,dataset/fits/frb/frb_00059.fits,568054228,1.341018,1261.883004,5.786689,-2.1,0.004114,268.427953,2,
frb_00060,FRB,dataset/fits/frb/frb_00060.fits,1733294784,0.627606,1199.917355,9.566089,-2.1,0.004485,529.801476,2,
frb_00061,FRB,dataset/fits/frb/frb_00061.fits,93309106,1.233075,1305.417262,11.389581,-1.9,0.003031,738.172439,1,
frb_00062,FRB,dataset/fits/frb/frb_00062.fits,1567087081,1.292241,1177.746847,6.861678,-2.1,0.004283,326.212798,2,
frb_00063,FRB,dataset/fits/frb/frb_00063.fits,986607412,0.414984,1106.617709,9.303625,-1.9,0.004303,718.715587,2,
frb_00064,FRB,dataset/fits/frb/frb_00064.fits,1151541059,0.50577,1249.11872,8.943698,-2.0,0.004848,410.623556,1,
frb_00065,FRB,dataset/fits/frb/frb_00065.fits,268062141,1.616529,1133.800013,5.239144,-2.0,0.004638,470.47354,2,
frb_00066,FRB,dataset/fits/frb/frb_00066.fits,2089750183,1.639518,1210.306257,4.09403,-2.1,0.004353,157.189448,1,
frb_00067,FRB,dataset/fits/frb/frb_00067.fits,1980614225,0.481976,1312.254699,6.868873,-2.0,0.004242,585.701348,1,
frb_00068,FRB,dataset/fits/frb/frb_00068.fits,812896394,0.711151,1265.086688,7.92772,-2.0,0.004573,282.697218,1,
frb_00069,FRB,dataset/fits/frb/frb_00069.fits,169222133,0.77796,1124.077859,9.972699,-2.0,0.004341,759.951931,2,
frb_00070,FRB,dataset/fits/frb/frb_00070.fits,1185498233,1.067083,1229.621989,4.879913,-2.1,0.004386,834.581526,1,
frb_00071,FRB,dataset/fits/frb/frb_00071.fits,629595553,1.46151,1229.475725,9.421041,-2.1,0.003563,204.444515,2,
frb_00072,FRB,dataset/fits/frb/frb_00072.fits,1781132954,1.282269,1312.337553,10.889116,-1.9,0.00489,844.136533,1,
frb_00073,FRB,dataset/fits/frb/frb_00073.fits,1349993688,1.592562,1397.076814,6.199424,-2.1,0.003864,676.533543,1,
frb_00074,FRB,dataset/fits/frb/frb_00074.fits,1328261054,1.47007,1132.778418,5.040525,-2.0,0.004602,570.801908,2,
frb_00075,FRB,dataset/fits/frb/frb_00075.fits,1901493144,1.551493,1356.284319,11.498001,-2.0,0.003166,690.326534,2,
frb_00076,FRB,dataset/fits/frb/frb_00076.fits,1850501473,1.478531,1102.683999,4.932107,-2.0,0.003525,546.729068,2,
frb_00077,FRB,dataset/fits/frb/frb_00077.fits,776605305,0.377995,1166.243128,4.294585,-2.1,0.004068,762.198991,1,
frb_00078,FRB,dataset/fits/frb/frb_00078.fits,1239854304,0.46031,1113.727012,9.803302,-2.1,0.004552,468.913662,2,
frb_00079,FRB,dataset/fits/frb/frb_00079.fits,412936599,1.375751,1104.16053,10.848739,-2.1,0.004836,543.971691,2,
frb_00080,FRB,dataset/fits/frb/frb_00080.fits,1513056505,0.9364,1121.782013,8.851066,-2.1,0.004998,264.022627,1,
frb_00081,FRB,dataset/fits/frb/frb_00081.fits,149368554,0.86149,1346.622133,8.525921,-1.9,0.004314,253.719348,1,
frb_00082,FRB,dataset/fits/frb/frb_00082.fits,98407117,0.47981,1138.987394,11.660027,-1.9,0.003962,841.99169,1,
frb_00083,FRB,dataset/fits/frb/frb_00083.fits,1420052173,0.417253,1172.557787,4.217127,-1.9,0.004208,480.122057,1,
frb_00084,FRB,dataset/fits/frb/frb_00084.fits,489407816,1.046633,1265.838659,7.832524,-2.0,0.003313,284.844563,2,
frb_00085,FRB,dataset/fits/frb/frb_00085.fits,1660151622,0.453964,1355.404516,5.899093,-2.1,0.004552,307.14343,1,
frb_00086,FRB,dataset/fits/frb/frb_00086.fits,621455911,1.136327,1361.008873,9.826495,-2.0,0.003008,179.649143,2,
frb_00087,FRB,dataset/fits/frb/frb_00087.fits,2115747111,1.235385,1243.635865,6.647309,-2.1,0.004656,876.868597,2,
frb_00088,FRB,dataset/fits/frb/frb_00088.fits,171351961,0.567995,1373.766548,10.82411,-2.0,0.004334,363.599451,2,
frb_00089,FRB,dataset/fits/frb/frb_00089.fits,1836780820,0.80884,1285.988971,9.583116,-2.1,0.003344,764.68014,1,
frb_00090,FRB,dataset/fits/frb/frb_00090.fits,499914621,1.047726,1320.578109,9.744287,-2.0,0.003436,772.163541,2,
frb_00091,FRB,dataset/fits/frb/frb_00091.fits,1860759514,0.512066,1297.521359,7.404289,-2.1,0.004689,607.679678,1,
frb_00092,FRB,dataset/fits/frb/frb_00092.fits,216898921,1.335152,1391.918146,4.969543,-2.1,0.004522,549.895564,1,
frb_00093,FRB,dataset/fits/frb/frb_00093.fits,816314860,0.75794,1186.954004,11.459719,-2.1,0.004465,228.492778,1,
frb_00094,FRB,dataset/fits/frb/frb_00094.fits,596943773,1.009316,1339.174259,4.431509,-1.9,0.003997,182.084471,2,
frb_00095,FRB,dataset/fits/frb/frb_00095.fits,973691210,1.314369,1173.110739,11.601245,-2.0,0.004402,799.882979,2,
frb_00096,FRB,dataset/fits/frb/frb_00096.fits,1365121944,0.353811,1234.774351,4.891922,-2.0,0.004823,861.252994,2,
frb_00097,FRB,dataset/fits/frb/frb_00097.fits,1791238512,0.704861,1350.842905,9.509134,-2.1,0.00328,309.972742,2,
frb_00098,FRB,dataset/fits/frb/frb_00098.fits,783471137,1.328711,1286.110554,5.449209,-2.1,0.003401,408.793621,2,
frb_00099,FRB,dataset/fits/frb/frb_00099.fits,349297013,0.832764,1362.464504,4.96994,-2.1,0.003743,290.280447,2,
frb_00100,FRB,dataset/fits/frb/frb_00100.fits,794957573,1.279891,1397.984686,4.981168,-2.0,0.004463,532.174068,2,
frb_00101,FRB,dataset/fits/frb/frb_00101.fits,762938026,0.895464,1128.096388,8.590861,-2.0,0.00477,173.970309,1,
frb_00102,FRB,dataset/fits/frb/frb_00102.fits,449912920,0.599258,1346.972515,7.065932,-2.1,0.00428,367.854523,1,
frb_00103,FRB,dataset/fits/frb/frb_00103.fits,1439190227,0.908656,1109.714266,5.877373,-2.0,0.004606,396.422042,1,
frb_00104,FRB,dataset/fits/frb/frb_00104.fits,573330499,1.134925,1158.311125,5.835405,-1.9,0.003854,280.841058,2,
frb_00105,FRB,dataset/fits/frb/frb_00105.fits,1507147648,1.024355,1248.417217,8.358787,-2.0,0.003432,813.00699,1,
frb_00106,FRB,dataset/fits/frb/frb_00106.fits,2011450405,0.517266,1315.931426,9.462458,-1.9,0.004531,444.771345,1,
frb_00107,FRB,dataset/fits/frb/frb_00107.fits,1467907437,0.688438,1324.976348,4.132739,-1.9,0.003027,396.783448,1,
frb_00108,FRB,dataset/fits/frb/frb_00108.fits,1391645398,0.549898,1159.067569,8.740308,-2.1,0.003487,131.118662,1,
frb_00109,FRB,dataset/fits/frb/frb_00109.fits,153335724,0.722358,1149.49194,10.276322,-2.0,0.004961,475.32835,1,
frb_00110,FRB,dataset/fits/frb/frb_00110.fits,1308098874,1.271678,1291.851135,7.562941,-2.0,0.004076,888.024423,2,
frb_00111,FRB,dataset/fits/frb/frb_00111.fits,1363605490,1.411111,1353.674252,9.360015,-2.1,0.004906,419.798723,2,
frb_00112,FRB,dataset/fits/frb/frb_00112.fits,367517441,0.726958,1281.754974,10.001803,-2.1,0.003559,129.957803,2,
frb_00113,FRB,dataset/fits/frb/frb_00113.fits,1147056644,0.82383,1373.088382,8.929298,-2.1,0.004764,694.165362,1,
frb_00114,FRB,dataset/fits/frb/frb_00114.fits,1565787883,1.319499,1265.383967,10.685442,-1.9,0.003106,858.823509,1,
frb_00115,FRB,dataset/fits/frb/frb_00115.fits,525727462,0.890373,1336.291104,9.920565,-2.0,0.004386,472.180414,1,
frb_00116,FRB,dataset/fits/frb/frb_00116.fits,350904184,1.605442,1186.27472,8.755771,-2.1,0.003356,665.253022,2,
frb_00117,FRB,dataset/fits/frb/frb_00117.fits,992696250,1.379781,1101.178606,4.096741,-1.9,0.004804,214.966232,2,
frb_00118,FRB,dataset/fits/frb/frb_00118.fits,814874364,1.231171,1339.394949,8.576813,-2.0,0.00421,798.123294,1,
frb_00119,FRB,dataset/fits/frb/frb_00119.fits,579708538,0.654763,1190.472328,10.560166,-2.1,0.00454,159.965979,1,
frb_00120,FRB,dataset/fits/frb/frb_00120.fits,2124985204,1.638328,1179.472504,11.83847,-2.0,0.003923,830.222559,1,
frb_00121,FRB,dataset/fits/frb/frb_00121.fits,1987262418,0.501091,1268.522274,6.009508,-1.9,0.003426,562.721249,1,
frb_00122,FRB,dataset/fits/frb/frb_00122.fits,1374389013,1.502611,1301.338777,9.968813,-2.0,0.00428,620.627032,1,
frb_00123,FRB,dataset/fits/frb/frb_00123.fits,1477816547,1.451805,1341.458042,5.055776,-2.1,0.004532,561.48733,2,
frb_00124,FRB,dataset/fits/frb/frb_00124.fits,1196040477,0.499849,1313.308138,6.618656,-2.1,0.004447,817.81106,1,
frb_00125,FRB,dataset/fits/frb/frb_00125.fits,471619988,1.547593,1117.421902,11.08425,-1.9,0.004549,275.094493,1,
frb_00126,FRB,dataset/fits/frb/frb_00126.fits,1470197912,0.372164,1109.850891,4.931134,-2.0,0.004115,666.103201,1,
frb_00127,FRB,dataset/fits/frb/frb_00127.fits,696391872,1.456755,1140.285966,8.1601,-2.0,0.004226,195.175906,2,
frb_00128,FRB,dataset/fits/frb/frb_00128.fits,1810010707,0.577834,1341.249373,11.957008,-2.1,0.004131,715.362988,2,
frb_00129,FRB,dataset/fits/frb/frb_00129.fits,1649940839,0.876786,1149.556881,5.713799,-2.1,0.003031,617.844286,2,
frb_00130,FRB,dataset/fits/frb/frb_00130.fits,1666447133,1.040929,1338.711621,6.004507,-1.9,0.004171,287.178936,2,
frb_00131,FRB,dataset/fits/frb/frb_00131.fits,120125831,1.384944,1370.675774,8.333167,-1.9,0.003223,291.479365,2,
frb_00132,FRB,dataset/fits/frb/frb_00132.fits,491876989,1.287558,1216.313106,8.842278,-2.0,0.003094,164.851419,2,
frb_00133,FRB,dataset/fits/frb/frb_00133.fits,1764807638,1.474315,1127.065441,11.065374,-2.1,0.003798,174.749381,1,
frb_00134,FRB,dataset/fits/frb/frb_00134.fits,68934738,0.959198,1130.737396,6.812486,-2.1,0.004784,626.016186,2,
frb_00135,FRB,dataset/fits/frb/frb_00135.fits,1728822696,0.722432,1220.72102,7.743304,-1.9,0.004269,423.605925,2,
frb_00136,FRB,dataset/fits/frb/frb_00136.fits,677430271,1.584365,1277.627555,11.360109,-2.1,0.004231,618.394472,1,
frb_00137,FRB,dataset/fits/frb/frb_00137.fits,861494830,1.122303,1367.468685,10.507189,-2.0,0.003545,496.974674,1,
frb_00138,FRB,dataset/fits/frb/frb_00138.fits,574969168,1.406162,1277.439436,8.379858,-2.0,0.004442,517.278926,2,
frb_00139,FRB,dataset/fits/frb/frb_00139.fits,142138945,1.482764,1382.357402,9.136861,-2.0,0.004956,687.881393,1,
frb_00140,FRB,dataset/fits/frb/frb_00140.fits,453082199,1.245882,1261.271627,9.097287,-1.9,0.004106,293.160662,2,
frb_00141,FRB,dataset/fits/frb/frb_00141.fits,1960944881,1.013474,1373.196736,5.589584,-1.9,0.003076,855.031731,2,
frb_00142,FRB,dataset/fits/frb/frb_00142.fits,2024883187,0.942748,1366.016291,11.123371,-1.9,0.003185,816.605181,1,
frb_00143,FRB,dataset/fits/frb/frb_00143.fits,1218009888,1.514231,1335.217773,6.10374,-2.1,0.003686,274.106547,2,
frb_00144,FRB,dataset/fits/frb/frb_00144.fits,1881985144,1.100056,1203.792046,4.275654,-1.9,0.003428,687.16084,1,
frb_00145,FRB,dataset/fits/frb/frb_00145.fits,1541709160,1.139651,1372.697615,6.670601,-1.9,0.003827,411.892332,2,
frb_00146,FRB,dataset/fits/frb/frb_00146.fits,675765612,0.636609,1270.66564,4.652377,-2.1,0.004875,449.47026,1,
frb_00147,FRB,dataset/fits/frb/frb_00147.fits,456612024,0.723263,1189.348555,7.112374,-1.9,0.004736,125.548633,2,
frb_00148,FRB,dataset/fits/frb/frb_00148.fits,1407543819,1.440691,1213.828591,8.986839,-2.0,0.003714,865.337914,2,
frb_00149,FRB,dataset/fits/frb/frb_00149.fits,1072090969,1.369426,1116.885549,8.418225,-2.1,0.003866,166.761216,2,
frb_00150,FRB,dataset/fits/frb/frb_00150.fits,849613033,0.779227,1280.958013,11.751131,-2.0,0.003614,192.63503,1,
frb_00151,FRB,dataset/fits/frb/frb_00151.fits,1899842599,0.544949,1253.871845,10.415804,-1.9,0.003776,801.680762,2,
frb_00152,FRB,dataset/fits/frb/frb_00152.fits,1963975987,0.708417,1300.450395,11.603192,-1.9,0.00321,735.110386,1,
frb_00153,FRB,dataset/fits/frb/frb_00153.fits,1380513882,1.043782,1294.370546,11.684071,-2.1,0.003898,360.203888,2,
frb_00154,FRB,dataset/fits/frb/frb_00154.fits,985376853,1.061612,1329.922377,11.011755,-2.0,0.003055,786.908911,1,
frb_00155,FRB,dataset/fits/frb/frb_00155.fits,306814402,0.647309,1114.727957,5.685692,-2.1,0.004011,204.848817,2,
frb_00156,FRB,dataset/fits/frb/frb_00156.fits,568825840,0.832585,1298.793315,6.503817,-2.1,0.0049,185.605431,1,
frb_00157,FRB,dataset/fits/frb/frb_00157.fits,299853839,1.398757,1212.378461,11.423575,-2.0,0.003025,173.421858,1,
frb_00158,FRB,dataset/fits/frb/frb_00158.fits,529628541,1.223583,1134.897324,9.074454,-2.0,0.003552,384.494243,1,
frb_00159,FRB,dataset/fits/frb/frb_00159.fits,1599851661,0.635052,1252.634641,11.937639,-2.0,0.003586,446.816939,1,
frb_00160,FRB,dataset/fits/frb/frb_00160.fits,1205528894,1.558381,1332.679621,5.21148,-2.1,0.004577,260.805592,2,
frb_00161,FRB,dataset/fits/frb/frb_00161.fits,1157444917,1.548133,1121.646096,6.062802,-1.9,0.003501,162.921074,1,
frb_00162,FRB,dataset/fits/frb/frb_00162.fits,564233311,1.129326,1378.708599,7.103003,-2.0,0.003116,672.7954,2,
frb_00163,FRB,dataset/fits/frb/frb_00163.fits,1604199940,1.517898,1119.722401,10.696522,-1.9,0.004567,234.72319,2,
frb_00164,FRB,dataset/fits/frb/frb_00164.fits,1255388861,0.477605,1301.055798,9.764114,-2.0,0.004631,635.372474,2,
frb_00165,FRB,dataset/fits/frb/frb_00165.fits,920054628,0.759597,1103.859684,10.383017,-2.0,0.00342,559.298448,2,
frb_00166,FRB,dataset/fits/frb/frb_00166.fits,1928059963,0.561689,1283.267307,5.604551,-1.9,0.003894,649.652971,2,
frb_00167,FRB,dataset/fits/frb/frb_00167.fits,1253127417,1.286751,1138.631111,5.951275,-2.0,0.004387,657.158405,2,
frb_00168,FRB,dataset/fits/frb/frb_00168.fits,857706060,1.582764,1275.019034,9.806787,-2.0,0.004158,682.287133,2,
frb_00169,FRB,dataset/fits/frb/frb_00169.fits,777381452,1.394468,1222.734582,9.112882,-2.0,0.003214,176.753733,1,
frb_00170,FRB,dataset/fits/frb/frb_00170.fits,470987741,0.655526,1104.461981,8.285949,-1.9,0.003275,517.571415,1,
frb_00171,FRB,dataset/fits/frb/frb_00171.fits,2141740787,1.59667,1371.899378,8.161389,-2.1,0.004248,646.99477,1,
frb_00172,FRB,dataset/fits/frb/frb_00172.fits,2142195705,0.390595,1300.47562,5.212883,-2.1,0.004254,716.495866,1,
frb_00173,FRB,dataset/fits/frb/frb_00173.fits,297065155,1.187767,1288.513878,5.917981,-2.1,0.003596,147.100902,2,
frb_00174,FRB,dataset/fits/frb/frb_00174.fits,1094199381,0.906712,1173.319839,9.498757,-2.0,0.00396,445.608995,2,
frb_00175,FRB,dataset/fits/frb/frb_00175.fits,1059817200,0.891487,1335.838482,11.184669,-1.9,0.003754,698.950644,1,
frb_00176,FRB,dataset/fits/frb/frb_00176.fits,195226477,0.570906,1281.3061,11.316397,-2.0,0.004138,694.012164,2,
frb_00177,FRB,dataset/fits/frb/frb_00177.fits,1623029830,1.310463,1264.846666,11.755488,-2.0,0.00351,148.347002,1,
frb_00178,FRB,dataset/fits/frb/frb_00178.fits,101181643,0.723367,1271.129971,7.740121,-1.9,0.003881,370.107843,1,
frb_00179,FRB,dataset/fits/frb/frb_00179.fits,1849204428,0.771917,1382.593699,11.281226,-2.1,0.003957,726.736084,1,
frb_00180,FRB,dataset/fits/frb/frb_00180.fits,235469723,0.448613,1132.760064,9.403456,-1.9,0.003279,145.550674,1,
frb_00181,FRB,dataset/fits/frb/frb_00181.fits,328224240,1.120979,1335.79475,11.222449,-2.0,0.004693,226.558676,1,
frb_00182,FRB,dataset/fits/frb/frb_00182.fits,1347430115,1.559769,1327.056599,8.185432,-2.0,0.00324,175.617123,1,
frb_00183,FRB,dataset/fits/frb/frb_00183.fits,343558721,0.736176,1184.371636,6.737614,-2.0,0.003885,606.529931,2,
frb_00184,FRB,dataset/fits/frb/frb_00184.fits,1700977479,0.509285,1194.470477,8.151617,-2.0,0.003806,148.550331,2,
frb_00185,FRB,dataset/fits/frb/frb_00185.fits,1461322283,0.51132,1318.189442,11.580057,-1.9,0.004543,456.170415,2,
frb_00186,FRB,dataset/fits/frb/frb_00186.fits,906581621,0.719855,1229.890257,9.74501,-2.1,0.003149,834.601285,1,
frb_00187,FRB,dataset/fits/frb/frb_00187.fits,1280778651,0.438228,1151.452873,7.489752,-2.0,0.004259,732.309384,1,
frb_00188,FRB,dataset/fits/frb/frb_00188.fits,136424713,0.799061,1224.597546,9.397714,-2.1,0.004268,244.625699,1,
frb_00189,FRB,dataset/fits/frb/frb_00189.fits,826281507,0.853679,1365.992369,6.017756,-1.9,0.004367,797.754611,1,
frb_00190,FRB,dataset/fits/frb/frb_00190.fits,819521170,0.936947,1172.1165,6.563655,-1.9,0.003083,251.133563,1,
frb_00191,FRB,dataset/fits/frb/frb_00191.fits,1279660645,0.412438,1381.246973,6.390684,-2.0,0.003111,235.244956,1,
frb_00192,FRB,dataset/fits/frb/frb_00192.fits,2139154381,1.38011,1345.400031,6.343061,-2.1,0.004345,854.277583,2,
frb_00193,FRB,dataset/fits/frb/frb_00193.fits,1005129474,1.244968,1342.744442,4.299933,-2.0,0.003532,650.200931,2,
frb_00194,FRB,dataset/fits/frb/frb_00194.fits,1136264405,1.188439,1188.365362,4.734698,-1.9,0.004056,449.394596,2,
frb_00195,FRB,dataset/fits/frb/frb_00195.fits,539907703,1.529907,1172.986874,9.258885,-2.1,0.003926,433.403917,1,
frb_00196,FRB,dataset/fits/frb/frb_00196.fits,2085374941,1.450732,1180.978879,11.713908,-2.1,0.004321,449.933237,1,
frb_00197,FRB,dataset/fits/frb/frb_00197.fits,1188043566,1.093788,1324.818373,7.524301,-2.1,0.004387,705.107861,2,
frb_00198,FRB,dataset/fits/frb/frb_00198.fits,1848510327,1.104202,1173.817311,11.368218,-1.9,0.003305,718.985835,1,
frb_00199,FRB,dataset/fits/frb/frb_00199.fits,2023854872,0.646457,1259.899568,4.131573,-2.1,0.00456,852.773384,2,
frb_00200,FRB,dataset/fits/frb/frb_00200.fits,24655305,1.049283,1142.052183,11.494565,-1.9,0.004634,285.865513,2,
frb_00201,FRB,dataset/fits/frb/frb_00201.fits,1460897492,0.894008,1233.370286,8.305397,-1.9,0.004136,758.409102,1,
frb_00202,FRB,dataset/fits/frb/frb_00202.fits,1547738333,1.204519,1286.64281,7.934973,-1.9,0.003025,362.096235,1,
frb_00203,FRB,dataset/fits/frb/frb_00203.fits,245997990,0.507591,1305.103601,5.541502,-1.9,0.004904,180.052414,1,
frb_00204,FRB,dataset/fits/frb/frb_00204.fits,1463961868,0.755727,1109.007272,5.509515,-2.0,0.004315,337.6955,1,
frb_00205,FRB,dataset/fits/frb/frb_00205.fits,1900068735,0.456886,1239.864474,5.10413,-2.0,0.003834,285.129629,2,
frb_00206,FRB,dataset/fits/frb/frb_00206.fits,1153135003,0.64783,1218.633817,11.716941,-2.0,0.003177,370.387525,2,
frb_00207,FRB,dataset/fits/frb/frb_00207.fits,1612497801,0.505277,1313.437195,7.377792,-2.0,0.004812,504.824873,2,
frb_00208,FRB,dataset/fits/frb/frb_00208.fits,573002725,1.349379,1127.540891,9.117001,-2.0,0.003179,656.740252,2,
frb_00209,FRB,dataset/fits/frb/frb_00209.fits,1650553202,1.192263,1178.705023,8.541915,-2.1,0.003215,677.315174,2,
frb_00210,FRB,dataset/fits/frb/frb_00210.fits,1376454986,0.84,1218.592225,5.573133,-2.1,0.003399,175.431154,1,
frb_00211,FRB,dataset/fits/frb/frb_00211.fits,730521272,1.296861,1196.145968,10.9627,-1.9,0.003218,191.248658,1,
frb_00212,FRB,dataset/fits/frb/frb_00212.fits,239556469,1.205349,1169.968856,11.814847,-2.0,0.004092,821.638374,2,
frb_00213,FRB,dataset/fits/frb/frb_00213.fits,630286725,1.186908,1270.451766,5.148017,-1.9,0.004806,797.785906,2,
frb_00214,FRB,dataset/fits/frb/frb_00214.fits,933651278,0.675869,1361.521054,10.747399,-1.9,0.003662,594.388867,2,
frb_00215,FRB,dataset/fits/frb/frb_00215.fits,339641190,0.430388,1398.846329,9.300356,-2.0,0.004568,246.652656,1,
frb_00216,FRB,dataset/fits/frb/frb_00216.fits,974364242,1.140647,1300.993226,5.394723,-2.1,0.003003,655.676839,2,
frb_00217,FRB,dataset/fits/frb/frb_00217.fits,6969261,0.429495,1103.269114,7.566682,-2.0,0.004038,424.066551,1,
frb_00218,FRB,dataset/fits/frb/frb_00218.fits,2048304103,0.876103,1262.612335,6.416657,-1.9,0.004679,620.301835,2,
frb_00219,FRB,dataset/fits/frb/frb_00219.fits,1550680890,1.240588,1348.85356,4.654606,-2.0,0.004826,626.794121,1,
frb_00220,FRB,dataset/fits/frb/frb_00220.fits,1880879863,0.4453,1261.831681,6.622549,-2.0,0.003639,490.16091,1,
frb_00221,FRB,dataset/fits/frb/frb_00221.fits,1545502470,1.302337,1349.612426,5.935423,-2.0,0.004365,872.611473,2,
frb_00222,FRB,dataset/fits/frb/frb_00222.fits,565623666,1.518812,1297.793967,7.918769,-1.9,0.004375,413.218062,1,
frb_00223,FRB,dataset/fits/frb/frb_00223.fits,2087113798,0.804915,1324.257915,10.186611,-2.0,0.004892,735.146886,2,
frb_00224,FRB,dataset/fits/frb/frb_00224.fits,1075000496,0.645673,1339.337052,10.174782,-2.0,0.003728,760.314953,1,
frb_00225,FRB,dataset/fits/frb/frb_00225.fits,1636301368,1.44815,1342.066868,6.524031,-1.9,0.004508,342.599165,2,
frb_00226,FRB,dataset/fits/frb/frb_00226.fits,383651995,0.639277,1167.608462,4.993192,-2.1,0.003538,301.773706,2,
frb_00227,FRB,dataset/fits/frb/frb_00227.fits,1090238095,0.602312,1222.054658,8.137257,-2.0,0.003158,694.6911,2,
frb_00228,FRB,dataset/fits/frb/frb_00228.fits,1959853368,1.219842,1320.002379,4.354464,-1.9,0.003804,514.421167,1,
frb_00229,FRB,dataset/fits/frb/frb_00229.fits,228515503,1.568292,1104.98423,4.068851,-2.1,0.003812,714.504391,1,
frb_00230,FRB,dataset/fits/frb/frb_00230.fits,1869424396,0.388502,1238.57551,9.904566,-2.1,0.004178,181.535358,1,
frb_00231,FRB,dataset/fits/frb/frb_00231.fits,1342821944,0.445413,1363.941732,5.45584,-1.9,0.004258,570.413614,1,
frb_00232,FRB,dataset/fits/frb/frb_00232.fits,640905301,0.647883,1115.722427,9.009521,-2.0,0.0042,308.360165,1,
frb_00233,FRB,dataset/fits/frb/frb_00233.fits,1807471164,0.807443,1389.315686,7.495139,-2.0,0.004027,337.46898,2,
frb_00234,FRB,dataset/fits/frb/frb_00234.fits,1372133588,1.004088,1218.042357,11.220424,-2.1,0.004528,390.194668,2,
frb_00235,FRB,dataset/fits/frb/frb_00235.fits,1090197739,1.244649,1231.705351,11.369572,-1.9,0.004951,566.95673,2,
frb_00236,FRB,dataset/fits/frb/frb_00236.fits,1307753572,0.704657,1297.765977,5.077101,-1.9,0.00433,447.387529,1,
frb_00237,FRB,dataset/fits/frb/frb_00237.fits,427158341,1.510089,1322.71031,8.398593,-2.0,0.003523,195.662481,2,
frb_00238,FRB,dataset/fits/frb/frb_00238.fits,328219839,1.022613,1230.923113,7.284678,-1.9,0.004916,733.844891,2,
frb_00239,FRB,dataset/fits/frb/frb_00239.fits,802973879,1.633258,1384.485869,10.483056,-1.9,0.004437,137.599499,2,
frb_00240,FRB,dataset/fits/frb/frb_00240.fits,1637479473,1.082619,1208.887081,11.278409,-2.0,0.004656,453.375726,1,
frb_00241,FRB,dataset/fits/frb/frb_00241.fits,346923915,0.445583,1251.508591,9.974008,-1.9,0.003246,363.404213,1,
frb_00242,FRB,dataset/fits/frb/frb_00242.fits,1158307634,1.406211,1129.667054,4.805051,-2.0,0.004433,782.184916,1,
frb_00243,FRB,dataset/fits/frb/frb_00243.fits,2047625120,1.136717,1264.947012,6.442717,-1.9,0.004768,492.732744,2,
frb_00244,FRB,dataset/fits/frb/frb_00244.fits,1672087624,0.60529,1172.593555,4.070519,-2.0,0.004949,797.62139,1,
frb_00245,FRB,dataset/fits/frb/frb_00245.fits,1980912099,1.159671,1351.731277,10.742552,-1.9,0.004446,808.231715,1,
frb_00246,FRB,dataset/fits/frb/frb_00246.fits,1138925840,0.53877,1266.252168,9.714414,-2.1,0.00389,610.483492,2,
frb_00247,FRB,dataset/fits/frb/frb_00247.fits,1972449775,0.358205,1180.521224,11.440878,-1.9,0.004879,279.531036,1,
frb_00248,FRB,dataset/fits/frb/frb_00248.fits,1228137,1.199594,1241.688274,11.338109,-2.1,0.003691,224.233529,2,
frb_00249,FRB,dataset/fits/frb/frb_00249.fits,1286223707,1.572209,1137.045329,6.187405,-1.9,0.003514,480.552874,1,
frb_00250,FRB,dataset/fits/frb/frb_00250.fits,696119838,1.643727,1282.947163,10.222875,-2.0,0.004789,213.041328,2,
frb_00251,FRB,dataset/fits/frb/frb_00251.fits,1049272771,1.265974,1210.269657,5.040271,-1.9,0.004342,863.063573,1,
frb_00252,FRB,dataset/fits/frb/frb_00252.fits,41825986,0.409521,1252.89184,6.563006,-2.0,0.003236,801.394721,2,
frb_00253,FRB,dataset/fits/frb/frb_00253.fits,240234110,0.54897,1233.967136,5.570271,-2.0,0.003647,301.630816,1,
frb_00254,FRB,dataset/fits/frb/frb_00254.fits,1995224089,1.641994,1227.290735,6.33696,-2.0,0.004203,278.83331,1,
frb_00255,FRB,dataset/fits/frb/frb_00255.fits,779495259,1.43065,1305.283185,5.298409,-1.9,0.003542,895.860684,2,
frb_00256,FRB,dataset/fits/frb/frb_00256.fits,1887040857,0.729487,1270.548979,9.56701,-2.0,0.003894,788.6939,2,
frb_00257,FRB,dataset/fits/frb/frb_00257.fits,2115961542,0.830435,1202.272606,7.853634,-1.9,0.004002,583.217566,1,
frb_00258,FRB,dataset/fits/frb/frb_00258.fits,1785988125,0.85385,1355.844644,6.210089,-2.1,0.003229,804.199274,2,
frb_00259,FRB,dataset/fits/frb/frb_00259.fits,1732535703,0.460604,1389.960791,5.745851,-1.9,0.004938,885.082846,1,
frb_00260,FRB,dataset/fits/frb/frb_00260.fits,660381568,1.539966,1379.294549,11.245913,-1.9,0.003369,352.594136,1,
frb_00261,FRB,dataset/fits/frb/frb_00261.fits,514219932,0.405496,1116.339732,9.545051,-2.0,0.004391,359.464881,1,
frb_00262,FRB,dataset/fits/frb/frb_00262.fits,124393358,0.981785,1386.986481,11.70394,-1.9,0.004917,329.478017,1,
frb_00263,FRB,dataset/fits/frb/frb_00263.fits,517267797,0.952439,1395.080735,4.143931,-1.9,0.004054,634.252437,2,
frb_00264,FRB,dataset/fits/frb/frb_00264.fits,1885511261,0.989376,1281.250452,8.645804,-1.9,0.004236,240.692523,1,
frb_00265,FRB,dataset/fits/frb/frb_00265.fits,1218389746,1.346973,1350.219831,11.95039,-1.9,0.004233,802.823912,2,
frb_00266,FRB,dataset/fits/frb/frb_00266.fits,2033558460,1.616951,1156.572901,9.768245,-1.9,0.00308,802.287576,2,
frb_00267,FRB,dataset/fits/frb/frb_00267.fits,169129476,1.477705,1336.664588,9.131501,-1.9,0.003769,401.23553,1,
frb_00268,FRB,dataset/fits/frb/frb_00268.fits,183939381,1.158736,1289.699849,8.826019,-2.1,0.004247,734.022662,1,
frb_00269,FRB,dataset/fits/frb/frb_00269.fits,1571759592,1.380555,1371.261001,6.027819,-1.9,0.003491,648.050012,2,
frb_00270,FRB,dataset/fits/frb/frb_00270.fits,1043656561,0.773681,1124.266174,5.600803,-2.0,0.004497,166.293978,1,
frb_00271,FRB,dataset/fits/frb/frb_00271.fits,1752396593,1.418272,1349.932247,10.406456,-2.1,0.003547,180.00424,1,
frb_00272,FRB,dataset/fits/frb/frb_00272.fits,148632741,1.268599,1112.337549,9.333914,-1.9,0.004934,140.624685,2,
frb_00273,FRB,dataset/fits/frb/frb_00273.fits,2100205697,0.851909,1327.306395,5.525857,-1.9,0.003559,775.589716,1,
frb_00274,FRB,dataset/fits/frb/frb_00274.fits,1633380707,0.792722,1273.76167,4.994419,-2.0,0.00411,646.511282,2,
frb_00275,FRB,dataset/fits/frb/frb_00275.fits,1143977780,0.835168,1163.950954,8.999445,-2.1,0.004372,706.647289,1,
frb_00276,FRB,dataset/fits/frb/frb_00276.fits,1644616923,1.512905,1231.166404,7.52682,-2.1,0.00388,413.127329,2,
frb_00277,FRB,dataset/fits/frb/frb_00277.fits,270068649,1.192107,1247.408262,4.354176,-2.0,0.003692,627.066215,1,
frb_00278,FRB,dataset/fits/frb/frb_00278.fits,275718575,1.221873,1337.543483,6.766919,-2.0,0.003437,193.507198,1,
frb_00279,FRB,dataset/fits/frb/frb_00279.fits,1416804103,1.571791,1104.343217,5.580416,-2.1,0.004714,860.908092,2,
frb_00280,FRB,dataset/fits/frb/frb_00280.fits,1020661136,0.779412,1364.868841,11.963068,-2.0,0.00448,208.709078,1,
frb_00281,FRB,dataset/fits/frb/frb_00281.fits,2033342055,0.390966,1386.943065,6.599306,-1.9,0.00426,793.906183,2,
frb_00282,FRB,dataset/fits/frb/frb_00282.fits,1180694233,0.385791,1351.579586,5.935945,-1.9,0.004139,707.198593,2,
frb_00283,FRB,dataset/fits/frb/frb_00283.fits,354607446,1.535381,1276.7816,10.056413,-2.0,0.004344,331.055439,1,
frb_00284,FRB,dataset/fits/frb/frb_00284.fits,569204770,1.097232,1197.301151,5.090076,-2.1,0.004503,142.655068,2,
frb_00285,FRB,dataset/fits/frb/frb_00285.fits,1133170818,1.098138,1235.593351,4.385605,-1.9,0.004724,188.884171,2,
frb_00286,FRB,dataset/fits/frb/frb_00286.fits,1873535694,1.285837,1387.86836,5.185954,-2.1,0.004647,226.957083,1,
frb_00287,FRB,dataset/fits/frb/frb_00287.fits,1302650516,0.841717,1384.740952,5.374372,-2.1,0.004946,286.607704,1,
frb_00288,FRB,dataset/fits/frb/frb_00288.fits,908681808,0.764201,1209.214172,11.581111,-2.1,0.004861,304.43767,2,
frb_00289,FRB,dataset/fits/frb/frb_00289.fits,2070953569,1.087242,1189.835744,4.680403,-2.1,0.004589,703.177555,1,
frb_00290,FRB,dataset/fits/frb/frb_00290.fits,454833169,1.179192,1297.013984,5.762348,-1.9,0.003469,206.213794,1,
frb_00291,FRB,dataset/fits/frb/frb_00291.fits,1994826544,1.11918,1146.746804,9.555756,-2.1,0.003881,511.742588,2,
frb_00292,FRB,dataset/fits/frb/frb_00292.fits,1158129534,1.29101,1352.734346,5.876892,-1.9,0.004254,344.051775,1,
frb_00293,FRB,dataset/fits/frb/frb_00293.fits,1621919658,0.81018,1256.557383,11.720898,-2.1,0.003393,254.044869,2,
frb_00294,FRB,dataset/fits/frb/frb_00294.fits,1567515030,1.555864,1149.183917,5.842137,-2.1,0.003048,367.932794,2,
frb_00295,FRB,dataset/fits/frb/frb_00295.fits,1481479471,1.525998,1133.770141,8.11496,-1.9,0.003052,167.042834,1,
frb_00296,FRB,dataset/fits/frb/frb_00296.fits,431968624,0.410595,1149.484489,10.372511,-2.1,0.003643,383.852565,1,
frb_00297,FRB,dataset/fits/frb/frb_00297.fits,1531046260,1.167239,1152.063023,9.213634,-1.9,0.003297,223.345902,2,
frb_00298,FRB,dataset/fits/frb/frb_00298.fits,669405646,1.484166,1349.951497,6.969828,-2.0,0.004295,818.243964,2,
frb_00299,FRB,dataset/fits/frb/frb_00299.fits,856829438,1.352005,1377.380181,5.998985,-1.9,0.004917,262.3281,2,
frb_00300,FRB,dataset/fits/frb/frb_00300.fits,2137066976,0.350583,1110.524459,9.227983,-2.0,0.004448,767.073903,1,
frb_00301,FRB,dataset/fits/frb/frb_00301.fits,1442436765,0.60274,1297.771504,6.341426,-2.1,0.00424,588.794998,1,
frb_00302,FRB,dataset/fits/frb/frb_00302.fits,1395602504,1.091972,1377.107047,7.819457,-2.0,0.004772,184.883917,2,
frb_00303,FRB,dataset/fits/frb/frb_00303.fits,801914425,0.577664,1220.680156,4.416604,-1.9,0.00433,732.832376,1,
frb_00304,FRB,dataset/fits/frb/frb_00304.fits,940812753,1.071076,1137.423984,8.890275,-2.0,0.003969,337.968737,2,
frb_00305,FRB,dataset/fits/frb/frb_00305.fits,1931906534,1.218294,1132.430555,9.133205,-2.0,0.003433,299.526334,1,
frb_00306,FRB,dataset/fits/frb/frb_00306.fits,1111485659,1.122371,1160.781836,9.498767,-2.0,0.004254,752.650182,2,
frb_00307,FRB,dataset/fits/frb/frb_00307.fits,969559112,0.38368,1237.573343,11.347804,-2.0,0.004553,547.008645,1,
frb_00308,FRB,dataset/fits/frb/frb_00308.fits,259854540,1.227965,1365.893303,11.353056,-2.1,0.003112,550.367253,1,
frb_00309,FRB,dataset/fits/frb/frb_00309.fits,532373263,0.957463,1188.626278,4.302929,-2.1,0.004648,548.360148,1,
frb_00310,FRB,dataset/fits/frb/frb_00310.fits,482533864,0.385236,1311.868904,7.997947,-2.0,0.00329,397.543247,2,
frb_00311,FRB,dataset/fits/frb/frb_00311.fits,137494575,0.436436,1120.228831,11.391884,-1.9,0.003631,765.815415,1,
frb_00312,FRB,dataset/fits/frb/frb_00312.fits,726033230,0.745997,1178.115231,7.238508,-1.9,0.004235,529.292124,2,
frb_00313,FRB,dataset/fits/frb/frb_00313.fits,45170733,1.514893,1226.183226,7.072606,-2.0,0.004546,877.058332,1,
frb_00314,FRB,dataset/fits/frb/frb_00314.fits,1263383346,1.640883,1154.752878,7.068537,-2.0,0.003847,318.033934,1,
frb_00315,FRB,dataset/fits/frb/frb_00315.fits,1189537410,1.308349,1260.500304,5.684294,-1.9,0.003802,750.326019,1,
frb_00316,FRB,dataset/fits/frb/frb_00316.fits,494167626,1.299405,1212.070956,8.727175,-2.0,0.00349,838.36995,1,
frb_00317,FRB,dataset/fits/frb/frb_00317.fits,1263665530,0.756566,1292.160927,7.664614,-2.0,0.003304,238.617345,2,
frb_00318,FRB,dataset/fits/frb/frb_00318.fits,472913244,0.929209,1399.103038,10.184907,-2.0,0.003158,872.311738,2,
frb_00319,FRB,dataset/fits/frb/frb_00319.fits,15442220,1.145808,1380.384085,4.443069,-2.0,0.003631,248.998478,1,
frb_00320,FRB,dataset/fits/frb/frb_00320.fits,152456492,0.569413,1316.901412,6.952857,-1.9,0.003414,801.708741,2,
frb_00321,FRB,dataset/fits/frb/frb_00321.fits,1520076856,0.970919,1166.489044,7.503743,-1.9,0.004342,347.984105,2,
frb_00322,FRB,dataset/fits/frb/frb_00322.fits,1355283292,0.379535,1336.624035,7.411118,-2.1,0.004132,131.811834,1,
frb_00323,FRB,dataset/fits/frb/frb_00323.fits,126430449,1.577269,1164.3108,11.560876,-2.0,0.004718,649.872426,2,
frb_00324,FRB,dataset/fits/frb/frb_00324.fits,491648747,0.695408,1312.745993,9.461332,-1.9,0.003813,675.86919,1,
frb_00325,FRB,dataset/fits/frb/frb_00325.fits,144741092,1.453536,1117.930827,7.517161,-2.1,0.003253,472.14383,2,
frb_00326,FRB,dataset/fits/frb/frb_00326.fits,1944374676,1.408877,1164.117396,8.365479,-2.1,0.003338,724.938059,2,
frb_00327,FRB,dataset/fits/frb/frb_00327.fits,67458814,1.403716,1206.651225,6.21645,-2.0,0.004305,652.145981,1,
frb_00328,FRB,dataset/fits/frb/frb_00328.fits,1846052961,0.979564,1326.578155,8.700209,-2.1,0.00402,837.443991,2,
frb_00329,FRB,dataset/fits/frb/frb_00329.fits,709589791,1.639344,1175.723864,10.018358,-2.0,0.004332,763.496875,2,
frb_00330,FRB,dataset/fits/frb/frb_00330.fits,152165002,0.520893,1274.444995,5.176903,-2.1,0.00485,149.692078,1,
frb_00331,FRB,dataset/fits/frb/frb_00331.fits,1104141865,0.853194,1387.008355,10.992475,-2.0,0.004866,219.714039,1,
frb_00332,FRB,dataset/fits/frb/frb_00332.fits,511111063,0.684447,1173.164228,7.581394,-2.0,0.004909,211.669394,1,
frb_00333,FRB,dataset/fits/frb/frb_00333.fits,598025374,0.62488,1293.738494,10.931982,-2.1,0.003196,240.966448,2,
frb_00334,FRB,dataset/fits/frb/frb_00334.fits,1436618836,0.736426,1203.65311,4.071614,-2.1,0.004336,703.322849,1,
frb_00335,FRB,dataset/fits/frb/frb_00335.fits,1042419700,0.918618,1336.222055,11.645832,-2.1,0.003258,822.052544,2,
frb_00336,FRB,dataset/fits/frb/frb_00336.fits,460070046,1.279069,1301.433077,4.271024,-2.1,0.0048,793.730025,1,
frb_00337,FRB,dataset/fits/frb/frb_00337.fits,1157996058,0.482807,1244.127722,11.601041,-2.0,0.003861,687.534093,2,
frb_00338,FRB,dataset/fits/frb/frb_00338.fits,284137528,1.430837,1103.585039,8.890583,-2.1,0.004682,523.268421,2,
frb_00339,FRB,dataset/fits/frb/frb_00339.fits,1553387798,1.21557,1313.563459,7.582395,-1.9,0.004542,619.548796,2,
frb_00340,FRB,dataset/fits/frb/frb_00340.fits,2009001532,0.902444,1276.16228,9.693833,-2.1,0.00352,340.220153,2,
frb_00341,FRB,dataset/fits/frb/frb_00341.fits,1894903218,0.37771,1183.60674,9.617272,-2.1,0.003836,509.46241,1,
frb_00342,FRB,dataset/fits/frb/frb_00342.fits,1226305710,1.405416,1243.87476,10.036152,-2.1,0.003716,167.975342,2,
frb_00343,FRB,dataset/fits/frb/frb_00343.fits,1237405090,0.527514,1261.566426,4.896658,-2.0,0.003499,464.573723,2,
frb_00344,FRB,dataset/fits/frb/frb_00344.fits,1015053309,1.61449,1200.834473,8.214418,-2.0,0.003905,577.8044,2,
frb_00345,FRB,dataset/fits/frb/frb_00345.fits,521832597,0.996046,1212.338089,9.805094,-1.9,0.004437,471.405407,1,
frb_00346,FRB,dataset/fits/frb/frb_00346.fits,1684957392,1.127414,1145.320199,11.169162,-1.9,0.003558,468.086554,1,
frb_00347,FRB,dataset/fits/frb/frb_00347.fits,1015701649,0.657167,1129.60851,7.384809,-1.9,0.003377,270.213878,1,
frb_00348,FRB,dataset/fits/frb/frb_00348.fits,1734086607,0.767932,1284.984302,10.511235,-2.1,0.003855,228.970329,1,
frb_00349,FRB,dataset/fits/frb/frb_00349.fits,874154618,0.560164,1174.576174,6.210242,-2.1,0.004791,525.270336,1,
frb_00350,FRB,dataset/fits/frb/frb_00350.fits,408902192,0.778831,1224.440942,4.321451,-2.1,0.003858,829.638886,1,
frb_00351,FRB,dataset/fits/frb/frb_00351.fits,202563115,0.741905,1121.492585,10.343647,-2.1,0.004396,726.829203,2,
frb_00352,FRB,dataset/fits/frb/frb_00352.fits,208157334,0.49969,1218.724168,9.045028,-2.1,0.004717,486.347424,1,
frb_00353,FRB,dataset/fits/frb/frb_00353.fits,1415154686,0.708852,1192.21011,6.689768,-1.9,0.003461,594.826479,2,
frb_00354,FRB,dataset/fits/frb/frb_00354.fits,925675370,0.905312,1299.25144,9.54706,-1.9,0.004319,429.080125,1,
frb_00355,FRB,dataset/fits/frb/frb_00355.fits,760848240,1.461136,1108.741283,4.513049,-1.9,0.003978,682.706849,2,
frb_00356,FRB,dataset/fits/frb/frb_00356.fits,909628169,1.632607,1131.231259,4.078005,-2.0,0.003305,610.943766,1,
frb_00357,FRB,dataset/fits/frb/frb_00357.fits,882835423,0.621807,1223.567973,9.830375,-2.1,0.003174,348.662516,2,
frb_00358,FRB,dataset/fits/frb/frb_00358.fits,1002927834,0.472503,1179.637875,10.132385,-1.9,0.003913,797.14384,1,
frb_00359,FRB,dataset/fits/frb/frb_00359.fits,1855075287,1.061644,1259.64631,5.60105,-2.0,0.003934,873.77548,1,
frb_00360,FRB,dataset/fits/frb/frb_00360.fits,1565678478,0.837425,1145.241188,9.043623,-2.0,0.003855,479.146462,2,
frb_00361,FRB,dataset/fits/frb/frb_00361.fits,116331732,0.637474,1252.111116,5.026623,-2.0,0.004784,645.004917,2,
frb_00362,FRB,dataset/fits/frb/frb_00362.fits,1446039346,1.312931,1341.265454,11.89118,-2.0,0.003351,337.281196,2,
frb_00363,FRB,dataset/fits/frb/frb_00363.fits,1403284968,0.970343,1178.06079,4.295082,-2.1,0.003192,734.624349,1,
frb_00364,FRB,dataset/fits/frb/frb_00364.fits,2113478697,0.861404,1104.774548,11.621574,-1.9,0.004978,886.137246,1,
frb_00365,FRB,dataset/fits/frb/frb_00365.fits,1387660449,0.39416,1319.828773,11.314949,-2.0,0.00499,426.965276,2,
frb_00366,FRB,dataset/fits/frb/frb_00366.fits,211350776,1.126911,1238.261104,8.300901,-2.1,0.003793,888.697025,2,
frb_00367,FRB,dataset/fits/frb/frb_00367.fits,130164728,1.071225,1168.282388,6.246279,-2.1,0.004553,449.53934,1,
frb_00368,FRB,dataset/fits/frb/frb_00368.fits,864622622,0.727568,1134.167783,7.283955,-1.9,0.00385,874.316558,2,
frb_00369,FRB,dataset/fits/frb/frb_00369.fits,1563826774,1.61574,1241.446057,7.820001,-1.9,0.00378,311.63679,2,
frb_00370,FRB,dataset/fits/frb/frb_00370.fits,728646788,0.590727,1230.379332,8.792101,-1.9,0.003,844.897069,2,
frb_00371,FRB,dataset/fits/frb/frb_00371.fits,1719259321,0.588416,1196.536192,7.448018,-2.0,0.003981,841.908797,1,
frb_00372,FRB,dataset/fits/frb/frb_00372.fits,1850427696,0.713589,1376.399291,9.444946,-2.0,0.004488,389.416589,2,
frb_00373,FRB,dataset/fits/frb/frb_00373.fits,234653460,0.934752,1129.081566,8.124773,-2.1,0.004125,589.051786,2,
frb_00374,FRB,dataset/fits/frb/frb_00374.fits,533985411,1.344587,1304.836886,4.530501,-2.0,0.003696,567.153302,2,
frb_00375,FRB,dataset/fits/frb/frb_00375.fits,411436545,0.636726,1171.756763,11.037546,-2.0,0.004951,123.573281,1,
frb_00376,FRB,dataset/fits/frb/frb_00376.fits,408470520,1.35225,1260.395912,7.09123,-2.0,0.004949,626.370963,1,
frb_00377,FRB,dataset/fits/frb/frb_00377.fits,1151664883,0.458367,1342.177779,10.759226,-2.0,0.003484,260.09861,2,
frb_00378,FRB,dataset/fits/frb/frb_00378.fits,963390271,1.315995,1154.77742,11.064081,-1.9,0.003751,312.984585,2,
frb_00379,FRB,dataset/fits/frb/frb_00379.fits,301039195,0.70447,1217.951528,6.438035,-2.1,0.003133,199.243486,1,
frb_00380,FRB,dataset/fits/frb/frb_00380.fits,905983921,1.0857,1110.978629,8.426858,-2.1,0.004545,295.201056,1,
frb_00381,FRB,dataset/fits/frb/frb_00381.fits,394037564,0.685953,1253.629566,6.509383,-2.0,0.00485,124.50434,1,
frb_00382,FRB,dataset/fits/frb/frb_00382.fits,598171149,1.446052,1147.261066,11.349695,-2.0,0.00389,532.523498,2,
frb_00383,FRB,dataset/fits/frb/frb_00383.fits,993486219,1.161605,1220.586571,11.351459,-2.1,0.00485,644.549578,2,
frb_00384,FRB,dataset/fits/frb/frb_00384.fits,536455264,0.566038,1325.660425,8.701561,-2.1,0.003568,634.226715,2,
frb_00385,FRB,dataset/fits/frb/frb_00385.fits,1877944288,0.770951,1327.044995,4.210862,-1.9,0.003303,861.535694,1,
frb_00386,FRB,dataset/fits/frb/frb_00386.fits,1982697791,1.604215,1237.512925,4.082253,-1.9,0.004639,658.745392,2,
frb_00387,FRB,dataset/fits/frb/frb_00387.fits,161887818,1.094362,1381.429675,5.67966,-1.9,0.003891,225.108762,2,
frb_00388,FRB,dataset/fits/frb/frb_00388.fits,951616027,0.723884,1370.551176,4.498623,-1.9,0.003962,767.440411,1,
frb_00389,FRB,dataset/fits/frb/frb_00389.fits,1735214558,1.356691,1180.390337,5.973932,-2.1,0.004019,811.376891,1,
frb_00390,FRB,dataset/fits/frb/frb_00390.fits,1849733108,0.571187,1274.044751,5.836767,-2.1,0.003861,683.222985,2,
frb_00391,FRB,dataset/fits/frb/frb_00391.fits,1838174904,1.039274,1362.258306,6.316619,-2.0,0.003984,610.450229,2,
frb_00392,FRB,dataset/fits/frb/frb_00392.fits,1181814610,0.815406,1193.327956,10.97228,-2.1,0.003804,330.461678,1,
frb_00393,FRB,dataset/fits/frb/frb_00393.fits,210257395,1.132043,1393.819109,6.876382,-1.9,0.004409,166.22075,2,
frb_00394,FRB,dataset/fits/frb/frb_00394.fits,108637613,1.478228,1171.283489,8.112278,-1.9,0.003556,571.902345,2,
frb_00395,FRB,dataset/fits/frb/frb_00395.fits,1400470493,0.534167,1348.510928,4.337907,-2.0,0.004391,592.792138,1,
frb_00396,FRB,dataset/fits/frb/frb_00396.fits,2145942763,0.941137,1211.950672,6.088669,-2.0,0.00432,671.524835,2,
frb_00397,FRB,dataset/fits/frb/frb_00397.fits,1160903745,1.594121,1266.043706,11.557807,-1.9,0.003668,322.357733,1,
frb_00398,FRB,dataset/fits/frb/frb_00398.fits,1795355577,0.53322,1110.725,11.815072,-2.1,0.003792,583.29135,1,
frb_00399,FRB,dataset/fits/frb/frb_00399.fits,31692245,0.995219,1275.942967,6.058008,-1.9,0.004098,427.530084,1,
frb_00400,FRB,dataset/fits/frb/frb_00400.fits,2080903618,0.754002,1133.884859,9.045452,-1.9,0.004186,211.789943,2,
frb_00401,FRB,dataset/fits/frb/frb_00401.fits,200280284,0.491889,1277.112425,4.446436,-2.1,0.004312,290.426148,1,
frb_00402,FRB,dataset/fits/frb/frb_00402.fits,1989357941,1.121489,1133.161061,9.936662,-2.1,0.004098,174.783574,1,
frb_00403,FRB,dataset/fits/frb/frb_00403.fits,1618269593,0.860649,1151.764016,5.226599,-1.9,0.004139,168.710623,2,
frb_00404,FRB,dataset/fits/frb/frb_00404.fits,1822560211,1.339143,1330.260103,6.350817,-1.9,0.003191,407.487695,2,
frb_00405,FRB,dataset/fits/frb/frb_00405.fits,507621089,0.968007,1305.401542,7.111395,-1.9,0.004261,886.44931,1,
frb_00406,FRB,dataset/fits/frb/frb_00406.fits,357150386,0.982,1348.875083,10.098399,-1.9,0.00326,871.17782,2,
frb_00407,FRB,dataset/fits/frb/frb_00407.fits,872767550,1.080446,1305.657821,9.829962,-2.0,0.004504,209.847164,2,
frb_00408,FRB,dataset/fits/frb/frb_00408.fits,1042906380,0.468268,1207.476437,4.80255,-2.0,0.003584,483.646645,1,
frb_00409,FRB,dataset/fits/frb/frb_00409.fits,1033709344,0.611544,1382.541363,7.123769,-1.9,0.004746,242.843615,2,
frb_00410,FRB,dataset/fits/frb/frb_00410.fits,459018817,0.398888,1229.124566,4.687573,-2.1,0.0032,409.28809,1,
frb_00411,FRB,dataset/fits/frb/frb_00411.fits,1856822585,0.870825,1204.907366,10.788444,-2.0,0.004404,528.12555,1,
frb_00412,FRB,dataset/fits/frb/frb_00412.fits,861227459,0.410135,1102.379322,11.264458,-2.0,0.004642,731.165498,2,
frb_00413,FRB,dataset/fits/frb/frb_00413.fits,1937981307,1.607542,1367.085296,6.901092,-1.9,0.003294,850.345144,2,
frb_00414,FRB,dataset/fits/frb/frb_00414.fits,125918569,0.67413,1125.920074,10.805556,-2.1,0.003535,873.390381,2,
frb_00415,FRB,dataset/fits/frb/frb_00415.fits,353555525,0.96614,1191.080921,10.545793,-2.0,0.004385,781.003246,1,
frb_00416,FRB,dataset/fits/frb/frb_00416.fits,813838578,0.90708,1256.126499,9.900123,-1.9,0.003783,820.651556,1,
frb_00417,FRB,dataset/fits/frb/frb_00417.fits,4628628,1.210435,1166.672577,5.529319,-1.9,0.003204,701.173711,2,
frb_00418,FRB,dataset/fits/frb/frb_00418.fits,2115934629,0.556008,1107.445871,4.761872,-2.1,0.003053,596.398844,2,
frb_00419,FRB,dataset/fits/frb/frb_00419.fits,838424339,0.692579,1308.779173,6.690214,-1.9,0.004083,621.154825,2,
frb_00420,FRB,dataset/fits/frb/frb_00420.fits,569519231,0.631021,1364.914575,10.181767,-1.9,0.003779,859.340679,2,
frb_00421,FRB,dataset/fits/frb/frb_00421.fits,1989682408,1.278485,1105.747419,7.869954,-1.9,0.003066,143.318895,2,
frb_00422,FRB,dataset/fits/frb/frb_00422.fits,1683778788,0.589524,1294.794943,7.529224,-2.1,0.004011,693.007521,1,
frb_00423,FRB,dataset/fits/frb/frb_00423.fits,1686052455,0.982829,1360.780154,4.942092,-2.0,0.003392,626.933689,2,
frb_00424,FRB,dataset/fits/frb/frb_00424.fits,977123038,1.34049,1305.259126,8.258813,-1.9,0.004662,276.936442,1,
frb_00425,FRB,dataset/fits/frb/frb_00425.fits,612568058,0.877119,1326.467767,10.719174,-2.0,0.004545,457.488193,2,
frb_00426,FRB,dataset/fits/frb/frb_00426.fits,908401654,0.459614,1247.966774,9.207673,-1.9,0.003285,813.155801,1,
frb_00427,FRB,dataset/fits/frb/frb_00427.fits,1495918861,1.632687,1254.242766,9.66255,-2.0,0.00373,886.11405,1,
frb_00428,FRB,dataset/fits/frb/frb_00428.fits,2055823970,1.00293,1362.502477,4.715263,-2.1,0.004879,370.010467,2,
frb_00429,FRB,dataset/fits/frb/frb_00429.fits,1568748220,0.743848,1114.28789,8.243182,-1.9,0.003515,837.204638,2,
frb_00430,FRB,dataset/fits/frb/frb_00430.fits,2137653951,0.815358,1276.189983,6.617576,-2.0,0.004733,226.999751,2,
frb_00431,FRB,dataset/fits/frb/frb_00431.fits,1682256072,0.523442,1187.455642,7.022695,-1.9,0.003318,643.553709,1,
frb_00432,FRB,dataset/fits/frb/frb_00432.fits,1193503387,1.586379,1213.371529,4.877847,-2.1,0.003329,819.303755,2,
frb_00433,FRB,dataset/fits/frb/frb_00433.fits,1421357809,1.197541,1149.654346,4.052494,-2.0,0.004137,892.476099,1,
frb_00434,FRB,dataset/fits/frb/frb_00434.fits,1542770022,0.635908,1120.802819,10.083735,-2.1,0.004519,173.867545,1,
frb_00435,FRB,dataset/fits/frb/frb_00435.fits,1045118909,1.488611,1235.1164,5.918307,-1.9,0.003316,236.783446,1,
frb_00436,FRB,dataset/fits/frb/frb_00436.fits,332423660,0.598666,1268.282105,8.920615,-2.1,0.004917,703.680491,1,
frb_00437,FRB,dataset/fits/frb/frb_00437.fits,407802567,0.425578,1327.62473,8.342224,-2.1,0.004105,623.794218,2,
frb_00438,FRB,dataset/fits/frb/frb_00438.fits,637175210,1.613674,1181.798524,10.561704,-2.1,0.004395,690.002182,2,
frb_00439,FRB,dataset/fits/frb/frb_00439.fits,467509111,0.365866,1219.93959,11.184065,-2.0,0.003754,750.492232,2,
frb_00440,FRB,dataset/fits/frb/frb_00440.fits,2080287524,0.621339,1203.695824,4.64498,-2.1,0.003413,668.858677,2,
frb_00441,FRB,dataset/fits/frb/frb_00441.fits,125591916,1.319081,1156.867093,4.364778,-1.9,0.003762,668.170317,1,
frb_00442,FRB,dataset/fits/frb/frb_00442.fits,1243780193,1.098235,1248.451518,10.002164,-2.0,0.003045,386.676354,1,
frb_00443,FRB,dataset/fits/frb/frb_00443.fits,1579983555,0.850817,1301.112635,4.441395,-1.9,0.003296,672.023692,2,
frb_00444,FRB,dataset/fits/frb/frb_00444.fits,1164355337,1.00034,1333.894425,8.325743,-2.0,0.003131,737.52614,1,
frb_00445,FRB,dataset/fits/frb/frb_00445.fits,130905382,0.885493,1187.618045,10.170235,-2.1,0.003418,467.870992,2,
frb_00446,FRB,dataset/fits/frb/frb_00446.fits,1606265294,1.290546,1342.754141,5.052549,-1.9,0.003467,761.677825,2,
frb_00447,FRB,dataset/fits/frb/frb_00447.fits,673461214,0.594188,1192.760933,7.940001,-2.0,0.004002,539.298062,1,
frb_00448,FRB,dataset/fits/frb/frb_00448.fits,122761494,0.840702,1116.209331,7.824474,-2.1,0.004855,302.209137,1,
frb_00449,FRB,dataset/fits/frb/frb_00449.fits,107679842,0.608783,1189.315818,4.449656,-1.9,0.003585,556.132162,2,
frb_00450,FRB,dataset/fits/frb/frb_00450.fits,1254511838,1.098658,1123.714836,9.071486,-2.1,0.003895,725.950324,2,
frb_00451,FRB,dataset/fits/frb/frb_00451.fits,1023895542,0.465532,1393.289079,8.189041,-2.1,0.003601,845.877961,1,
frb_00452,FRB,dataset/fits/frb/frb_00452.fits,1079862963,0.98109,1342.81839,5.502617,-1.9,0.003826,879.13671,2,
frb_00453,FRB,dataset/fits/frb/frb_00453.fits,1974368820,0.767346,1142.440794,9.113242,-2.0,0.003685,313.672756,1,
frb_00454,FRB,dataset/fits/frb/frb_00454.fits,1831202022,1.270402,1310.182021,4.558079,-2.0,0.004864,423.916278,2,
frb_00455,FRB,dataset/fits/frb/frb_00455.fits,1140584702,1.583395,1149.265017,9.341818,-1.9,0.004112,147.863609,1,
frb_00456,FRB,dataset/fits/frb/frb_00456.fits,338084211,1.594952,1207.711279,11.442457,-1.9,0.003881,555.907717,2,
frb_00457,FRB,dataset/fits/frb/frb_00457.fits,122147953,0.93479,1297.635924,7.896633,-2.1,0.004549,818.90491,2,
frb_00458,FRB,dataset/fits/frb/frb_00458.fits,2063256978,1.574791,1162.391952,10.68361,-2.1,0.003739,390.959493,1,
frb_00459,FRB,dataset/fits/frb/frb_00459.fits,1090553394,0.595205,1269.52305,4.052083,-2.0,0.003495,431.085413,1,
frb_00460,FRB,dataset/fits/frb/frb_00460.fits,172038058,1.043391,1150.121156,9.434383,-1.9,0.003728,668.28198,1,
frb_00461,FRB,dataset/fits/frb/frb_00461.fits,1828244201,1.066204,1281.410424,11.957485,-1.9,0.003685,812.74256,2,
frb_00462,FRB,dataset/fits/frb/frb_00462.fits,399056076,1.144184,1272.122982,5.795131,-2.0,0.003771,192.427503,1,
frb_00463,FRB,dataset/fits/frb/frb_00463.fits,147148437,0.998102,1271.322116,5.55577,-2.0,0.003466,160.304838,1,
frb_00464,FRB,dataset/fits/frb/frb_00464.fits,1277828161,0.562721,1142.445928,8.410519,-2.0,0.004454,862.471293,2,
frb_00465,FRB,dataset/fits/frb/frb_00465.fits,145944841,0.680688,1181.666192,10.308404,-1.9,0.00308,790.528143,1,
frb_00466,FRB,dataset/fits/frb/frb_00466.fits,1450007911,0.748392,1353.317621,8.578658,-2.1,0.003676,498.61648,2,
frb_00467,FRB,dataset/fits/frb/frb_00467.fits,1850742647,1.635712,1288.780742,7.785463,-2.0,0.003213,429.495532,2,
frb_00468,FRB,dataset/fits/frb/frb_00468.fits,505096524,1.475993,1145.999932,6.394176,-2.0,0.003095,622.063602,2,
frb_00469,FRB,dataset/fits/frb/frb_00469.fits,867101400,0.952324,1296.260687,4.096985,-2.0,0.003546,648.590951,2,
frb_00470,FRB,dataset/fits/frb/frb_00470.fits,257454534,0.360047,1145.820413,6.638577,-2.1,0.003955,207.259081,1,
frb_00471,FRB,dataset/fits/frb/frb_00471.fits,2022062278,0.704347,1234.349318,9.916975,-2.0,0.004181,682.204876,2,
frb_00472,FRB,dataset/fits/frb/frb_00472.fits,1911877453,1.490296,1137.708322,6.994092,-2.0,0.003381,548.555959,2,
frb_00473,FRB,dataset/fits/frb/frb_00473.fits,1223368637,1.347657,1319.133766,8.719758,-2.0,0.004164,448.72873,1,
frb_00474,FRB,dataset/fits/frb/frb_00474.fits,528743435,1.566446,1275.289791,10.917634,-2.1,0.003383,665.445611,2,
frb_00475,FRB,dataset/fits/frb/frb_00475.fits,1243219202,0.948577,1274.345831,8.831388,-2.0,0.003981,494.908539,2,
frb_00476,FRB,dataset/fits/frb/frb_00476.fits,1276720172,1.000945,1361.507498,9.192941,-1.9,0.00432,595.026449,2,
frb_00477,FRB,dataset/fits/frb/frb_00477.fits,85344576,0.724154,1113.996049,11.529884,-2.0,0.003103,624.041271,2,
frb_00478,FRB,dataset/fits/frb/frb_00478.fits,1330111667,0.990043,1303.407701,9.751589,-1.9,0.003271,550.256897,1,
frb_00479,FRB,dataset/fits/frb/frb_00479.fits,176058027,0.592891,1202.269937,6.952223,-2.0,0.004638,726.133711,2,
frb_00480,FRB,dataset/fits/frb/frb_00480.fits,900278642,1.143851,1233.903801,10.553978,-2.0,0.004462,371.071535,1,
frb_00481,FRB,dataset/fits/frb/frb_00481.fits,1411698122,1.345531,1355.684463,7.507723,-2.0,0.004449,651.630232,1,
frb_00482,FRB,dataset/fits/frb/frb_00482.fits,1253426695,1.182154,1340.984843,8.470494,-2.1,0.003655,243.643582,1,
frb_00483,FRB,dataset/fits/frb/frb_00483.fits,1213815578,1.457733,1274.03891,10.008886,-2.0,0.0044,287.660685,1,
frb_00484,FRB,dataset/fits/frb/frb_00484.fits,1122667339,1.063881,1356.100342,9.931934,-2.1,0.004071,621.200269,1,
frb_00485,FRB,dataset/fits/frb/frb_00485.fits,679399072,1.010086,1318.483054,8.589275,-1.9,0.003958,204.240396,2,
frb_00486,FRB,dataset/fits/frb/frb_00486.fits,2007266411,0.367211,1212.972143,5.752712,-2.1,0.003293,549.118687,2,
frb_00487,FRB,dataset/fits/frb/frb_00487.fits,559990066,0.71512,1157.469037,8.068077,-2.0,0.00482,140.128193,1,
frb_00488,FRB,dataset/fits/frb/frb_00488.fits,438643293,0.363106,1256.214489,6.674682,-2.0,0.004242,619.809529,1,
frb_00489,FRB,dataset/fits/frb/frb_00489.fits,1438225582,0.933781,1143.096003,9.909033,-2.0,0.004684,542.122905,2,
frb_00490,FRB,dataset/fits/frb/frb_00490.fits,1538010183,1.505836,1269.761418,8.518507,-2.1,0.003174,697.827334,2,
frb_00491,FRB,dataset/fits/frb/frb_00491.fits,674704718,1.428533,1257.89819,7.391149,-1.9,0.004614,172.307763,2,
frb_00492,FRB,dataset/fits/frb/frb_00492.fits,512574191,1.117779,1238.424643,4.152127,-2.0,0.003069,335.501571,1,
frb_00493,FRB,dataset/fits/frb/frb_00493.fits,570402825,1.622758,1295.865121,4.465733,-2.1,0.003246,832.469011,1,
frb_00494,FRB,dataset/fits/frb/frb_00494.fits,849943636,0.873916,1115.533191,10.700335,-2.0,0.004628,784.122838,1,
frb_00495,FRB,dataset/fits/frb/frb_00495.fits,281058963,0.468288,1122.467843,8.35335,-2.0,0.004378,822.452849,1,
frb_00496,FRB,dataset/fits/frb/frb_00496.fits,1442443775,1.59797,1160.959182,8.251642,-2.1,0.004921,588.13226,1,
frb_00497,FRB,dataset/fits/frb/frb_00497.fits,1386202389,1.186129,1241.587459,6.348884,-2.0,0.004865,289.919949,2,
frb_00498,FRB,dataset/fits/frb/frb_00498.fits,644238818,0.684115,1318.227027,5.32466,-2.1,0.004537,584.269752,2,
frb_00499,FRB,dataset/fits/frb/frb_00499.fits,981882299,1.555294,1319.764899,9.32459,-2.1,0.004103,412.667618,1,
frb_00500,FRB,dataset/fits/frb/frb_00500.fits,678985350,0.65435,1149.001632,5.513419,-1.9,0.004138,478.286148,2,
frb_00501,FRB,dataset/fits/frb/frb_00501.fits,1995051678,0.369391,1283.29414,6.871095,-2.1,0.004855,405.861944,1,
frb_00502,FRB,dataset/fits/frb/frb_00502.fits,1614616698,0.533715,1109.881832,7.370227,-2.1,0.003768,398.390255,1,
frb_00503,FRB,dataset/fits/frb/frb_00503.fits,2009474094,0.700218,1198.882446,7.161143,-1.9,0.004159,571.775082,2,
frb_00504,FRB,dataset/fits/frb/frb_00504.fits,155785154,0.984231,1217.347744,10.54511,-1.9,0.003804,286.565679,1,
frb_00505,FRB,dataset/fits/frb/frb_00505.fits,20004794,0.819752,1121.225817,5.207168,-1.9,0.003687,687.11639,2,
frb_00506,FRB,dataset/fits/frb/frb_00506.fits,984160660,1.367562,1191.553038,9.986787,-2.1,0.004299,357.524564,1,
frb_00507,FRB,dataset/fits/frb/frb_00507.fits,1333929335,0.527449,1188.896262,11.299886,-2.0,0.004528,559.927727,1,
frb_00508,FRB,dataset/fits/frb/frb_00508.fits,2144164578,1.088513,1107.608172,10.186159,-1.9,0.003211,387.533407,2,
frb_00509,FRB,dataset/fits/frb/frb_00509.fits,1209019635,1.119602,1231.706073,4.163367,-1.9,0.004751,642.358172,2,
frb_00510,FRB,dataset/fits/frb/frb_00510.fits,2139100839,1.443814,1210.324838,7.066897,-2.0,0.003222,182.046124,1,
frb_00511,FRB,dataset/fits/frb/frb_00511.fits,214708107,1.616043,1218.028682,4.257379,-2.0,0.004992,763.69826,1,
frb_00512,FRB,dataset/fits/frb/frb_00512.fits,157326193,0.733207,1129.73501,6.926497,-2.1,0.00394,602.921007,2,
frb_00513,FRB,dataset/fits/frb/frb_00513.fits,1154561094,1.149143,1216.499029,9.179142,-2.1,0.003717,215.177897,1,
frb_00514,FRB,dataset/fits/frb/frb_00514.fits,457745398,1.177846,1233.329866,5.005628,-2.0,0.00356,891.592957,2,
frb_00515,FRB,dataset/fits/frb/frb_00515.fits,1086379111,1.085939,1100.658978,11.296044,-1.9,0.003344,850.86075,2,
frb_00516,FRB,dataset/fits/frb/frb_00516.fits,569513560,0.985463,1224.83954,10.249015,-2.0,0.00437,271.403081,1,
frb_00517,FRB,dataset/fits/frb/frb_00517.fits,284448309,0.548805,1135.709633,9.317889,-2.1,0.004751,632.663601,2,
frb_00518,FRB,dataset/fits/frb/frb_00518.fits,2004159264,0.870241,1192.284371,7.122617,-1.9,0.003086,636.15712,1,
frb_00519,FRB,dataset/fits/frb/frb_00519.fits,749490765,0.584441,1258.454361,10.337775,-2.1,0.004961,615.940511,2,
frb_00520,FRB,dataset/fits/frb/frb_00520.fits,1891641409,1.360562,1275.266026,6.422982,-2.1,0.003303,796.020444,1,
frb_00521,FRB,dataset/fits/frb/frb_00521.fits,147728210,0.869528,1295.640432,11.286775,-2.1,0.004682,714.787614,2,
frb_00522,FRB,dataset/fits/frb/frb_00522.fits,1888218466,0.995024,1117.389952,8.471855,-1.9,0.004471,885.611835,2,
frb_00523,FRB,dataset/fits/frb/frb_00523.fits,524596787,0.441068,1171.383947,11.446936,-2.0,0.003877,418.211342,1,
frb_00524,FRB,dataset/fits/frb/frb_00524.fits,793553386,1.26883,1227.869996,9.145671,-2.0,0.003262,293.56788,2,
frb_00525,FRB,dataset/fits/frb/frb_00525.fits,612005770,0.402059,1390.362768,7.183752,-2.1,0.00332,863.121491,2,
frb_00526,FRB,dataset/fits/frb/frb_00526.fits,338758749,0.841292,1138.334347,7.600058,-1.9,0.004153,881.325891,1,
frb_00527,FRB,dataset/fits/frb/frb_00527.fits,940994193,0.688978,1387.936483,10.857606,-2.0,0.003512,422.747135,2,
frb_00528,FRB,dataset/fits/frb/frb_00528.fits,1790453658,0.813265,1226.669053,8.500604,-1.9,0.004906,414.631926,2,
frb_00529,FRB,dataset/fits/frb/frb_00529.fits,1166551687,1.38414,1327.074287,5.61375,-2.0,0.004941,551.205124,2,
frb_00530,FRB,dataset/fits/frb/frb_00530.fits,1510840482,0.776431,1143.647876,9.308683,-2.1,0.004555,317.383434,1,
frb_00531,FRB,dataset/fits/frb/frb_00531.fits,649650612,1.589574,1349.571274,4.090417,-2.1,0.004273,436.705074,1,
frb_00532,FRB,dataset/fits/frb/frb_00532.fits,1313567991,0.925908,1202.088833,4.574627,-2.0,0.003339,367.714586,1,
frb_00533,FRB,dataset/fits/frb/frb_00533.fits,2112808895,1.552556,1163.027442,5.462606,-2.0,0.003905,333.120057,1,
frb_00534,FRB,dataset/fits/frb/frb_00534.fits,2120066861,0.768233,1319.156959,5.125522,-2.1,0.004769,877.884969,1,
frb_00535,FRB,dataset/fits/frb/frb_00535.fits,1733233929,0.940626,1294.560993,11.39163,-2.0,0.0047,458.735531,1,
frb_00536,FRB,dataset/fits/frb/frb_00536.fits,1404403444,1.252278,1269.006664,10.470864,-2.1,0.003738,318.087248,2,
frb_00537,FRB,dataset/fits/frb/frb_00537.fits,1135891496,0.531357,1321.400916,7.556027,-1.9,0.003925,597.071889,1,
frb_00538,FRB,dataset/fits/frb/frb_00538.fits,16799993,1.066378,1159.979886,7.964788,-2.0,0.004146,699.824613,2,
frb_00539,FRB,dataset/fits/frb/frb_00539.fits,1434225305,1.209295,1264.97342,4.723539,-2.1,0.004476,716.379218,1,
frb_00540,FRB,dataset/fits/frb/frb_00540.fits,1754717774,0.562255,1192.344491,10.267057,-2.0,0.003004,632.235711,2,
frb_00541,FRB,dataset/fits/frb/frb_00541.fits,1190999340,1.016804,1254.050306,4.427275,-2.0,0.004925,156.948895,1,
frb_00542,FRB,dataset/fits/frb/frb_00542.fits,642910966,0.901365,1186.818266,4.757929,-2.0,0.004719,788.676538,2,
frb_00543,FRB,dataset/fits/frb/frb_00543.fits,2000930864,1.600041,1242.960622,7.119408,-2.1,0.004005,501.133626,2,
frb_00544,FRB,dataset/fits/frb/frb_00544.fits,1424616420,1.477136,1312.749885,8.796723,-1.9,0.004111,877.386588,2,
frb_00545,FRB,dataset/fits/frb/frb_00545.fits,222450318,0.887688,1377.955344,5.838144,-1.9,0.003487,648.499725,2,
frb_00546,FRB,dataset/fits/frb/frb_00546.fits,2016336824,1.471881,1314.945536,11.288139,-2.1,0.003325,325.866042,2,
frb_00547,FRB,dataset/fits/frb/frb_00547.fits,1885763299,1.460447,1205.898011,11.084585,-1.9,0.003147,527.5368,2,
frb_00548,FRB,dataset/fits/frb/frb_00548.fits,288387976,1.053699,1150.8404,10.638862,-2.1,0.004754,639.72175,2,
frb_00549,FRB,dataset/fits/frb/frb_00549.fits,567936248,0.755618,1123.335855,7.734863,-2.0,0.00345,367.35209,2,
frb_00550,FRB,dataset/fits/frb/frb_00550.fits,247881175,1.023044,1260.055469,5.744452,-1.9,0.003923,675.035272,2,
frb_00551,FRB,dataset/fits/frb/frb_00551.fits,1910643500,0.722531,1168.040053,5.289651,-2.1,0.003805,680.568424,2,
frb_00552,FRB,dataset/fits/frb/frb_00552.fits,229858005,0.565577,1223.129822,11.789502,-2.0,0.004151,432.281976,2,
frb_00553,FRB,dataset/fits/frb/frb_00553.fits,1594327694,0.552687,1381.265533,11.631635,-1.9,0.003774,791.979597,1,
frb_00554,FRB,dataset/fits/frb/frb_00554.fits,1188038732,1.444682,1274.137701,9.566357,-1.9,0.003959,431.278577,2,
frb_00555,FRB,dataset/fits/frb/frb_00555.fits,333821846,1.383481,1241.320651,6.528056,-2.1,0.003313,473.981638,1,
frb_00556,FRB,dataset/fits/frb/frb_00556.fits,584863341,0.35679,1302.971056,6.947544,-2.0,0.003221,739.843528,1,
frb_00557,FRB,dataset/fits/frb/frb_00557.fits,605066990,0.468555,1203.352988,8.675413,-2.1,0.003024,310.312339,2,
frb_00558,FRB,dataset/fits/frb/frb_00558.fits,1298862166,0.901656,1125.976062,7.465599,-2.1,0.004033,795.804989,1,
frb_00559,FRB,dataset/fits/frb/frb_00559.fits,452323735,0.573175,1335.991956,9.861983,-1.9,0.003731,424.269426,1,
frb_00560,FRB,dataset/fits/frb/frb_00560.fits,1541060436,0.366761,1124.152589,11.003508,-1.9,0.003646,532.476013,2,
frb_00561,FRB,dataset/fits/frb/frb_00561.fits,736329814,0.559604,1151.802452,7.312347,-2.0,0.003459,834.5945,1,
frb_00562,FRB,dataset/fits/frb/frb_00562.fits,437221894,1.146178,1208.997508,10.12756,-2.1,0.004838,407.077288,1,
frb_00563,FRB,dataset/fits/frb/frb_00563.fits,1476388842,1.571568,1117.819991,8.828126,-2.0,0.003853,331.192723,1,
frb_00564,FRB,dataset/fits/frb/frb_00564.fits,1362015637,0.591706,1242.624765,4.987541,-1.9,0.004321,307.012636,1,
frb_00565,FRB,dataset/fits/frb/frb_00565.fits,1831616326,1.553887,1199.889509,4.034129,-1.9,0.004197,162.751478,2,
frb_00566,FRB,dataset/fits/frb/frb_00566.fits,566901108,0.61111,1193.391368,4.787231,-2.0,0.004705,133.393602,1,
frb_00567,FRB,dataset/fits/frb/frb_00567.fits,1085357689,0.918666,1341.225646,4.700827,-2.0,0.003577,516.970403,1,
frb_00568,FRB,dataset/fits/frb/frb_00568.fits,1049114161,0.942087,1130.482782,6.94567,-2.1,0.004994,386.774628,1,
frb_00569,FRB,dataset/fits/frb/frb_00569.fits,539278777,0.580792,1113.960569,5.772837,-2.0,0.003678,779.481705,1,
frb_00570,FRB,dataset/fits/frb/frb_00570.fits,1944195300,1.570891,1186.544518,6.632746,-2.0,0.004849,152.825231,2,
frb_00571,FRB,dataset/fits/frb/frb_00571.fits,1950256701,1.231551,1304.458542,4.313224,-1.9,0.003266,365.105043,2,
frb_00572,FRB,dataset/fits/frb/frb_00572.fits,1816993889,1.127236,1214.84512,8.913489,-2.0,0.003163,737.651646,2,
frb_00573,FRB,dataset/fits/frb/frb_00573.fits,109089800,0.624265,1267.836517,7.699605,-2.1,0.004033,154.476528,2,
frb_00574,FRB,dataset/fits/frb/frb_00574.fits,198209445,1.415302,1324.827434,4.654475,-2.1,0.003008,336.819049,1,
frb_00575,FRB,dataset/fits/frb/frb_00575.fits,1362115474,0.632987,1114.62881,7.722461,-1.9,0.004779,897.620821,1,
frb_00576,FRB,dataset/fits/frb/frb_00576.fits,909622042,0.404718,1112.495522,7.855242,-2.1,0.00478,665.614712,1,
frb_00577,FRB,dataset/fits/frb/frb_00577.fits,1781011471,1.500071,1282.139359,4.782791,-2.1,0.004703,458.045556,2,
frb_00578,FRB,dataset/fits/frb/frb_00578.fits,594166266,1.53213,1146.922871,5.37937,-1.9,0.004792,854.98013,1,
frb_00579,FRB,dataset/fits/frb/frb_00579.fits,94675607,0.769869,1129.875551,10.840898,-1.9,0.003703,347.767816,1,
frb_00580,FRB,dataset/fits/frb/frb_00580.fits,7614312,0.443005,1137.293276,10.577834,-1.9,0.004897,882.858762,1,
frb_00581,FRB,dataset/fits/frb/frb_00581.fits,716307212,1.374566,1350.892407,7.839627,-2.0,0.003493,316.080756,1,
frb_00582,FRB,dataset/fits/frb/frb_00582.fits,1655965927,0.621344,1235.139959,9.214292,-2.0,0.003682,287.600366,2,
frb_00583,FRB,dataset/fits/frb/frb_00583.fits,280933073,1.370842,1197.796323,10.563594,-2.1,0.003519,231.696465,2,
frb_00584,FRB,dataset/fits/frb/frb_00584.fits,1368190555,1.521526,1324.420481,8.392542,-2.0,0.003639,599.069711,1,
frb_00585,FRB,dataset/fits/frb/frb_00585.fits,2104100082,0.386202,1370.919467,5.334273,-2.0,0.003195,697.304819,2,
frb_00586,FRB,dataset/fits/frb/frb_00586.fits,562544655,0.805848,1394.393091,5.612511,-1.9,0.003585,687.177777,2,
frb_00587,FRB,dataset/fits/frb/frb_00587.fits,346994656,1.309733,1363.181558,9.127575,-2.0,0.003029,602.333369,2,
frb_00588,FRB,dataset/fits/frb/frb_00588.fits,1591781264,0.75537,1236.187485,6.662544,-2.1,0.003342,198.066089,2,
frb_00589,FRB,dataset/fits/frb/frb_00589.fits,948834533,1.187573,1398.97414,9.077204,-1.9,0.003699,622.404002,1,
frb_00590,FRB,dataset/fits/frb/frb_00590.fits,1184724685,1.11547,1200.17597,6.645814,-2.0,0.004502,657.748093,2,
frb_00591,FRB,dataset/fits/frb/frb_00591.fits,1515409311,1.250432,1297.694688,8.635379,-1.9,0.003757,771.960981,1,
frb_00592,FRB,dataset/fits/frb/frb_00592.fits,918450661,1.072527,1294.400425,6.841772,-2.1,0.004749,267.490142,2,
frb_00593,FRB,dataset/fits/frb/frb_00593.fits,1204538329,0.371118,1122.454838,7.68434,-2.1,0.004861,785.416531,2,
frb_00594,FRB,dataset/fits/frb/frb_00594.fits,20765524,1.134054,1148.950621,8.20235,-2.0,0.004643,621.863261,2,
frb_00595,FRB,dataset/fits/frb/frb_00595.fits,240247333,1.549082,1177.68182,7.810529,-1.9,0.00393,281.673414,1,
frb_00596,FRB,dataset/fits/frb/frb_00596.fits,161584945,0.937395,1176.136689,5.062252,-1.9,0.004889,324.802388,1,
frb_00597,FRB,dataset/fits/frb/frb_00597.fits,2029481426,0.747659,1285.895009,7.742315,-2.1,0.004838,516.385164,2,
frb_00598,FRB,dataset/fits/frb/frb_00598.fits,1896456537,1.437423,1172.592596,5.07032,-2.1,0.004505,369.731958,2,
frb_00599,FRB,dataset/fits/frb/frb_00599.fits,1483953333,1.068487,1342.904273,11.155043,-2.1,0.00302,198.752697,1,
frb_00600,FRB,dataset/fits/frb/frb_00600.fits,1941171830,1.570449,1376.044915,9.453266,-2.0,0.004869,799.825798,2,
frb_00601,FRB,dataset/fits/frb/frb_00601.fits,320091646,1.185048,1262.52052,5.743842,-2.1,0.003809,591.045925,1,
frb_00602,FRB,dataset/fits/frb/frb_00602.fits,1171646238,0.779571,1104.084135,6.147533,-2.1,0.003075,476.091624,1,
frb_00603,FRB,dataset/fits/frb/frb_00603.fits,77369840,0.910601,1355.137991,4.241534,-2.0,0.004173,527.748863,1,
frb_00604,FRB,dataset/fits/frb/frb_00604.fits,1792279158,0.986643,1364.997629,7.847567,-2.0,0.004499,899.143052,2,
frb_00605,FRB,dataset/fits/frb/frb_00605.fits,792885293,0.893693,1172.822245,4.85638,-2.0,0.003026,804.506661,1,
frb_00606,FRB,dataset/fits/frb/frb_00606.fits,1250929769,0.495752,1284.275158,10.399342,-2.1,0.003959,432.492415,2,
frb_00607,FRB,dataset/fits/frb/frb_00607.fits,1186538610,0.542278,1360.63897,8.347764,-2.0,0.004561,252.901206,2,
frb_00608,FRB,dataset/fits/frb/frb_00608.fits,318028988,0.503244,1390.001396,4.170627,-1.9,0.004712,451.401024,2,
frb_00609,FRB,dataset/fits/frb/frb_00609.fits,922959948,1.533506,1190.380789,5.088792,-2.0,0.003377,299.522513,1,
frb_00610,FRB,dataset/fits/frb/frb_00610.fits,273687170,0.471982,1196.12535,6.494153,-1.9,0.004315,278.558558,1,
frb_00611,FRB,dataset/fits/frb/frb_00611.fits,89826800,0.77339,1382.497567,5.81619,-1.9,0.003543,438.341269,1,
frb_00612,FRB,dataset/fits/frb/frb_00612.fits,661979764,1.271198,1204.873194,11.079367,-1.9,0.003027,633.053825,1,
frb_00613,FRB,dataset/fits/frb/frb_00613.fits,783083158,1.313272,1336.688857,6.620657,-2.1,0.003821,311.098585,1,
frb_00614,FRB,dataset/fits/frb/frb_00614.fits,1930548037,1.438045,1225.222435,7.913367,-2.0,0.003183,482.737645,2,
frb_00615,FRB,dataset/fits/frb/frb_00615.fits,2003791236,1.006817,1114.599933,4.751655,-2.1,0.0048,706.719582,2,
frb_00616,FRB,dataset/fits/frb/frb_00616.fits,1709659632,0.686065,1243.291869,7.804209,-2.0,0.003053,747.956705,1,
frb_00617,FRB,dataset/fits/frb/frb_00617.fits,2087775572,1.64606,1354.978245,11.676465,-2.0,0.003496,810.238346,1,
frb_00618,FRB,dataset/fits/frb/frb_00618.fits,1848344729,1.378166,1219.371159,11.447778,-2.1,0.004665,862.559673,2,
frb_00619,FRB,dataset/fits/frb/frb_00619.fits,85673588,1.252969,1290.703098,9.702936,-1.9,0.003018,843.791876,1,
frb_00620,FRB,dataset/fits/frb/frb_00620.fits,1930425953,0.549214,1375.805499,7.329675,-2.1,0.004192,773.408862,1,
frb_00621,FRB,dataset/fits/frb/frb_00621.fits,768389476,0.671623,1110.790491,10.774404,-2.0,0.00308,860.279898,1,
frb_00622,FRB,dataset/fits/frb/frb_00622.fits,451135927,1.031364,1105.534765,9.196015,-1.9,0.00308,412.056404,2,
frb_00623,FRB,dataset/fits/frb/frb_00623.fits,1464727068,1.05616,1111.780971,11.791166,-2.0,0.00318,263.163196,1,
frb_00624,FRB,dataset/fits/frb/frb_00624.fits,535861028,0.841398,1379.277098,10.941991,-1.9,0.004103,532.447415,2,
frb_00625,FRB,dataset/fits/frb/frb_00625.fits,1432228606,1.535078,1108.843045,5.060262,-2.0,0.003874,896.724992,2,
frb_00626,FRB,dataset/fits/frb/frb_00626.fits,220747618,0.769603,1227.47351,9.530289,-2.0,0.004869,233.46706,2,
frb_00627,FRB,dataset/fits/frb/frb_00627.fits,759519078,0.636708,1173.646124,10.008674,-1.9,0.004304,598.780099,1,
frb_00628,FRB,dataset/fits/frb/frb_00628.fits,1675286879,1.013471,1142.284257,4.433093,-2.0,0.003646,682.583793,1,
frb_00629,FRB,dataset/fits/frb/frb_00629.fits,1202340700,0.811247,1347.978467,10.5124,-2.1,0.004792,289.851702,2,
frb_00630,FRB,dataset/fits/frb/frb_00630.fits,1898664815,1.396544,1101.103669,10.279699,-2.1,0.003928,305.111722,2,
frb_00631,FRB,dataset/fits/frb/frb_00631.fits,1878431266,1.489017,1255.83967,5.075292,-2.0,0.004861,434.539497,2,
frb_00632,FRB,dataset/fits/frb/frb_00632.fits,872688800,0.627958,1245.795254,10.98092,-1.9,0.003971,549.762777,2,
frb_00633,FRB,dataset/fits/frb/frb_00633.fits,2091299075,1.16415,1323.214252,8.54339,-2.0,0.003313,127.28007,2,
frb_00634,FRB,dataset/fits/frb/frb_00634.fits,1332860438,0.708459,1101.206449,6.770686,-1.9,0.004185,196.500231,1,
frb_00635,FRB,dataset/fits/frb/frb_00635.fits,1609490925,0.764946,1303.580445,4.119681,-2.1,0.004779,487.581776,2,
frb_00636,FRB,dataset/fits/frb/frb_00636.fits,331900767,0.907825,1314.910036,5.712716,-2.0,0.003185,398.144523,1,
frb_00637,FRB,dataset/fits/frb/frb_00637.fits,1988062669,1.628653,1247.176881,4.152028,-2.0,0.003841,479.524172,2,
frb_00638,FRB,dataset/fits/frb/frb_00638.fits,1996904283,0.865219,1109.423679,10.686806,-2.0,0.004857,614.941335,1,
frb_00639,FRB,dataset/fits/frb/frb_00639.fits,508389543,0.781834,1179.463021,11.696462,-2.0,0.004267,160.760869,1,
frb_00640,FRB,dataset/fits/frb/frb_00640.fits,1856726603,1.582183,1319.324925,8.233233,-2.1,0.00423,572.378775,2,
frb_00641,FRB,dataset/fits/frb/frb_00641.fits,348969883,0.561699,1101.065301,11.871858,-1.9,0.003924,412.938398,1,
frb_00642,FRB,dataset/fits/frb/frb_00642.fits,2096386485,0.677779,1261.147227,10.167865,-2.0,0.004162,771.836656,1,
frb_00643,FRB,dataset/fits/frb/frb_00643.fits,1717744309,0.691471,1266.338116,9.404172,-2.0,0.003277,785.48509,2,
frb_00644,FRB,dataset/fits/frb/frb_00644.fits,1741119022,1.122011,1317.595974,11.941739,-2.0,0.004458,498.371198,1,
frb_00645,FRB,dataset/fits/frb/frb_00645.fits,380217065,0.473031,1297.082137,4.571898,-1.9,0.004903,215.476501,1,
frb_00646,FRB,dataset/fits/frb/frb_00646.fits,1892826889,0.791872,1345.115366,11.591976,-2.0,0.003413,541.72459,2,
frb_00647,FRB,dataset/fits/frb/frb_00647.fits,885395512,0.379678,1195.070994,8.48781,-1.9,0.003175,161.20425,2,
frb_00648,FRB,dataset/fits/frb/frb_00648.fits,53228318,0.829087,1377.461029,4.250331,-1.9,0.004093,722.989225,1,
frb_00649,FRB,dataset/fits/frb/frb_00649.fits,385174090,0.35398,1380.842262,5.779148,-2.1,0.004906,323.292854,2,
frb_00650,FRB,dataset/fits/frb/frb_00650.fits,1581760149,0.357989,1322.154287,7.918119,-2.0,0.003357,779.137039,2,
frb_00651,FRB,dataset/fits/frb/frb_00651.fits,1985321345,1.647351,1285.708669,11.87646,-2.1,0.003824,228.497624,1,
frb_00652,FRB,dataset/fits/frb/frb_00652.fits,713362852,1.197549,1158.251314,4.017336,-2.1,0.003098,460.286533,1,
frb_00653,FRB,dataset/fits/frb/frb_00653.fits,1680162197,1.191925,1253.116945,4.411667,-1.9,0.004898,706.566821,1,
frb_00654,FRB,dataset/fits/frb/frb_00654.fits,1998911893,1.592695,1369.789715,8.616683,-2.0,0.004346,791.714881,1,
frb_00655,FRB,dataset/fits/frb/frb_00655.fits,884147286,0.595605,1195.441301,8.172047,-2.1,0.004427,397.278773,1,
frb_00656,FRB,dataset/fits/frb/frb_00656.fits,1722786834,1.238493,1203.258259,4.595723,-2.1,0.003078,879.592718,2,
frb_00657,FRB,dataset/fits/frb/frb_00657.fits,1438614606,1.041691,1286.161456,6.674293,-2.0,0.004729,342.725847,2,
frb_00658,FRB,dataset/fits/frb/frb_00658.fits,1855563364,1.480984,1160.417639,11.783538,-2.1,0.004989,228.7549,1,
frb_00659,FRB,dataset/fits/frb/frb_00659.fits,1578524039,0.468121,1121.771333,6.518522,-1.9,0.003782,297.596455,2,
frb_00660,FRB,dataset/fits/frb/frb_00660.fits,1741070902,1.584504,1301.95843,4.802484,-2.0,0.003359,663.166713,2,
frb_00661,FRB,dataset/fits/frb/frb_00661.fits,532935090,1.28353,1398.394165,8.059175,-2.0,0.004287,713.904196,1,
frb_00662,FRB,dataset/fits/frb/frb_00662.fits,572960902,0.481335,1114.897683,4.757979,-1.9,0.003667,703.693905,1,
frb_00663,FRB,dataset/fits/frb/frb_00663.fits,341874761,0.65177,1391.779049,10.043792,-2.1,0.003123,870.190587,1,
frb_00664,FRB,dataset/fits/frb/frb_00664.fits,1690873888,0.520972,1114.787663,4.112378,-2.1,0.004154,593.547247,1,
frb_00665,FRB,dataset/fits/frb/frb_00665.fits,1505983443,1.551761,1180.201052,7.218972,-2.1,0.003149,319.073993,2,
frb_00666,FRB,dataset/fits/frb/frb_00666.fits,232133588,1.121738,1256.385077,8.598383,-2.0,0.003481,456.258476,1,
frb_00667,FRB,dataset/fits/frb/frb_00667.fits,821502094,0.932488,1261.377172,7.730659,-1.9,0.004856,667.707957,2,
frb_00668,FRB,dataset/fits/frb/frb_00668.fits,1872963913,0.810435,1239.535209,6.032408,-2.1,0.004017,746.455621,2,
frb_00669,FRB,dataset/fits/frb/frb_00669.fits,83160454,0.779075,1310.497573,4.736926,-1.9,0.003607,344.284724,1,
frb_00670,FRB,dataset/fits/frb/frb_00670.fits,1843814972,0.601302,1196.131911,10.661127,-2.1,0.004303,586.23961,2,
frb_00671,FRB,dataset/fits/frb/frb_00671.fits,1010799123,1.214357,1256.863364,7.675267,-1.9,0.003455,721.155678,1,
frb_00672,FRB,dataset/fits/frb/frb_00672.fits,477672769,1.115107,1214.658328,6.711945,-2.0,0.004862,144.938756,1,
frb_00673,FRB,dataset/fits/frb/frb_00673.fits,428579385,0.877561,1162.8691,5.269402,-2.1,0.004217,172.690391,1,
frb_00674,FRB,dataset/fits/frb/frb_00674.fits,1753606377,1.581523,1245.935914,8.349614,-1.9,0.00389,557.514147,1,
frb_00675,FRB,dataset/fits/frb/frb_00675.fits,1972360442,0.733352,1275.278427,5.589104,-2.0,0.003604,341.486829,2,
frb_00676,FRB,dataset/fits/frb/frb_00676.fits,988493675,0.853796,1223.34977,7.442386,-2.1,0.004836,332.126448,2,
frb_00677,FRB,dataset/fits/frb/frb_00677.fits,750885746,0.978424,1388.266764,8.861068,-1.9,0.004441,532.541935,2,
frb_00678,FRB,dataset/fits/frb/frb_00678.fits,655392398,1.508459,1371.622816,6.147479,-2.0,0.003348,121.780907,1,
frb_00679,FRB,dataset/fits/frb/frb_00679.fits,1762088460,0.870008,1301.011456,11.030689,-2.0,0.004451,232.523814,2,
frb_00680,FRB,dataset/fits/frb/frb_00680.fits,1707991444,0.433164,1111.137216,11.803636,-2.1,0.003481,813.485872,1,
frb_00681,FRB,dataset/fits/frb/frb_00681.fits,1871151974,0.370871,1175.474012,8.850462,-2.1,0.004808,869.74469,1,
frb_00682,FRB,dataset/fits/frb/frb_00682.fits,488757598,1.272781,1304.295324,10.236085,-1.9,0.004691,820.656974,2,
frb_00683,FRB,dataset/fits/frb/frb_00683.fits,478724684,1.079811,1219.825556,6.747663,-2.0,0.003068,681.076014,2,
frb_00684,FRB,dataset/fits/frb/frb_00684.fits,50818990,1.099847,1335.466727,10.777144,-1.9,0.004621,602.584166,1,
frb_00685,FRB,dataset/fits/frb/frb_00685.fits,1417410478,1.016988,1280.944746,10.935471,-2.1,0.003646,686.641547,1,
frb_00686,FRB,dataset/fits/frb/frb_00686.fits,414743068,0.702267,1239.94073,6.539118,-2.1,0.003109,266.635734,1,
frb_00687,FRB,dataset/fits/frb/frb_00687.fits,855699177,1.631757,1189.871068,9.85083,-2.0,0.003438,862.186993,2,
frb_00688,FRB,dataset/fits/frb/frb_00688.fits,704937175,1.491915,1205.099508,11.510162,-2.1,0.004487,839.938259,1,
frb_00689,FRB,dataset/fits/frb/frb_00689.fits,598295510,0.653993,1202.434289,9.901763,-1.9,0.003973,647.192268,1,
frb_00690,FRB,dataset/fits/frb/frb_00690.fits,1856183813,0.70551,1171.864767,6.775516,-1.9,0.004989,713.809171,1,
frb_00691,FRB,dataset/fits/frb/frb_00691.fits,149079929,1.384995,1385.942435,7.302906,-2.1,0.003288,275.582627,1,
frb_00692,FRB,dataset/fits/frb/frb_00692.fits,2076378537,0.811772,1252.363795,10.494568,-2.0,0.004014,625.654873,2,
frb_00693,FRB,dataset/fits/frb/frb_00693.fits,1660706316,0.898681,1194.589281,5.802904,-2.1,0.003795,557.577164,2,
frb_00694,FRB,dataset/fits/frb/frb_00694.fits,599416365,1.520296,1331.35254,7.797523,-2.0,0.004373,298.095436,2,
frb_00695,FRB,dataset/fits/frb/frb_00695.fits,754080569,1.469994,1242.752329,6.684884,-1.9,0.003849,778.35556,1,
frb_00696,FRB,dataset/fits/frb/frb_00696.fits,1377571547,0.854848,1340.386418,6.281825,-2.1,0.004816,888.543012,2,
frb_00697,FRB,dataset/fits/frb/frb_00697.fits,1093940358,0.37494,1332.219804,8.33172,-1.9,0.004569,130.077089,1,
frb_00698,FRB,dataset/fits/frb/frb_00698.fits,858302800,0.846435,1176.337358,5.994983,-2.1,0.00465,229.665825,1,
frb_00699,FRB,dataset/fits/frb/frb_00699.fits,1459254039,0.52194,1199.906042,8.338141,-1.9,0.00464,284.954454,2,
frb_00700,FRB,dataset/fits/frb/frb_00700.fits,2107002899,1.118795,1199.512886,10.268602,-2.0,0.004506,705.476704,2,
frb_00701,FRB,dataset/fits/frb/frb_00701.fits,1811748551,1.010411,1234.434105,7.853139,-2.0,0.00357,403.365024,1,
frb_00702,FRB,dataset/fits/frb/frb_00702.fits,1151514516,0.414851,1396.056937,9.631013,-1.9,0.003406,863.237889,2,
frb_00703,FRB,dataset/fits/frb/frb_00703.fits,711138925,0.57657,1252.11863,9.242611,-2.0,0.003364,695.544196,1,
frb_00704,FRB,dataset/fits/frb/frb_00704.fits,2016996413,0.934947,1175.321003,10.872237,-1.9,0.00354,898.320488,1,
frb_00705,FRB,dataset/fits/frb/frb_00705.fits,59271705,1.028374,1357.313401,7.542665,-2.0,0.004382,485.713934,2,
frb_00706,FRB,dataset/fits/frb/frb_00706.fits,247694516,1.137113,1150.989307,4.656974,-2.1,0.004681,775.126173,2,
frb_00707,FRB,dataset/fits/frb/frb_00707.fits,1883425646,0.488398,1224.053971,7.687664,-2.0,0.00363,727.895029,1,
frb_00708,FRB,dataset/fits/frb/frb_00708.fits,2083919442,0.869161,1232.01852,10.001658,-2.0,0.004848,783.034489,2,
frb_00709,FRB,dataset/fits/frb/frb_00709.fits,560955367,0.796966,1100.237953,9.231251,-2.0,0.004448,170.447179,1,
frb_00710,FRB,dataset/fits/frb/frb_00710.fits,383471470,0.629113,1340.838205,4.037169,-1.9,0.00367,447.894041,1,
frb_00711,FRB,dataset/fits/frb/frb_00711.fits,1246806959,1.26351,1312.737095,5.004417,-2.1,0.004856,554.483186,2,
frb_00712,FRB,dataset/fits/frb/frb_00712.fits,2067026700,1.208834,1374.211279,8.013782,-1.9,0.00345,448.53495,2,
frb_00713,FRB,dataset/fits/frb/frb_00713.fits,2112158782,0.938397,1119.001512,6.369651,-2.0,0.003181,598.587106,1,
frb_00714,FRB,dataset/fits/frb/frb_00714.fits,570084675,0.525158,1383.746989,9.954421,-1.9,0.003432,154.425188,1,
frb_00715,FRB,dataset/fits/frb/frb_00715.fits,82156706,0.533754,1264.214991,9.220574,-2.1,0.003014,158.428856,2,
frb_00716,FRB,dataset/fits/frb/frb_00716.fits,232792703,0.749346,1267.263132,11.454943,-2.0,0.003024,600.01555,2,
frb_00717,FRB,dataset/fits/frb/frb_00717.fits,1281127015,1.558672,1186.968712,6.917857,-1.9,0.003877,817.557688,2,
frb_00718,FRB,dataset/fits/frb/frb_00718.fits,933218567,1.580709,1333.619609,9.30494,-1.9,0.003454,860.408465,2,
frb_00719,FRB,dataset/fits/frb/frb_00719.fits,742357411,1.417024,1272.860869,10.339942,-2.0,0.003175,741.221871,2,
frb_00720,FRB,dataset/fits/frb/frb_00720.fits,1564538605,1.365757,1229.201315,9.160338,-2.0,0.003039,791.599628,2,
frb_00721,FRB,dataset/fits/frb/frb_00721.fits,1688841650,1.34581,1305.201901,6.321534,-2.1,0.003945,855.655279,2,
frb_00722,FRB,dataset/fits/frb/frb_00722.fits,673616912,0.543097,1177.983321,5.637029,-2.1,0.004749,295.558245,2,
frb_00723,FRB,dataset/fits/frb/frb_00723.fits,937148729,1.42821,1133.651901,9.894073,-2.1,0.003906,472.339069,1,
frb_00724,FRB,dataset/fits/frb/frb_00724.fits,1301823595,1.647744,1258.287173,10.0961,-2.1,0.004514,135.827161,2,
frb_00725,FRB,dataset/fits/frb/frb_00725.fits,2113630392,0.603575,1138.663955,7.590168,-2.1,0.004307,833.176877,2,
frb_00726,FRB,dataset/fits/frb/frb_00726.fits,1098272663,0.951273,1183.499194,5.17896,-2.0,0.003378,617.920104,2,
frb_00727,FRB,dataset/fits/frb/frb_00727.fits,248347437,1.169192,1137.29812,10.313821,-2.1,0.004523,385.871893,2,
frb_00728,FRB,dataset/fits/frb/frb_00728.fits,827200882,1.31882,1214.508215,5.45394,-2.0,0.003707,277.47162,2,
frb_00729,FRB,dataset/fits/frb/frb_00729.fits,1931671701,0.744443,1260.64934,9.944809,-1.9,0.003751,132.277195,1,
frb_00730,FRB,dataset/fits/frb/frb_00730.fits,1238213399,1.560666,1243.412513,4.072681,-2.1,0.004882,782.461889,2,
frb_00731,FRB,dataset/fits/frb/frb_00731.fits,408191063,0.626533,1240.173507,4.551587,-2.1,0.004217,595.881333,1,
frb_00732,FRB,dataset/fits/frb/frb_00732.fits,547012423,1.409822,1381.93739,4.540902,-1.9,0.004976,843.121071,1,
frb_00733,FRB,dataset/fits/frb/frb_00733.fits,95319350,0.886943,1392.276768,5.063309,-2.1,0.00338,646.720685,2,
frb_00734,FRB,dataset/fits/frb/frb_00734.fits,1522104809,0.740805,1197.94748,9.739646,-1.9,0.004878,244.497288,1,
frb_00735,FRB,dataset/fits/frb/frb_00735.fits,936426395,1.220877,1338.691067,7.686706,-2.1,0.004627,483.637912,2,
frb_00736,FRB,dataset/fits/frb/frb_00736.fits,3631986,1.490849,1208.724846,4.637126,-2.0,0.004553,718.461357,2,
frb_00737,FRB,dataset/fits/frb/frb_00737.fits,1116520443,1.394209,1367.894716,6.606873,-1.9,0.003512,577.010311,2,
frb_00738,FRB,dataset/fits/frb/frb_00738.fits,1987657532,1.438821,1190.079216,6.324524,-1.9,0.003896,650.855239,1,
frb_00739,FRB,dataset/fits/frb/frb_00739.fits,1731968897,1.109705,1296.939083,6.995201,-1.9,0.00323,249.581181,2,
frb_00740,FRB,dataset/fits/frb/frb_00740.fits,1156316855,1.368402,1284.491549,10.078289,-2.0,0.003017,532.141895,1,
frb_00741,FRB,dataset/fits/frb/frb_00741.fits,1475014483,1.176217,1159.664165,10.643239,-2.0,0.004406,639.575916,2,
frb_00742,FRB,dataset/fits/frb/frb_00742.fits,1544964155,1.11946,1358.309765,6.816754,-2.1,0.00447,282.605488,1,
frb_00743,FRB,dataset/fits/frb/frb_00743.fits,2019199670,0.738515,1133.274534,7.949846,-2.0,0.003313,207.691849,2,
frb_00744,FRB,dataset/fits/frb/frb_00744.fits,1593325654,0.459506,1309.445574,4.338447,-2.0,0.003075,577.950345,2,
frb_00745,FRB,dataset/fits/frb/frb_00745.fits,1582776385,1.063089,1140.275406,8.103193,-1.9,0.003401,783.177916,2,
frb_00746,FRB,dataset/fits/frb/frb_00746.fits,1440163746,1.115228,1303.0957,10.680162,-1.9,0.003562,148.287696,1,
frb_00747,FRB,dataset/fits/frb/frb_00747.fits,423129726,0.551228,1226.194195,6.270484,-2.0,0.004011,174.58475,2,
frb_00748,FRB,dataset/fits/frb/frb_00748.fits,782159660,1.551861,1206.811581,8.370448,-2.0,0.003099,253.97025,1,
frb_00749,FRB,dataset/fits/frb/frb_00749.fits,926204114,1.48267,1268.992,6.514811,-2.1,0.003593,385.030176,1,
frb_00750,FRB,dataset/fits/frb/frb_00750.fits,150267606,1.026659,1195.035301,5.914587,-2.1,0.004117,863.403079,1,
frb_00751,FRB,dataset/fits/frb/frb_00751.fits,2037692439,0.750469,1118.637398,8.901761,-2.1,0.003069,719.656076,1,
frb_00752,FRB,dataset/fits/frb/frb_00752.fits,1426439563,1.371817,1244.398134,5.930081,-1.9,0.004017,721.80417,2,
frb_00753,FRB,dataset/fits/frb/frb_00753.fits,1977340355,0.563445,1233.368754,7.584549,-1.9,0.003183,488.224643,1,
frb_00754,FRB,dataset/fits/frb/frb_00754.fits,709099176,1.360283,1195.859913,4.079985,-2.0,0.004528,706.357564,1,
frb_00755,FRB,dataset/fits/frb/frb_00755.fits,1338216052,1.590323,1183.161015,11.093957,-2.1,0.003808,318.893428,1,
frb_00756,FRB,dataset/fits/frb/frb_00756.fits,674128708,1.328515,1174.533763,7.366957,-2.0,0.003154,736.455276,2,
frb_00757,FRB,dataset/fits/frb/frb_00757.fits,1424613748,0.571378,1214.974335,9.482109,-1.9,0.003515,715.730804,1,
frb_00758,FRB,dataset/fits/frb/frb_00758.fits,1821098954,1.373129,1194.122587,5.754227,-2.1,0.003013,330.54624,1,
frb_00759,FRB,dataset/fits/frb/frb_00759.fits,267630828,1.09746,1225.610627,10.849,-2.1,0.00452,126.498569,2,
frb_00760,FRB,dataset/fits/frb/frb_00760.fits,1545660497,0.753379,1355.942883,11.601451,-1.9,0.003992,709.201519,2,
frb_00761,FRB,dataset/fits/frb/frb_00761.fits,1932835866,1.183337,1321.662817,4.649788,-2.1,0.003424,675.765848,2,
frb_00762,FRB,dataset/fits/frb/frb_00762.fits,644937161,0.845587,1155.231791,10.613078,-2.0,0.003935,782.323364,2,
frb_00763,FRB,dataset/fits/frb/frb_00763.fits,1089037296,1.50704,1170.709159,11.397562,-2.0,0.004963,408.11312,2,
frb_00764,FRB,dataset/fits/frb/frb_00764.fits,664183756,0.446556,1124.371791,4.177305,-2.1,0.003379,369.568714,2,
frb_00765,FRB,dataset/fits/frb/frb_00765.fits,1432141605,1.386365,1197.343057,9.35362,-2.0,0.003527,331.998284,1,
frb_00766,FRB,dataset/fits/frb/frb_00766.fits,877017099,1.270241,1173.328927,6.144059,-2.1,0.004501,455.857607,1,
frb_00767,FRB,dataset/fits/frb/frb_00767.fits,700472451,0.761233,1302.26525,9.230432,-2.0,0.004008,361.288523,2,
frb_00768,FRB,dataset/fits/frb/frb_00768.fits,864148252,1.201384,1378.059256,10.670295,-1.9,0.003684,314.386293,1,
frb_00769,FRB,dataset/fits/frb/frb_00769.fits,1497243668,0.734185,1399.457114,6.084868,-2.1,0.003129,265.345848,1,
frb_00770,FRB,dataset/fits/frb/frb_00770.fits,634914705,0.698289,1196.602754,10.544435,-1.9,0.004339,818.271403,2,
frb_00771,FRB,dataset/fits/frb/frb_00771.fits,1190591742,1.004424,1376.003357,4.46659,-1.9,0.004069,451.05823,1,
frb_00772,FRB,dataset/fits/frb/frb_00772.fits,273348476,0.439589,1327.735228,10.705742,-2.1,0.004833,124.313987,1,
frb_00773,FRB,dataset/fits/frb/frb_00773.fits,411973468,1.008422,1241.848867,6.133921,-2.0,0.004682,236.835673,2,
frb_00774,FRB,dataset/fits/frb/frb_00774.fits,902901632,1.103414,1214.304725,8.937074,-1.9,0.003009,120.700713,2,
frb_00775,FRB,dataset/fits/frb/frb_00775.fits,1427925073,0.565109,1379.496673,10.609325,-1.9,0.003598,228.24909,1,
frb_00776,FRB,dataset/fits/frb/frb_00776.fits,2019415604,1.242171,1121.378723,6.675944,-1.9,0.003849,709.529519,1,
frb_00777,FRB,dataset/fits/frb/frb_00777.fits,814208288,0.777734,1272.580555,4.219474,-2.1,0.003467,850.655832,1,
frb_00778,FRB,dataset/fits/frb/frb_00778.fits,1454529207,1.212322,1392.860465,4.661406,-2.1,0.003735,415.165876,2,
frb_00779,FRB,dataset/fits/frb/frb_00779.fits,1606606728,1.15655,1273.767467,4.266853,-2.0,0.004166,222.108483,1,
frb_00780,FRB,dataset/fits/frb/frb_00780.fits,1938760148,0.717518,1378.988026,6.090188,-2.0,0.003872,754.635205,1,
frb_00781,FRB,dataset/fits/frb/frb_00781.fits,373720867,0.43297,1117.627952,6.718471,-2.0,0.003096,514.01283,2,
frb_00782,FRB,dataset/fits/frb/frb_00782.fits,1321808216,0.974713,1392.28901,5.983174,-2.1,0.004169,209.787634,1,
frb_00783,FRB,dataset/fits/frb/frb_00783.fits,1222144237,0.972533,1140.917103,9.629986,-1.9,0.004907,458.207999,1,
frb_00784,FRB,dataset/fits/frb/frb_00784.fits,646284942,1.555924,1308.842615,4.145884,-2.0,0.003664,487.703559,1,
frb_00785,FRB,dataset/fits/frb/frb_00785.fits,872039787,0.812923,1358.551862,6.245361,-1.9,0.003398,694.999112,2,
frb_00786,FRB,dataset/fits/frb/frb_00786.fits,1176686194,0.912647,1225.835224,5.252064,-2.0,0.003786,868.149139,1,
frb_00787,FRB,dataset/fits/frb/frb_00787.fits,1790411177,1.119533,1396.237168,6.497239,-1.9,0.00377,473.180994,1,
frb_00788,FRB,dataset/fits/frb/frb_00788.fits,871750,0.966662,1165.393222,10.550862,-2.1,0.004467,386.194642,2,
frb_00789,FRB,dataset/fits/frb/frb_00789.fits,652566492,1.34893,1171.238645,6.36758,-2.0,0.003775,769.217125,2,
frb_00790,FRB,dataset/fits/frb/frb_00790.fits,616142519,1.015262,1220.688244,6.455487,-2.1,0.004987,127.777181,2,
frb_00791,FRB,dataset/fits/frb/frb_00791.fits,451363873,1.303364,1356.969628,6.979052,-1.9,0.004261,681.787763,2,
frb_00792,FRB,dataset/fits/frb/frb_00792.fits,923177765,0.404708,1348.236833,5.228867,-2.1,0.004826,374.542166,1,
frb_00793,FRB,dataset/fits/frb/frb_00793.fits,1687404238,0.854655,1210.095467,6.136239,-2.1,0.004704,262.68049,1,
frb_00794,FRB,dataset/fits/frb/frb_00794.fits,1245507828,1.646601,1343.829215,6.502164,-2.1,0.004007,177.00982,2,
frb_00795,FRB,dataset/fits/frb/frb_00795.fits,1302795795,1.452321,1274.42426,5.506523,-1.9,0.003843,418.818,1,
frb_00796,FRB,dataset/fits/frb/frb_00796.fits,1405969622,1.547335,1327.790705,9.453677,-2.0,0.003804,670.638089,1,
frb_00797,FRB,dataset/fits/frb/frb_00797.fits,692024958,1.61552,1312.684551,7.089417,-2.1,0.004639,371.380358,2,
frb_00798,FRB,dataset/fits/frb/frb_00798.fits,998554533,0.568141,1131.987149,9.815248,-2.0,0.003504,538.994143,2,
frb_00799,FRB,dataset/fits/frb/frb_00799.fits,948728243,1.602289,1213.980373,10.756283,-2.0,0.003413,383.18535,2,
frb_00800,FRB,dataset/fits/frb/frb_00800.fits,949530933,0.721118,1322.465971,10.065853,-1.9,0.004299,205.058857,1,
frb_00801,FRB,dataset/fits/frb/frb_00801.fits,1450898448,0.436901,1140.895078,5.941945,-2.1,0.004104,367.981535,1,
frb_00802,FRB,dataset/fits/frb/frb_00802.fits,458920270,0.869823,1175.434567,9.644799,-2.0,0.004959,412.494195,1,
frb_00803,FRB,dataset/fits/frb/frb_00803.fits,1097737800,0.85583,1381.198792,4.968854,-2.1,0.003029,279.313751,2,
frb_00804,FRB,dataset/fits/frb/frb_00804.fits,1016159586,0.953771,1197.806391,9.215451,-2.0,0.003925,169.966371,2,
frb_00805,FRB,dataset/fits/frb/frb_00805.fits,1704533787,1.579981,1277.788202,4.732414,-1.9,0.00324,519.135585,1,
frb_00806,FRB,dataset/fits/frb/frb_00806.fits,1935271075,1.287183,1376.887574,10.093335,-2.0,0.004008,724.015259,2,
frb_00807,FRB,dataset/fits/frb/frb_00807.fits,2061223524,0.406102,1162.218389,9.62482,-1.9,0.003129,353.692317,1,
frb_00808,FRB,dataset/fits/frb/frb_00808.fits,1709450157,1.306828,1192.821202,8.750346,-2.0,0.003467,899.055274,2,
frb_00809,FRB,dataset/fits/frb/frb_00809.fits,1580465177,0.756194,1143.273983,4.682398,-2.1,0.004631,522.745815,1,
frb_00810,FRB,dataset/fits/frb/frb_00810.fits,364409491,0.799191,1245.962379,11.689691,-1.9,0.003361,324.814813,1,
frb_00811,FRB,dataset/fits/frb/frb_00811.fits,1414871213,1.512498,1383.830298,6.868494,-1.9,0.003668,312.642571,2,
frb_00812,FRB,dataset/fits/frb/frb_00812.fits,182097029,1.095307,1132.463063,7.451321,-1.9,0.004101,785.523633,1,
frb_00813,FRB,dataset/fits/frb/frb_00813.fits,609426665,0.478093,1289.721695,9.568867,-1.9,0.004778,815.093993,2,
frb_00814,FRB,dataset/fits/frb/frb_00814.fits,1106924757,0.729628,1328.372915,11.635884,-2.1,0.003758,540.01996,1,
frb_00815,FRB,dataset/fits/frb/frb_00815.fits,1425615260,0.590258,1148.765992,4.565679,-2.0,0.004994,421.909821,2,
frb_00816,FRB,dataset/fits/frb/frb_00816.fits,1359230140,0.616591,1359.54983,9.021532,-1.9,0.004628,455.804897,1,
frb_00817,FRB,dataset/fits/frb/frb_00817.fits,1329852455,1.166559,1136.367035,4.560577,-2.1,0.004137,878.037659,2,
frb_00818,FRB,dataset/fits/frb/frb_00818.fits,719811310,0.387382,1384.521192,7.243062,-1.9,0.003432,610.167055,1,
frb_00819,FRB,dataset/fits/frb/frb_00819.fits,200547478,1.610952,1157.548738,8.35805,-2.0,0.003807,698.230769,1,
frb_00820,FRB,dataset/fits/frb/frb_00820.fits,1757550995,0.506066,1397.236378,4.172545,-1.9,0.003348,631.284849,1,
frb_00821,FRB,dataset/fits/frb/frb_00821.fits,2044403697,1.206251,1199.000629,6.775026,-1.9,0.003615,688.974978,2,
frb_00822,FRB,dataset/fits/frb/frb_00822.fits,1613056867,1.276841,1151.927717,8.187094,-2.0,0.004773,565.389147,1,
frb_00823,FRB,dataset/fits/frb/frb_00823.fits,504376472,1.34881,1383.186444,6.360779,-1.9,0.004447,660.119439,2,
frb_00824,FRB,dataset/fits/frb/frb_00824.fits,1444817697,1.56512,1275.39271,4.274785,-2.0,0.00418,458.460007,1,
frb_00825,FRB,dataset/fits/frb/frb_00825.fits,666620723,0.666343,1119.260899,6.156766,-2.0,0.004452,296.375054,2,
frb_00826,FRB,dataset/fits/frb/frb_00826.fits,482412160,1.477575,1103.775089,8.482766,-2.1,0.003728,893.423335,2,
frb_00827,FRB,dataset/fits/frb/frb_00827.fits,1732080636,0.651794,1330.514064,4.195061,-2.1,0.00337,130.504264,2,
frb_00828,FRB,dataset/fits/frb/frb_00828.fits,427628277,0.827431,1322.766653,11.474438,-2.1,0.004718,701.120684,1,
frb_00829,FRB,dataset/fits/frb/frb_00829.fits,316440230,1.255674,1267.009603,11.907101,-2.0,0.00338,291.727254,1,
frb_00830,FRB,dataset/fits/frb/frb_00830.fits,52453128,1.579705,1365.955367,8.143783,-2.1,0.004983,571.713898,1,
frb_00831,FRB,dataset/fits/frb/frb_00831.fits,99243209,0.552542,1109.485161,9.518732,-2.0,0.003719,399.058602,2,
frb_00832,FRB,dataset/fits/frb/frb_00832.fits,525795354,0.855219,1343.345687,6.154416,-2.1,0.003057,554.996989,1,
frb_00833,FRB,dataset/fits/frb/frb_00833.fits,2112986515,0.933156,1182.387899,9.193197,-2.0,0.004702,440.044181,2,
frb_00834,FRB,dataset/fits/frb/frb_00834.fits,1020347522,1.100825,1101.918587,8.691033,-1.9,0.004654,358.412556,2,
frb_00835,FRB,dataset/fits/frb/frb_00835.fits,1312700860,1.412714,1208.512325,8.017055,-2.1,0.004683,527.21614,2,
frb_00836,FRB,dataset/fits/frb/frb_00836.fits,1824797807,0.973226,1151.649468,8.553144,-2.0,0.004641,518.297432,2,
frb_00837,FRB,dataset/fits/frb/frb_00837.fits,1650318293,1.158158,1106.465576,4.107349,-1.9,0.00424,386.160195,1,
frb_00838,FRB,dataset/fits/frb/frb_00838.fits,156397433,0.480629,1210.154033,10.402827,-2.0,0.00356,563.864236,1,
frb_00839,FRB,dataset/fits/frb/frb_00839.fits,977998771,1.425806,1316.16738,11.396279,-2.1,0.004917,765.910144,1,
frb_00840,FRB,dataset/fits/frb/frb_00840.fits,890005287,1.568985,1360.31249,4.752538,-2.0,0.004569,437.538852,2,
frb_00841,FRB,dataset/fits/frb/frb_00841.fits,1902964527,1.350748,1202.166543,6.767424,-2.0,0.004369,288.68211,1,
frb_00842,FRB,dataset/fits/frb/frb_00842.fits,1352410863,1.518329,1317.743654,10.307051,-1.9,0.003758,834.927868,1,
frb_00843,FRB,dataset/fits/frb/frb_00843.fits,1236243846,1.4861,1142.014637,6.117528,-2.1,0.004911,204.489889,2,
frb_00844,FRB,dataset/fits/frb/frb_00844.fits,417546487,0.971296,1399.076608,9.12033,-1.9,0.004791,479.90359,1,
frb_00845,FRB,dataset/fits/frb/frb_00845.fits,1542636097,0.620194,1182.94283,4.618702,-2.1,0.004869,725.637649,2,
frb_00846,FRB,dataset/fits/frb/frb_00846.fits,1495409364,1.008387,1356.25238,8.124228,-2.1,0.003762,221.739867,2,
frb_00847,FRB,dataset/fits/frb/frb_00847.fits,824587484,0.462317,1184.17835,8.713472,-1.9,0.004179,776.66857,2,
frb_00848,FRB,dataset/fits/frb/frb_00848.fits,1061666891,0.932919,1102.779968,11.236421,-2.1,0.004685,353.516263,2,
frb_00849,FRB,dataset/fits/frb/frb_00849.fits,858247986,1.445501,1381.443191,5.328568,-2.0,0.003545,311.045237,1,
frb_00850,FRB,dataset/fits/frb/frb_00850.fits,523952603,1.038028,1127.37852,6.471114,-2.0,0.004202,826.698374,1,
frb_00851,FRB,dataset/fits/frb/frb_00851.fits,316907043,0.825298,1141.36435,5.083715,-2.0,0.003867,232.395526,1,
frb_00852,FRB,dataset/fits/frb/frb_00852.fits,1408873845,0.714378,1199.726916,6.862822,-2.1,0.004809,632.888148,2,
frb_00853,FRB,dataset/fits/frb/frb_00853.fits,1476657895,1.357895,1118.792663,6.807724,-2.0,0.00366,344.658557,1,
frb_00854,FRB,dataset/fits/frb/frb_00854.fits,11907396,1.539003,1239.818191,8.369587,-1.9,0.003832,820.725729,1,
frb_00855,FRB,dataset/fits/frb/frb_00855.fits,1916972369,1.264148,1317.764713,8.840367,-1.9,0.003731,395.000103,2,
frb_00856,FRB,dataset/fits/frb/frb_00856.fits,1612683933,1.018916,1175.216763,7.493865,-1.9,0.004656,144.860653,1,
frb_00857,FRB,dataset/fits/frb/frb_00857.fits,1847782045,0.449657,1283.015415,10.456389,-2.1,0.004869,778.130605,2,
frb_00858,FRB,dataset/fits/frb/frb_00858.fits,1653661591,0.620938,1299.592581,8.503828,-1.9,0.003192,169.111232,1,
frb_00859,FRB,dataset/fits/frb/frb_00859.fits,1901522053,0.729393,1133.047592,5.465118,-1.9,0.003328,245.988721,1,
frb_00860,FRB,dataset/fits/frb/frb_00860.fits,228894475,1.502257,1295.315189,6.803929,-2.0,0.003867,428.017071,2,
frb_00861,FRB,dataset/fits/frb/frb_00861.fits,1671645101,0.376217,1312.001435,8.116151,-1.9,0.003457,551.70443,2,
frb_00862,FRB,dataset/fits/frb/frb_00862.fits,912994506,0.701267,1220.007986,9.798434,-2.0,0.003299,261.912317,1,
frb_00863,FRB,dataset/fits/frb/frb_00863.fits,469957764,1.172811,1334.93207,10.580174,-2.1,0.004592,829.017757,1,
frb_00864,FRB,dataset/fits/frb/frb_00864.fits,377713768,0.826798,1263.155051,7.751232,-2.0,0.003204,557.446612,1,
frb_00865,FRB,dataset/fits/frb/frb_00865.fits,1726812766,1.558969,1161.646291,9.429152,-2.0,0.004174,235.362608,2,
frb_00866,FRB,dataset/fits/frb/frb_00866.fits,2057216409,1.03846,1277.914016,11.563345,-2.1,0.004373,868.630104,1,
frb_00867,FRB,dataset/fits/frb/frb_00867.fits,1494459159,1.494309,1248.394837,5.724312,-1.9,0.004201,269.610809,1,
frb_00868,FRB,dataset/fits/frb/frb_00868.fits,1112305802,0.367467,1327.261749,10.808879,-2.0,0.003132,870.742815,1,
frb_00869,FRB,dataset/fits/frb/frb_00869.fits,997613292,0.854023,1323.155315,11.758133,-2.1,0.004118,492.735623,1,
frb_00870,FRB,dataset/fits/frb/frb_00870.fits,107843155,0.978073,1244.583191,10.557046,-2.1,0.004739,724.534557,1,
frb_00871,FRB,dataset/fits/frb/frb_00871.fits,1197019837,1.065772,1109.120835,7.062711,-1.9,0.004757,879.132285,1,
frb_00872,FRB,dataset/fits/frb/frb_00872.fits,535149220,0.844165,1262.171738,7.002505,-2.0,0.004412,308.651038,1,
frb_00873,FRB,dataset/fits/frb/frb_00873.fits,1970251843,0.793009,1304.541348,9.090026,-2.1,0.004776,782.811864,2,
frb_00874,FRB,dataset/fits/frb/frb_00874.fits,1821788436,1.122038,1197.358869,6.703359,-2.0,0.004863,344.03369,2,
frb_00875,FRB,dataset/fits/frb/frb_00875.fits,260615612,0.658837,1213.303987,10.823647,-1.9,0.003615,822.252648,1,
frb_00876,FRB,dataset/fits/frb/frb_00876.fits,980244320,1.225187,1344.061662,4.593067,-1.9,0.004167,208.299499,1,
frb_00877,FRB,dataset/fits/frb/frb_00877.fits,286343537,1.393229,1327.776991,9.154464,-2.0,0.00498,167.928244,2,
frb_00878,FRB,dataset/fits/frb/frb_00878.fits,1721029048,1.274609,1104.832829,5.112965,-2.1,0.003527,802.070525,2,
frb_00879,FRB,dataset/fits/frb/frb_00879.fits,997813760,1.000678,1207.599657,9.681128,-2.1,0.003127,575.461919,1,
frb_00880,FRB,dataset/fits/frb/frb_00880.fits,1433612257,0.855434,1164.770173,10.363693,-2.1,0.004296,170.372491,1,
frb_00881,FRB,dataset/fits/frb/frb_00881.fits,1140597031,1.080701,1165.788104,6.589374,-2.1,0.00362,219.469666,1,
frb_00882,FRB,dataset/fits/frb/frb_00882.fits,2121482883,1.444554,1141.930298,8.572537,-2.0,0.003895,377.723548,2,
frb_00883,FRB,dataset/fits/frb/frb_00883.fits,1200282925,1.272699,1153.652668,9.331232,-2.1,0.003028,431.60702,1,
frb_00884,FRB,dataset/fits/frb/frb_00884.fits,1278724115,0.892878,1125.026218,4.794138,-1.9,0.003421,225.134657,1,
frb_00885,FRB,dataset/fits/frb/frb_00885.fits,681392170,1.515266,1279.521238,8.383327,-2.1,0.003297,334.618833,2,
frb_00886,FRB,dataset/fits/frb/frb_00886.fits,2040194514,1.449382,1362.962635,7.193676,-1.9,0.003347,622.662088,2,
frb_00887,FRB,dataset/fits/frb/frb_00887.fits,1621887050,0.357558,1126.417222,6.355025,-2.0,0.004501,395.747036,2,
frb_00888,FRB,dataset/fits/frb/frb_00888.fits,1914322601,1.096847,1145.198597,11.290733,-2.0,0.003975,314.731891,2,
frb_00889,FRB,dataset/fits/frb/frb_00889.fits,950419195,1.365386,1234.39293,11.139433,-1.9,0.003087,128.331772,2,
frb_00890,FRB,dataset/fits/frb/frb_00890.fits,1315660842,1.216608,1134.648317,8.336563,-1.9,0.003399,694.951401,1,
frb_00891,FRB,dataset/fits/frb/frb_00891.fits,1750213146,0.887273,1202.082672,5.204024,-2.1,0.003288,227.144447,2,
frb_00892,FRB,dataset/fits/frb/frb_00892.fits,1544629061,1.500509,1152.181501,7.952223,-1.9,0.003441,738.384332,1,
frb_00893,FRB,dataset/fits/frb/frb_00893.fits,1915599000,0.792126,1219.58667,4.962696,-2.0,0.00448,182.674955,2,
frb_00894,FRB,dataset/fits/frb/frb_00894.fits,1084002850,0.624583,1338.88083,5.852316,-2.1,0.00379,138.661755,2,
frb_00895,FRB,dataset/fits/frb/frb_00895.fits,916418799,1.490272,1109.040075,11.466538,-1.9,0.00459,873.654814,1,
frb_00896,FRB,dataset/fits/frb/frb_00896.fits,1783633706,1.623773,1309.972717,4.771081,-2.0,0.0048,599.957039,2,
frb_00897,FRB,dataset/fits/frb/frb_00897.fits,1947455709,1.253874,1264.415297,6.055577,-2.0,0.003432,181.185027,2,
frb_00898,FRB,dataset/fits/frb/frb_00898.fits,1176546062,0.707439,1327.961654,4.702599,-2.1,0.004117,791.208785,1,
frb_00899,FRB,dataset/fits/frb/frb_00899.fits,957592180,0.793767,1352.461974,11.7047,-1.9,0.003145,122.642451,2,
frb_00900,FRB,dataset/fits/frb/frb_00900.fits,1926739741,0.489223,1319.506075,5.499778,-2.1,0.004802,147.618925,1,
frb_00901,FRB,dataset/fits/frb/frb_00901.fits,341788997,0.95041,1284.913705,8.042413,-2.1,0.0042,689.991028,2,
frb_00902,FRB,dataset/fits/frb/frb_00902.fits,1596987900,1.478525,1201.043879,5.352532,-1.9,0.003481,866.935898,2,
frb_00903,FRB,dataset/fits/frb/frb_00903.fits,1850046233,0.692151,1274.626137,9.141626,-2.1,0.004135,359.37127,1,
frb_00904,FRB,dataset/fits/frb/frb_00904.fits,1019355589,0.466161,1132.660481,11.345571,-1.9,0.00477,242.841338,1,
frb_00905,FRB,dataset/fits/frb/frb_00905.fits,966517453,0.413686,1158.288607,7.759144,-2.0,0.003885,258.323736,2,
frb_00906,FRB,dataset/fits/frb/frb_00906.fits,556609616,1.018615,1151.999265,4.54209,-1.9,0.004515,710.018996,2,
frb_00907,FRB,dataset/fits/frb/frb_00907.fits,1614428360,1.172186,1386.737906,7.811957,-1.9,0.004848,635.061472,1,
frb_00908,FRB,dataset/fits/frb/frb_00908.fits,530943289,0.72879,1129.223911,8.711648,-2.0,0.004545,160.363128,2,
frb_00909,FRB,dataset/fits/frb/frb_00909.fits,1803591815,1.403682,1328.677216,10.859808,-2.1,0.004741,503.268669,1,
frb_00910,FRB,dataset/fits/frb/frb_00910.fits,1369367512,0.735566,1183.930294,4.80758,-2.0,0.004423,768.412905,1,
frb_00911,FRB,dataset/fits/frb/frb_00911.fits,595521586,0.517014,1367.911152,9.126636,-1.9,0.00437,569.369877,1,
frb_00912,FRB,dataset/fits/frb/frb_00912.fits,1644572361,1.049025,1251.565857,5.697796,-2.0,0.004517,468.98144,1,
frb_00913,FRB,dataset/fits/frb/frb_00913.fits,1670043997,1.017241,1370.77081,11.656999,-2.0,0.003504,377.961672,2,
frb_00914,FRB,dataset/fits/frb/frb_00914.fits,1119482826,1.281587,1183.881473,6.582826,-2.0,0.00365,120.74215,1,
frb_00915,FRB,dataset/fits/frb/frb_00915.fits,1040664173,1.283361,1333.227369,9.878938,-2.1,0.004071,575.554557,2,
frb_00916,FRB,dataset/fits/frb/frb_00916.fits,1345932021,0.652278,1328.6954,4.656498,-2.1,0.004006,342.624235,2,
frb_00917,FRB,dataset/fits/frb/frb_00917.fits,513776589,1.218399,1230.47325,7.986472,-2.1,0.003986,847.292963,1,
frb_00918,FRB,dataset/fits/frb/frb_00918.fits,589693528,0.420208,1320.407677,8.746162,-2.1,0.004158,711.695398,2,
frb_00919,FRB,dataset/fits/frb/frb_00919.fits,944619212,1.099502,1368.058945,7.344415,-2.1,0.004452,327.762615,1,
frb_00920,FRB,dataset/fits/frb/frb_00920.fits,166394236,1.433387,1239.045447,10.412724,-2.0,0.004094,720.18614,1,
frb_00921,FRB,dataset/fits/frb/frb_00921.fits,1532325934,1.115528,1320.717366,11.840312,-2.1,0.004935,740.495196,2,
frb_00922,FRB,dataset/fits/frb/frb_00922.fits,613596537,0.459277,1330.853039,4.889811,-2.0,0.00325,267.287785,2,
frb_00923,FRB,dataset/fits/frb/frb_00923.fits,503571131,0.684116,1117.960947,7.762917,-2.1,0.0037,798.566662,1,
frb_00924,FRB,dataset/fits/frb/frb_00924.fits,583503757,0.581423,1312.951192,6.819244,-2.1,0.003608,491.013845,1,
frb_00925,FRB,dataset/fits/frb/frb_00925.fits,721227101,1.466554,1307.559927,7.98844,-1.9,0.003748,403.493823,2,
frb_00926,FRB,dataset/fits/frb/frb_00926.fits,686571059,0.987882,1270.053053,6.464853,-1.9,0.003278,838.826729,1,
frb_00927,FRB,dataset/fits/frb/frb_00927.fits,1917760527,0.632029,1109.391753,4.065637,-2.0,0.004175,672.763694,1,
frb_00928,FRB,dataset/fits/frb/frb_00928.fits,1159968068,1.615409,1270.848618,5.378996,-2.0,0.003976,314.343797,2,
frb_00929,FRB,dataset/fits/frb/frb_00929.fits,173039206,0.65608,1149.873012,6.866631,-2.1,0.004028,249.543253,2,
frb_00930,FRB,dataset/fits/frb/frb_00930.fits,297156036,1.645651,1301.810996,6.994615,-2.0,0.003166,622.562451,1,
frb_00931,FRB,dataset/fits/frb/frb_00931.fits,323906380,0.798581,1379.810675,10.733021,-2.1,0.004868,203.228974,1,
frb_00932,FRB,dataset/fits/frb/frb_00932.fits,496630253,0.852246,1309.431534,4.237696,-2.0,0.004107,798.03906,1,
frb_00933,FRB,dataset/fits/frb/frb_00933.fits,822562026,1.560932,1375.786946,5.99254,-2.0,0.004665,169.699658,1,
frb_00934,FRB,dataset/fits/frb/frb_00934.fits,1490245881,0.665694,1294.893057,9.329129,-2.1,0.004615,894.742511,2,
frb_00935,FRB,dataset/fits/frb/frb_00935.fits,328146802,0.47149,1255.678164,11.118558,-1.9,0.003171,738.214629,2,
frb_00936,FRB,dataset/fits/frb/frb_00936.fits,1517023560,0.506221,1386.18327,7.887629,-2.0,0.004872,653.122313,1,
frb_00937,FRB,dataset/fits/frb/frb_00937.fits,459460311,0.536984,1398.139415,10.91429,-2.0,0.003966,196.514154,1,
frb_00938,FRB,dataset/fits/frb/frb_00938.fits,137930409,1.581065,1253.339295,7.046812,-2.1,0.003344,337.725509,1,
frb_00939,FRB,dataset/fits/frb/frb_00939.fits,890922027,0.610072,1321.597445,7.167906,-2.1,0.004723,663.304109,1,
frb_00940,FRB,dataset/fits/frb/frb_00940.fits,875312990,1.52156,1336.436917,5.022241,-2.1,0.004441,777.785375,2,
frb_00941,FRB,dataset/fits/frb/frb_00941.fits,710562370,0.960866,1290.93319,8.752531,-1.9,0.004047,832.872902,2,
frb_00942,FRB,dataset/fits/frb/frb_00942.fits,1165248558,1.295434,1240.781913,4.304983,-2.0,0.00391,647.941894,2,
frb_00943,FRB,dataset/fits/frb/frb_00943.fits,1000564830,0.75846,1249.92854,10.300004,-1.9,0.003464,495.43688,1,
frb_00944,FRB,dataset/fits/frb/frb_00944.fits,892868376,0.628638,1361.023182,5.458117,-2.1,0.00405,216.31745,2,
frb_00945,FRB,dataset/fits/frb/frb_00945.fits,133714607,0.506861,1264.200416,7.000808,-1.9,0.003687,321.389781,1,
frb_00946,FRB,dataset/fits/frb/frb_00946.fits,444173471,1.529275,1123.076183,5.357188,-2.1,0.004154,163.288642,1,
frb_00947,FRB,dataset/fits/frb/frb_00947.fits,1788620168,0.570509,1373.23956,5.966153,-2.1,0.003447,284.262558,1,
frb_00948,FRB,dataset/fits/frb/frb_00948.fits,902251344,0.804805,1276.494726,11.266381,-1.9,0.004713,245.957066,1,
frb_00949,FRB,dataset/fits/frb/frb_00949.fits,836395078,1.456775,1235.662704,5.806009,-1.9,0.003846,227.214381,1,
frb_00950,FRB,dataset/fits/frb/frb_00950.fits,1943125825,0.580585,1272.778606,6.934674,-1.9,0.003608,300.955596,1,
frb_00951,FRB,dataset/fits/frb/frb_00951.fits,1653123840,0.482636,1344.603922,10.888012,-1.9,0.003284,423.119897,2,
frb_00952,FRB,dataset/fits/frb/frb_00952.fits,1254300988,0.686649,1162.561464,9.301226,-2.0,0.003493,474.33543,2,
frb_00953,FRB,dataset/fits/frb/frb_00953.fits,2031652748,0.381885,1105.992903,10.133212,-2.1,0.003571,802.538237,2,
frb_00954,FRB,dataset/fits/frb/frb_00954.fits,1493624248,1.623844,1266.706098,4.750442,-2.0,0.003799,488.96118,2,
frb_00955,FRB,dataset/fits/frb/frb_00955.fits,41944548,1.492153,1305.876151,4.938185,-2.1,0.004569,699.844657,1,
frb_00956,FRB,dataset/fits/frb/frb_00956.fits,1839818029,0.461227,1166.688444,10.980675,-1.9,0.004365,480.744389,2,
frb_00957,FRB,dataset/fits/frb/frb_00957.fits,1891195795,0.367732,1155.627294,10.824002,-2.1,0.003346,653.712088,2,
frb_00958,FRB,dataset/fits/frb/frb_00958.fits,1644101826,0.648968,1378.954764,6.891782,-2.0,0.003219,729.348932,1,
frb_00959,FRB,dataset/fits/frb/frb_00959.fits,1236285616,0.390015,1353.773534,4.234309,-1.9,0.004276,779.685146,2,
frb_00960,FRB,dataset/fits/frb/frb_00960.fits,816862043,0.352664,1245.259439,4.757796,-2.0,0.003582,595.32432,1,
frb_00961,FRB,dataset/fits/frb/frb_00961.fits,1024306180,0.76749,1299.993085,11.110205,-1.9,0.005,891.115684,1,
frb_00962,FRB,dataset/fits/frb/frb_00962.fits,12661731,0.517165,1386.256296,7.046832,-2.0,0.004855,610.25647,1,
frb_00963,FRB,dataset/fits/frb/frb_00963.fits,2024522297,1.398653,1242.782782,4.148273,-1.9,0.004591,676.482539,1,
frb_00964,FRB,dataset/fits/frb/frb_00964.fits,755396287,1.185657,1267.532054,9.536328,-2.0,0.003286,370.842182,1,
frb_00965,FRB,dataset/fits/frb/frb_00965.fits,641265792,0.474844,1141.169496,4.50141,-1.9,0.004727,496.195763,1,
frb_00966,FRB,dataset/fits/frb/frb_00966.fits,1618075519,0.713986,1123.13556,8.709069,-1.9,0.003868,784.293813,1,
frb_00967,FRB,dataset/fits/frb/frb_00967.fits,837489949,1.218572,1245.896989,10.352388,-2.1,0.003416,169.925942,2,
frb_00968,FRB,dataset/fits/frb/frb_00968.fits,1832765515,0.835406,1177.418174,5.107259,-2.0,0.003561,884.661084,1,
frb_00969,FRB,dataset/fits/frb/frb_00969.fits,1914785630,1.561186,1353.702703,9.733909,-2.1,0.003942,719.626685,1,
frb_00970,FRB,dataset/fits/frb/frb_00970.fits,2047476057,0.539068,1317.804584,4.589638,-2.0,0.004799,230.848374,2,
frb_00971,FRB,dataset/fits/frb/frb_00971.fits,1794713658,0.803042,1274.475284,11.552364,-2.0,0.003675,501.384253,2,
frb_00972,FRB,dataset/fits/frb/frb_00972.fits,899841351,1.183223,1349.677362,5.412735,-2.1,0.003685,297.427759,2,
frb_00973,FRB,dataset/fits/frb/frb_00973.fits,1155819862,0.469252,1129.159058,6.166874,-2.1,0.003429,513.298684,2,
frb_00974,FRB,dataset/fits/frb/frb_00974.fits,1605277680,1.165496,1301.283195,7.079042,-2.1,0.003546,497.264598,1,
frb_00975,FRB,dataset/fits/frb/frb_00975.fits,1577614634,1.457548,1365.942412,7.010809,-2.0,0.003088,636.626624,2,
frb_00976,FRB,dataset/fits/frb/frb_00976.fits,1172810193,1.602379,1148.238063,8.675511,-2.1,0.003612,766.91077,1,
frb_00977,FRB,dataset/fits/frb/frb_00977.fits,1717703810,1.393744,1292.894836,4.06348,-2.1,0.003237,234.390711,1,
frb_00978,FRB,dataset/fits/frb/frb_00978.fits,1295475067,0.36506,1261.614356,6.551208,-1.9,0.004144,194.741436,2,
frb_00979,FRB,dataset/fits/frb/frb_00979.fits,1928035188,1.636917,1212.127436,6.20636,-1.9,0.004657,765.651072,2,
frb_00980,FRB,dataset/fits/frb/frb_00980.fits,473603239,0.4719,1196.752917,8.58906,-2.1,0.004455,787.357561,2,
frb_00981,FRB,dataset/fits/frb/frb_00981.fits,1048464829,1.450823,1238.856357,8.327179,-2.1,0.003064,234.631251,1,
frb_00982,FRB,dataset/fits/frb/frb_00982.fits,471204384,0.941612,1135.728756,4.605386,-2.0,0.003005,841.748251,1,
frb_00983,FRB,dataset/fits/frb/frb_00983.fits,586124124,1.568569,1323.793336,11.235522,-2.1,0.004427,617.859076,2,
frb_00984,FRB,dataset/fits/frb/frb_00984.fits,935950640,0.581372,1349.282621,7.62598,-1.9,0.00391,170.365381,2,
frb_00985,FRB,dataset/fits/frb/frb_00985.fits,1042908256,0.499893,1194.35191,5.46759,-2.0,0.003512,150.813849,1,
frb_00986,FRB,dataset/fits/frb/frb_00986.fits,62330334,0.954251,1293.573467,6.383335,-2.1,0.004601,144.811742,2,
frb_00987,FRB,dataset/fits/frb/frb_00987.fits,835064487,1.003494,1124.941663,9.819643,-1.9,0.003399,210.739559,1,
frb_00988,FRB,dataset/fits/frb/frb_00988.fits,721832696,1.255882,1202.322533,5.066785,-2.0,0.004241,636.139635,1,
frb_00989,FRB,dataset/fits/frb/frb_00989.fits,1436395164,1.165361,1393.834769,7.117708,-1.9,0.004391,424.437789,1,
frb_00990,FRB,dataset/fits/frb/frb_00990.fits,1458446090,1.407826,1157.115766,11.301517,-2.0,0.004965,660.158877,2,
frb_00991,FRB,dataset/fits/frb/frb_00991.fits,1713997596,0.479143,1379.643778,5.03735,-2.1,0.004531,856.271198,2,
frb_00992,FRB,dataset/fits/frb/frb_00992.fits,868263440,0.357264,1164.844932,9.682252,-1.9,0.00337,376.450459,1,
frb_00993,FRB,dataset/fits/frb/frb_00993.fits,1555167680,1.251084,1318.055838,11.046631,-2.1,0.003213,757.593887,1,
frb_00994,FRB,dataset/fits/frb/frb_00994.fits,354430858,1.117868,1117.978659,9.938933,-2.1,0.003725,340.495861,1,
frb_00995,FRB,dataset/fits/frb/frb_00995.fits,1804972165,0.394316,1291.277885,9.974246,-2.1,0.003264,497.112223,1,
frb_00996,FRB,dataset/fits/frb/frb_00996.fits,1003712703,1.070712,1166.386554,4.760899,-2.0,0.00444,182.919195,2,
frb_00997,FRB,dataset/fits/frb/frb_00997.fits,1974700598,0.658933,1210.72147,8.018447,-2.1,0.003814,886.607043,1,
frb_00998,FRB,dataset/fits/frb/frb_00998.fits,274078594,0.755823,1164.236497,10.124466,-2.0,0.003074,221.418198,2,
frb_00999,FRB,dataset/fits/frb/frb_00999.fits,2106084416,0.464375,1156.273561,7.939708,-2.0,0.004573,611.889455,1,
rfi_00000,RFI,dataset/fits/rfi/rfi_00000.fits,1336286653,,,,,,,,impulsive_broadband
rfi_00001,RFI,dataset/fits/rfi/rfi_00001.fits,1147021775,,,,,,,,persistent_narrowband
rfi_00002,RFI,dataset/fits/rfi/rfi_00002.fits,57910013,,,,,,,,point_to_point_microwave
rfi_00003,RFI,dataset/fits/rfi/rfi_00003.fits,1947614910,,,,,,,,point_to_point_microwave
rfi_00004,RFI,dataset/fits/rfi/rfi_00004.fits,846152052,,,,,,,,persistent_narrowband
rfi_00005,RFI,dataset/fits/rfi/rfi_00005.fits,1271080061,,,,,,,,point_to_point_microwave
rfi_00006,RFI,dataset/fits/rfi/rfi_00006.fits,1212022556,,,,,,,,wifi_multiband
rfi_00007,RFI,dataset/fits/rfi/rfi_00007.fits,1423781140,,,,,,,,satellite_like_inband
rfi_00008,RFI,dataset/fits/rfi/rfi_00008.fits,58201216,,,,,,,,impulsive_broadband
rfi_00009,RFI,dataset/fits/rfi/rfi_00009.fits,180275793,,,,,,,,point_to_point_microwave
rfi_00010,RFI,dataset/fits/rfi/rfi_00010.fits,1380294368,,,,,,,,point_to_point_microwave
rfi_00011,RFI,dataset/fits/rfi/rfi_00011.fits,920438914,,,,,,,,satellite_like_inband
rfi_00012,RFI,dataset/fits/rfi/rfi_00012.fits,291412421,,,,,,,,wifi_multiband
rfi_00013,RFI,dataset/fits/rfi/rfi_00013.fits,1861549106,,,,,,,,impulsive_broadband
rfi_00014,RFI,dataset/fits/rfi/rfi_00014.fits,991489871,,,,,,,,satellite_like_inband
rfi_00015,RFI,dataset/fits/rfi/rfi_00015.fits,390260113,,,,,,,,persistent_narrowband
rfi_00016,RFI,dataset/fits/rfi/rfi_00016.fits,107985430,,,,,,,,wifi_multiband
rfi_00017,RFI,dataset/fits/rfi/rfi_00017.fits,558681427,,,,,,,,persistent_narrowband
rfi_00018,RFI,dataset/fits/rfi/rfi_00018.fits,814119354,,,,,,,,persistent_narrowband
rfi_00019,RFI,dataset/fits/rfi/rfi_00019.fits,702984501,,,,,,,,point_to_point_microwave
rfi_00020,RFI,dataset/fits/rfi/rfi_00020.fits,454537007,,,,,,,,persistent_narrowband
rfi_00021,RFI,dataset/fits/rfi/rfi_00021.fits,976459373,,,,,,,,impulsive_broadband
rfi_00022,RFI,dataset/fits/rfi/rfi_00022.fits,701896029,,,,,,,,point_to_point_microwave
rfi_00023,RFI,dataset/fits/rfi/rfi_00023.fits,724776912,,,,,,,,satellite_like_inband
rfi_00024,RFI,dataset/fits/rfi/rfi_00024.fits,1634728347,,,,,,,,satellite_like_inband
rfi_00025,RFI,dataset/fits/rfi/rfi_00025.fits,1889012492,,,,,,,,persistent_narrowband
rfi_00026,RFI,dataset/fits/rfi/rfi_00026.fits,814167347,,,,,,,,satellite_like_inband
rfi_00027,RFI,dataset/fits/rfi/rfi_00027.fits,597551533,,,,,,,,impulsive_broadband
rfi_00028,RFI,dataset/fits/rfi/rfi_00028.fits,1614928798,,,,,,,,impulsive_broadband
rfi_00029,RFI,dataset/fits/rfi/rfi_00029.fits,2042695295,,,,,,,,point_to_point_microwave
rfi_00030,RFI,dataset/fits/rfi/rfi_00030.fits,1786543802,,,,,,,,impulsive_broadband
rfi_00031,RFI,dataset/fits/rfi/rfi_00031.fits,905303577,,,,,,,,impulsive_broadband
rfi_00032,RFI,dataset/fits/rfi/rfi_00032.fits,541748983,,,,,,,,impulsive_broadband
rfi_00033,RFI,dataset/fits/rfi/rfi_00033.fits,1792957545,,,,,,,,point_to_point_microwave
rfi_00034,RFI,dataset/fits/rfi/rfi_00034.fits,175892295,,,,,,,,impulsive_broadband
rfi_00035,RFI,dataset/fits/rfi/rfi_00035.fits,1009976243,,,,,,,,impulsive_broadband
rfi_00036,RFI,dataset/fits/rfi/rfi_00036.fits,41625284,,,,,,,,persistent_narrowband
rfi_00037,RFI,dataset/fits/rfi/rfi_00037.fits,1608517349,,,,,,,,satellite_like_inband
rfi_00038,RFI,dataset/fits/rfi/rfi_00038.fits,1158393600,,,,,,,,satellite_like_inband
rfi_00039,RFI,dataset/fits/rfi/rfi_00039.fits,111852977,,,,,,,,point_to_point_microwave
rfi_00040,RFI,dataset/fits/rfi/rfi_00040.fits,2147285699,,,,,,,,persistent_narrowband
rfi_00041,RFI,dataset/fits/rfi/rfi_00041.fits,2044231982,,,,,,,,wifi_multiband
rfi_00042,RFI,dataset/fits/rfi/rfi_00042.fits,751534114,,,,,,,,impulsive_broadband
rfi_00043,RFI,dataset/fits/rfi/rfi_00043.fits,481513428,,,,,,,,wifi_multiband
rfi_00044,RFI,dataset/fits/rfi/rfi_00044.fits,1396173820,,,,,,,,wifi_multiband
rfi_00045,RFI,dataset/fits/rfi/rfi_00045.fits,147356829,,,,,,,,impulsive_broadband
rfi_00046,RFI,dataset/fits/rfi/rfi_00046.fits,1677685200,,,,,,,,wifi_multiband
rfi_00047,RFI,dataset/fits/rfi/rfi_00047.fits,2055755178,,,,,,,,satellite_like_inband
rfi_00048,RFI,dataset/fits/rfi/rfi_00048.fits,1399632466,,,,,,,,wifi_multiband
rfi_00049,RFI,dataset/fits/rfi/rfi_00049.fits,86453689,,,,,,,,satellite_like_inband
rfi_00050,RFI,dataset/fits/rfi/rfi_00050.fits,1619703479,,,,,,,,persistent_narrowband
rfi_00051,RFI,dataset/fits/rfi/rfi_00051.fits,66636413,,,,,,,,satellite_like_inband
rfi_00052,RFI,dataset/fits/rfi/rfi_00052.fits,2039275667,,,,,,,,wifi_multiband
rfi_00053,RFI,dataset/fits/rfi/rfi_00053.fits,531036849,,,,,,,,satellite_like_inband
rfi_00054,RFI,dataset/fits/rfi/rfi_00054.fits,428123803,,,,,,,,point_to_point_microwave
rfi_00055,RFI,dataset/fits/rfi/rfi_00055.fits,1802230237,,,,,,,,point_to_point_microwave
rfi_00056,RFI,dataset/fits/rfi/rfi_00056.fits,43765756,,,,,,,,impulsive_broadband
rfi_00057,RFI,dataset/fits/rfi/rfi_00057.fits,1334308167,,,,,,,,satellite_like_inband
rfi_00058,RFI,dataset/fits/rfi/rfi_00058.fits,327238598,,,,,,,,point_to_point_microwave
rfi_00059,RFI,dataset/fits/rfi/rfi_00059.fits,512271362,,,,,,,,impulsive_broadband
rfi_00060,RFI,dataset/fits/rfi/rfi_00060.fits,271057483,,,,,,,,persistent_narrowband
rfi_00061,RFI,dataset/fits/rfi/rfi_00061.fits,1016964634,,,,,,,,impulsive_broadband
rfi_00062,RFI,dataset/fits/rfi/rfi_00062.fits,1437651929,,,,,,,,persistent_narrowband
rfi_00063,RFI,dataset/fits/rfi/rfi_00063.fits,245649465,,,,,,,,wifi_multiband
rfi_00064,RFI,dataset/fits/rfi/rfi_00064.fits,1211115442,,,,,,,,point_to_point_microwave
rfi_00065,RFI,dataset/fits/rfi/rfi_00065.fits,2035292717,,,,,,,,wifi_multiband
rfi_00066,RFI,dataset/fits/rfi/rfi_00066.fits,468075294,,,,,,,,wifi_multiband
rfi_00067,RFI,dataset/fits/rfi/rfi_00067.fits,998652877,,,,,,,,impulsive_broadband
rfi_00068,RFI,dataset/fits/rfi/rfi_00068.fits,1502089593,,,,,,,,point_to_point_microwave
rfi_00069,RFI,dataset/fits/rfi/rfi_00069.fits,550279152,,,,,,,,impulsive_broadband
rfi_00070,RFI,dataset/fits/rfi/rfi_00070.fits,1646901135,,,,,,,,point_to_point_microwave
rfi_00071,RFI,dataset/fits/rfi/rfi_00071.fits,792196356,,,,,,,,persistent_narrowband
rfi_00072,RFI,dataset/fits/rfi/rfi_00072.fits,360324444,,,,,,,,point_to_point_microwave
rfi_00073,RFI,dataset/fits/rfi/rfi_00073.fits,1301144651,,,,,,,,point_to_point_microwave
rfi_00074,RFI,dataset/fits/rfi/rfi_00074.fits,1304054051,,,,,,,,point_to_point_microwave
rfi_00075,RFI,dataset/fits/rfi/rfi_00075.fits,2069604604,,,,,,,,impulsive_broadband
rfi_00076,RFI,dataset/fits/rfi/rfi_00076.fits,1606158112,,,,,,,,wifi_multiband
rfi_00077,RFI,dataset/fits/rfi/rfi_00077.fits,1542660415,,,,,,,,impulsive_broadband
rfi_00078,RFI,dataset/fits/rfi/rfi_00078.fits,245957462,,,,,,,,point_to_point_microwave
rfi_00079,RFI,dataset/fits/rfi/rfi_00079.fits,1670295345,,,,,,,,impulsive_broadband
rfi_00080,RFI,dataset/fits/rfi/rfi_00080.fits,1759435873,,,,,,,,point_to_point_microwave
rfi_00081,RFI,dataset/fits/rfi/rfi_00081.fits,351684389,,,,,,,,wifi_multiband
rfi_00082,RFI,dataset/fits/rfi/rfi_00082.fits,2071722087,,,,,,,,impulsive_broadband
rfi_00083,RFI,dataset/fits/rfi/rfi_00083.fits,667950996,,,,,,,,satellite_like_inband
rfi_00084,RFI,dataset/fits/rfi/rfi_00084.fits,232140299,,,,,,,,wifi_multiband
rfi_00085,RFI,dataset/fits/rfi/rfi_00085.fits,1242716011,,,,,,,,point_to_point_microwave
rfi_00086,RFI,dataset/fits/rfi/rfi_00086.fits,55143986,,,,,,,,impulsive_broadband
rfi_00087,RFI,dataset/fits/rfi/rfi_00087.fits,1994770012,,,,,,,,satellite_like_inband
rfi_00088,RFI,dataset/fits/rfi/rfi_00088.fits,669923086,,,,,,,,persistent_narrowband
rfi_00089,RFI,dataset/fits/rfi/rfi_00089.fits,1236514050,,,,,,,,wifi_multiband
rfi_00090,RFI,dataset/fits/rfi/rfi_00090.fits,1454592223,,,,,,,,wifi_multiband
rfi_00091,RFI,dataset/fits/rfi/rfi_00091.fits,1949971308,,,,,,,,impulsive_broadband
rfi_00092,RFI,dataset/fits/rfi/rfi_00092.fits,2057660498,,,,,,,,persistent_narrowband
rfi_00093,RFI,dataset/fits/rfi/rfi_00093.fits,805965557,,,,,,,,impulsive_broadband
rfi_00094,RFI,dataset/fits/rfi/rfi_00094.fits,851808914,,,,,,,,satellite_like_inband
rfi_00095,RFI,dataset/fits/rfi/rfi_00095.fits,2021792707,,,,,,,,wifi_multiband
rfi_00096,RFI,dataset/fits/rfi/rfi_00096.fits,1535482385,,,,,,,,satellite_like_inband
rfi_00097,RFI,dataset/fits/rfi/rfi_00097.fits,425909957,,,,,,,,persistent_narrowband
rfi_00098,RFI,dataset/fits/rfi/rfi_00098.fits,163201188,,,,,,,,impulsive_broadband
rfi_00099,RFI,dataset/fits/rfi/rfi_00099.fits,1271520475,,,,,,,,persistent_narrowband
rfi_00100,RFI,dataset/fits/rfi/rfi_00100.fits,1483083166,,,,,,,,impulsive_broadband
rfi_00101,RFI,dataset/fits/rfi/rfi_00101.fits,1783638996,,,,,,,,impulsive_broadband
rfi_00102,RFI,dataset/fits/rfi/rfi_00102.fits,1346992790,,,,,,,,persistent_narrowband
rfi_00103,RFI,dataset/fits/rfi/rfi_00103.fits,521515081,,,,,,,,wifi_multiband
rfi_00104,RFI,dataset/fits/rfi/rfi_00104.fits,218831383,,,,,,,,point_to_point_microwave
rfi_00105,RFI,dataset/fits/rfi/rfi_00105.fits,1497210569,,,,,,,,persistent_narrowband
rfi_00106,RFI,dataset/fits/rfi/rfi_00106.fits,1658890075,,,,,,,,impulsive_broadband
rfi_00107,RFI,dataset/fits/rfi/rfi_00107.fits,647643875,,,,,,,,impulsive_broadband
rfi_00108,RFI,dataset/fits/rfi/rfi_00108.fits,1825990829,,,,,,,,wifi_multiband
rfi_00109,RFI,dataset/fits/rfi/rfi_00109.fits,1469435099,,,,,,,,wifi_multiband
rfi_00110,RFI,dataset/fits/rfi/rfi_00110.fits,1289374121,,,,,,,,persistent_narrowband
rfi_00111,RFI,dataset/fits/rfi/rfi_00111.fits,1729858136,,,,,,,,persistent_narrowband
rfi_00112,RFI,dataset/fits/rfi/rfi_00112.fits,259963765,,,,,,,,point_to_point_microwave
rfi_00113,RFI,dataset/fits/rfi/rfi_00113.fits,1709884924,,,,,,,,impulsive_broadband
rfi_00114,RFI,dataset/fits/rfi/rfi_00114.fits,2112789658,,,,,,,,impulsive_broadband
rfi_00115,RFI,dataset/fits/rfi/rfi_00115.fits,1215330897,,,,,,,,wifi_multiband
rfi_00116,RFI,dataset/fits/rfi/rfi_00116.fits,1680696612,,,,,,,,persistent_narrowband
rfi_00117,RFI,dataset/fits/rfi/rfi_00117.fits,88195296,,,,,,,,persistent_narrowband
rfi_00118,RFI,dataset/fits/rfi/rfi_00118.fits,745614405,,,,,,,,persistent_narrowband
rfi_00119,RFI,dataset/fits/rfi/rfi_00119.fits,1144061709,,,,,,,,point_to_point_microwave
rfi_00120,RFI,dataset/fits/rfi/rfi_00120.fits,919934773,,,,,,,,persistent_narrowband
rfi_00121,RFI,dataset/fits/rfi/rfi_00121.fits,1420606258,,,,,,,,satellite_like_inband
rfi_00122,RFI,dataset/fits/rfi/rfi_00122.fits,795794912,,,,,,,,wifi_multiband
rfi_00123,RFI,dataset/fits/rfi/rfi_00123.fits,148083461,,,,,,,,impulsive_broadband
rfi_00124,RFI,dataset/fits/rfi/rfi_00124.fits,1086542524,,,,,,,,point_to_point_microwave
rfi_00125,RFI,dataset/fits/rfi/rfi_00125.fits,1390588551,,,,,,,,impulsive_broadband
rfi_00126,RFI,dataset/fits/rfi/rfi_00126.fits,732788375,,,,,,,,point_to_point_microwave
rfi_00127,RFI,dataset/fits/rfi/rfi_00127.fits,27170280,,,,,,,,satellite_like_inband
rfi_00128,RFI,dataset/fits/rfi/rfi_00128.fits,1824449767,,,,,,,,satellite_like_inband
rfi_00129,RFI,dataset/fits/rfi/rfi_00129.fits,902069279,,,,,,,,point_to_point_microwave
rfi_00130,RFI,dataset/fits/rfi/rfi_00130.fits,1765942199,,,,,,,,impulsive_broadband
rfi_00131,RFI,dataset/fits/rfi/rfi_00131.fits,1052700151,,,,,,,,point_to_point_microwave
rfi_00132,RFI,dataset/fits/rfi/rfi_00132.fits,226642994,,,,,,,,point_to_point_microwave
rfi_00133,RFI,dataset/fits/rfi/rfi_00133.fits,930984409,,,,,,,,persistent_narrowband
rfi_00134,RFI,dataset/fits/rfi/rfi_00134.fits,2063275596,,,,,,,,wifi_multiband
rfi_00135,RFI,dataset/fits/rfi/rfi_00135.fits,777792887,,,,,,,,impulsive_broadband
rfi_00136,RFI,dataset/fits/rfi/rfi_00136.fits,1364908621,,,,,,,,satellite_like_inband
rfi_00137,RFI,dataset/fits/rfi/rfi_00137.fits,1914642757,,,,,,,,point_to_point_microwave
rfi_00138,RFI,dataset/fits/rfi/rfi_00138.fits,1779635394,,,,,,,,impulsive_broadband
rfi_00139,RFI,dataset/fits/rfi/rfi_00139.fits,987282731,,,,,,,,satellite_like_inband
rfi_00140,RFI,dataset/fits/rfi/rfi_00140.fits,1518933757,,,,,,,,satellite_like_inband
rfi_00141,RFI,dataset/fits/rfi/rfi_00141.fits,328545992,,,,,,,,point_to_point_microwave
rfi_00142,RFI,dataset/fits/rfi/rfi_00142.fits,935201526,,,,,,,,persistent_narrowband
rfi_00143,RFI,dataset/fits/rfi/rfi_00143.fits,378251237,,,,,,,,wifi_multiband
rfi_00144,RFI,dataset/fits/rfi/rfi_00144.fits,1575813410,,,,,,,,impulsive_broadband
rfi_00145,RFI,dataset/fits/rfi/rfi_00145.fits,1120442602,,,,,,,,satellite_like_inband
rfi_00146,RFI,dataset/fits/rfi/rfi_00146.fits,2073339049,,,,,,,,satellite_like_inband
rfi_00147,RFI,dataset/fits/rfi/rfi_00147.fits,1396846669,,,,,,,,point_to_point_microwave
rfi_00148,RFI,dataset/fits/rfi/rfi_00148.fits,579997524,,,,,,,,point_to_point_microwave
rfi_00149,RFI,dataset/fits/rfi/rfi_00149.fits,1322661698,,,,,,,,persistent_narrowband
rfi_00150,RFI,dataset/fits/rfi/rfi_00150.fits,1735594601,,,,,,,,satellite_like_inband
rfi_00151,RFI,dataset/fits/rfi/rfi_00151.fits,1974863884,,,,,,,,satellite_like_inband
rfi_00152,RFI,dataset/fits/rfi/rfi_00152.fits,1155717518,,,,,,,,wifi_multiband
rfi_00153,RFI,dataset/fits/rfi/rfi_00153.fits,1663529842,,,,,,,,impulsive_broadband
rfi_00154,RFI,dataset/fits/rfi/rfi_00154.fits,1038302992,,,,,,,,wifi_multiband
rfi_00155,RFI,dataset/fits/rfi/rfi_00155.fits,998308830,,,,,,,,wifi_multiband
rfi_00156,RFI,dataset/fits/rfi/rfi_00156.fits,935389096,,,,,,,,persistent_narrowband
rfi_00157,RFI,dataset/fits/rfi/rfi_00157.fits,1773251548,,,,,,,,persistent_narrowband
rfi_00158,RFI,dataset/fits/rfi/rfi_00158.fits,1569866834,,,,,,,,point_to_point_microwave
rfi_00159,RFI,dataset/fits/rfi/rfi_00159.fits,1272329557,,,,,,,,wifi_multiband
rfi_00160,RFI,dataset/fits/rfi/rfi_00160.fits,576375036,,,,,,,,impulsive_broadband
rfi_00161,RFI,dataset/fits/rfi/rfi_00161.fits,692143809,,,,,,,,impulsive_broadband
rfi_00162,RFI,dataset/fits/rfi/rfi_00162.fits,1829040081,,,,,,,,point_to_point_microwave
rfi_00163,RFI,dataset/fits/rfi/rfi_00163.fits,527196855,,,,,,,,point_to_point_microwave
rfi_00164,RFI,dataset/fits/rfi/rfi_00164.fits,1783981266,,,,,,,,wifi_multiband
rfi_00165,RFI,dataset/fits/rfi/rfi_00165.fits,2007085215,,,,,,,,point_to_point_microwave
rfi_00166,RFI,dataset/fits/rfi/rfi_00166.fits,186107155,,,,,,,,wifi_multiband
rfi_00167,RFI,dataset/fits/rfi/rfi_00167.fits,598993847,,,,,,,,point_to_point_microwave
rfi_00168,RFI,dataset/fits/rfi/rfi_00168.fits,1893288560,,,,,,,,satellite_like_inband
rfi_00169,RFI,dataset/fits/rfi/rfi_00169.fits,968089927,,,,,,,,wifi_multiband
rfi_00170,RFI,dataset/fits/rfi/rfi_00170.fits,523692742,,,,,,,,point_to_point_microwave
rfi_00171,RFI,dataset/fits/rfi/rfi_00171.fits,1611635552,,,,,,,,wifi_multiband
rfi_00172,RFI,dataset/fits/rfi/rfi_00172.fits,997953835,,,,,,,,persistent_narrowband
rfi_00173,RFI,dataset/fits/rfi/rfi_00173.fits,1223742796,,,,,,,,wifi_multiband
rfi_00174,RFI,dataset/fits/rfi/rfi_00174.fits,1310677355,,,,,,,,wifi_multiband
rfi_00175,RFI,dataset/fits/rfi/rfi_00175.fits,1434923816,,,,,,,,wifi_multiband
rfi_00176,RFI,dataset/fits/rfi/rfi_00176.fits,813873334,,,,,,,,impulsive_broadband
rfi_00177,RFI,dataset/fits/rfi/rfi_00177.fits,722406249,,,,,,,,wifi_multiband
rfi_00178,RFI,dataset/fits/rfi/rfi_00178.fits,61632769,,,,,,,,point_to_point_microwave
rfi_00179,RFI,dataset/fits/rfi/rfi_00179.fits,1061515124,,,,,,,,satellite_like_inband
rfi_00180,RFI,dataset/fits/rfi/rfi_00180.fits,1827407303,,,,,,,,impulsive_broadband
rfi_00181,RFI,dataset/fits/rfi/rfi_00181.fits,697962612,,,,,,,,impulsive_broadband
rfi_00182,RFI,dataset/fits/rfi/rfi_00182.fits,390498116,,,,,,,,satellite_like_inband
rfi_00183,RFI,dataset/fits/rfi/rfi_00183.fits,1047005519,,,,,,,,impulsive_broadband
rfi_00184,RFI,dataset/fits/rfi/rfi_00184.fits,455523908,,,,,,,,wifi_multiband
rfi_00185,RFI,dataset/fits/rfi/rfi_00185.fits,761980804,,,,,,,,persistent_narrowband
rfi_00186,RFI,dataset/fits/rfi/rfi_00186.fits,1713331952,,,,,,,,impulsive_broadband
rfi_00187,RFI,dataset/fits/rfi/rfi_00187.fits,554807582,,,,,,,,point_to_point_microwave
rfi_00188,RFI,dataset/fits/rfi/rfi_00188.fits,730872100,,,,,,,,satellite_like_inband
rfi_00189,RFI,dataset/fits/rfi/rfi_00189.fits,600562021,,,,,,,,point_to_point_microwave
rfi_00190,RFI,dataset/fits/rfi/rfi_00190.fits,1890472756,,,,,,,,satellite_like_inband
rfi_00191,RFI,dataset/fits/rfi/rfi_00191.fits,1280233126,,,,,,,,wifi_multiband
rfi_00192,RFI,dataset/fits/rfi/rfi_00192.fits,1505780638,,,,,,,,impulsive_broadband
rfi_00193,RFI,dataset/fits/rfi/rfi_00193.fits,1890016135,,,,,,,,impulsive_broadband
rfi_00194,RFI,dataset/fits/rfi/rfi_00194.fits,593282249,,,,,,,,impulsive_broadband
rfi_00195,RFI,dataset/fits/rfi/rfi_00195.fits,1193552146,,,,,,,,satellite_like_inband
rfi_00196,RFI,dataset/fits/rfi/rfi_00196.fits,21799350,,,,,,,,impulsive_broadband
rfi_00197,RFI,dataset/fits/rfi/rfi_00197.fits,1109448575,,,,,,,,impulsive_broadband
rfi_00198,RFI,dataset/fits/rfi/rfi_00198.fits,2035948896,,,,,,,,impulsive_broadband
rfi_00199,RFI,dataset/fits/rfi/rfi_00199.fits,410290554,,,,,,,,satellite_like_inband
rfi_00200,RFI,dataset/fits/rfi/rfi_00200.fits,183852436,,,,,,,,impulsive_broadband
rfi_00201,RFI,dataset/fits/rfi/rfi_00201.fits,518308169,,,,,,,,impulsive_broadband
rfi_00202,RFI,dataset/fits/rfi/rfi_00202.fits,1546348571,,,,,,,,satellite_like_inband
rfi_00203,RFI,dataset/fits/rfi/rfi_00203.fits,872797746,,,,,,,,impulsive_broadband
rfi_00204,RFI,dataset/fits/rfi/rfi_00204.fits,1049212941,,,,,,,,impulsive_broadband
rfi_00205,RFI,dataset/fits/rfi/rfi_00205.fits,1192231827,,,,,,,,wifi_multiband
rfi_00206,RFI,dataset/fits/rfi/rfi_00206.fits,1628146197,,,,,,,,wifi_multiband
rfi_00207,RFI,dataset/fits/rfi/rfi_00207.fits,516091717,,,,,,,,point_to_point_microwave
rfi_00208,RFI,dataset/fits/rfi/rfi_00208.fits,1483072272,,,,,,,,satellite_like_inband
rfi_00209,RFI,dataset/fits/rfi/rfi_00209.fits,1022402166,,,,,,,,impulsive_broadband
rfi_00210,RFI,dataset/fits/rfi/rfi_00210.fits,1387065906,,,,,,,,point_to_point_microwave
rfi_00211,RFI,dataset/fits/rfi/rfi_00211.fits,1528669922,,,,,,,,impulsive_broadband
rfi_00212,RFI,dataset/fits/rfi/rfi_00212.fits,1054030787,,,,,,,,wifi_multiband
rfi_00213,RFI,dataset/fits/rfi/rfi_00213.fits,962447511,,,,,,,,impulsive_broadband
rfi_00214,RFI,dataset/fits/rfi/rfi_00214.fits,1702810378,,,,,,,,impulsive_broadband
rfi_00215,RFI,dataset/fits/rfi/rfi_00215.fits,37029627,,,,,,,,point_to_point_microwave
rfi_00216,RFI,dataset/fits/rfi/rfi_00216.fits,199830552,,,,,,,,satellite_like_inband
rfi_00217,RFI,dataset/fits/rfi/rfi_00217.fits,631866099,,,,,,,,wifi_multiband
rfi_00218,RFI,dataset/fits/rfi/rfi_00218.fits,475874655,,,,,,,,impulsive_broadband
rfi_00219,RFI,dataset/fits/rfi/rfi_00219.fits,868444804,,,,,,,,satellite_like_inband
rfi_00220,RFI,dataset/fits/rfi/rfi_00220.fits,1485601607,,,,,,,,impulsive_broadband
rfi_00221,RFI,dataset/fits/rfi/rfi_00221.fits,522493858,,,,,,,,persistent_narrowband
rfi_00222,RFI,dataset/fits/rfi/rfi_00222.fits,657572446,,,,,,,,persistent_narrowband
rfi_00223,RFI,dataset/fits/rfi/rfi_00223.fits,1425843290,,,,,,,,satellite_like_inband
rfi_00224,RFI,dataset/fits/rfi/rfi_00224.fits,1248881118,,,,,,,,satellite_like_inband
rfi_00225,RFI,dataset/fits/rfi/rfi_00225.fits,792465388,,,,,,,,persistent_narrowband
rfi_00226,RFI,dataset/fits/rfi/rfi_00226.fits,1016319162,,,,,,,,point_to_point_microwave
rfi_00227,RFI,dataset/fits/rfi/rfi_00227.fits,1188574116,,,,,,,,persistent_narrowband
rfi_00228,RFI,dataset/fits/rfi/rfi_00228.fits,1140146171,,,,,,,,point_to_point_microwave
rfi_00229,RFI,dataset/fits/rfi/rfi_00229.fits,738213378,,,,,,,,impulsive_broadband
rfi_00230,RFI,dataset/fits/rfi/rfi_00230.fits,913762479,,,,,,,,point_to_point_microwave
rfi_00231,RFI,dataset/fits/rfi/rfi_00231.fits,2140249776,,,,,,,,impulsive_broadband
rfi_00232,RFI,dataset/fits/rfi/rfi_00232.fits,1601884148,,,,,,,,point_to_point_microwave
rfi_00233,RFI,dataset/fits/rfi/rfi_00233.fits,1181950247,,,,,,,,satellite_like_inband
rfi_00234,RFI,dataset/fits/rfi/rfi_00234.fits,710368910,,,,,,,,impulsive_broadband
rfi_00235,RFI,dataset/fits/rfi/rfi_00235.fits,755507349,,,,,,,,persistent_narrowband
rfi_00236,RFI,dataset/fits/rfi/rfi_00236.fits,1509369502,,,,,,,,point_to_point_microwave
rfi_00237,RFI,dataset/fits/rfi/rfi_00237.fits,974410540,,,,,,,,persistent_narrowband
rfi_00238,RFI,dataset/fits/rfi/rfi_00238.fits,581788594,,,,,,,,wifi_multiband
rfi_00239,RFI,dataset/fits/rfi/rfi_00239.fits,658467860,,,,,,,,point_to_point_microwave
rfi_00240,RFI,dataset/fits/rfi/rfi_00240.fits,539885285,,,,,,,,persistent_narrowband
rfi_00241,RFI,dataset/fits/rfi/rfi_00241.fits,495076678,,,,,,,,point_to_point_microwave
rfi_00242,RFI,dataset/fits/rfi/rfi_00242.fits,259106531,,,,,,,,point_to_point_microwave
rfi_00243,RFI,dataset/fits/rfi/rfi_00243.fits,1548946320,,,,,,,,impulsive_broadband
rfi_00244,RFI,dataset/fits/rfi/rfi_00244.fits,413571617,,,,,,,,satellite_like_inband
rfi_00245,RFI,dataset/fits/rfi/rfi_00245.fits,677634052,,,,,,,,persistent_narrowband
rfi_00246,RFI,dataset/fits/rfi/rfi_00246.fits,256741855,,,,,,,,point_to_point_microwave
rfi_00247,RFI,dataset/fits/rfi/rfi_00247.fits,1595324934,,,,,,,,wifi_multiband
rfi_00248,RFI,dataset/fits/rfi/rfi_00248.fits,1150759089,,,,,,,,persistent_narrowband
rfi_00249,RFI,dataset/fits/rfi/rfi_00249.fits,2041994006,,,,,,,,point_to_point_microwave
rfi_00250,RFI,dataset/fits/rfi/rfi_00250.fits,1636789727,,,,,,,,satellite_like_inband
rfi_00251,RFI,dataset/fits/rfi/rfi_00251.fits,1482114949,,,,,,,,point_to_point_microwave
rfi_00252,RFI,dataset/fits/rfi/rfi_00252.fits,397606270,,,,,,,,impulsive_broadband
rfi_00253,RFI,dataset/fits/rfi/rfi_00253.fits,411331109,,,,,,,,point_to_point_microwave
rfi_00254,RFI,dataset/fits/rfi/rfi_00254.fits,464682478,,,,,,,,satellite_like_inband
rfi_00255,RFI,dataset/fits/rfi/rfi_00255.fits,1586141413,,,,,,,,satellite_like_inband
rfi_00256,RFI,dataset/fits/rfi/rfi_00256.fits,1039808546,,,,,,,,persistent_narrowband
rfi_00257,RFI,dataset/fits/rfi/rfi_00257.fits,593778432,,,,,,,,point_to_point_microwave
rfi_00258,RFI,dataset/fits/rfi/rfi_00258.fits,1556034434,,,,,,,,satellite_like_inband
rfi_00259,RFI,dataset/fits/rfi/rfi_00259.fits,1266128236,,,,,,,,point_to_point_microwave
rfi_00260,RFI,dataset/fits/rfi/rfi_00260.fits,2097247607,,,,,,,,point_to_point_microwave
rfi_00261,RFI,dataset/fits/rfi/rfi_00261.fits,1632534023,,,,,,,,point_to_point_microwave
rfi_00262,RFI,dataset/fits/rfi/rfi_00262.fits,1126649098,,,,,,,,satellite_like_inband
rfi_00263,RFI,dataset/fits/rfi/rfi_00263.fits,1281598358,,,,,,,,wifi_multiband
rfi_00264,RFI,dataset/fits/rfi/rfi_00264.fits,607735079,,,,,,,,satellite_like_inband
rfi_00265,RFI,dataset/fits/rfi/rfi_00265.fits,2105630558,,,,,,,,satellite_like_inband
rfi_00266,RFI,dataset/fits/rfi/rfi_00266.fits,215878176,,,,,,,,satellite_like_inband
rfi_00267,RFI,dataset/fits/rfi/rfi_00267.fits,1788055796,,,,,,,,persistent_narrowband
rfi_00268,RFI,dataset/fits/rfi/rfi_00268.fits,416864333,,,,,,,,point_to_point_microwave
rfi_00269,RFI,dataset/fits/rfi/rfi_00269.fits,636184436,,,,,,,,persistent_narrowband
rfi_00270,RFI,dataset/fits/rfi/rfi_00270.fits,488516384,,,,,,,,point_to_point_microwave
rfi_00271,RFI,dataset/fits/rfi/rfi_00271.fits,774986194,,,,,,,,impulsive_broadband
rfi_00272,RFI,dataset/fits/rfi/rfi_00272.fits,385347786,,,,,,,,impulsive_broadband
rfi_00273,RFI,dataset/fits/rfi/rfi_00273.fits,649114719,,,,,,,,wifi_multiband
rfi_00274,RFI,dataset/fits/rfi/rfi_00274.fits,30383379,,,,,,,,point_to_point_microwave
rfi_00275,RFI,dataset/fits/rfi/rfi_00275.fits,1520458120,,,,,,,,point_to_point_microwave
rfi_00276,RFI,dataset/fits/rfi/rfi_00276.fits,1147046377,,,,,,,,point_to_point_microwave
rfi_00277,RFI,dataset/fits/rfi/rfi_00277.fits,271834839,,,,,,,,persistent_narrowband
rfi_00278,RFI,dataset/fits/rfi/rfi_00278.fits,589079102,,,,,,,,wifi_multiband
rfi_00279,RFI,dataset/fits/rfi/rfi_00279.fits,97744221,,,,,,,,satellite_like_inband
rfi_00280,RFI,dataset/fits/rfi/rfi_00280.fits,2092282438,,,,,,,,impulsive_broadband
rfi_00281,RFI,dataset/fits/rfi/rfi_00281.fits,117093732,,,,,,,,wifi_multiband
rfi_00282,RFI,dataset/fits/rfi/rfi_00282.fits,1188329331,,,,,,,,persistent_narrowband
rfi_00283,RFI,dataset/fits/rfi/rfi_00283.fits,627358663,,,,,,,,satellite_like_inband
rfi_00284,RFI,dataset/fits/rfi/rfi_00284.fits,1497692435,,,,,,,,impulsive_broadband
rfi_00285,RFI,dataset/fits/rfi/rfi_00285.fits,2027417011,,,,,,,,satellite_like_inband
rfi_00286,RFI,dataset/fits/rfi/rfi_00286.fits,271183138,,,,,,,,impulsive_broadband
rfi_00287,RFI,dataset/fits/rfi/rfi_00287.fits,1369814652,,,,,,,,satellite_like_inband
rfi_00288,RFI,dataset/fits/rfi/rfi_00288.fits,1865006214,,,,,,,,point_to_point_microwave
rfi_00289,RFI,dataset/fits/rfi/rfi_00289.fits,1616608882,,,,,,,,point_to_point_microwave
rfi_00290,RFI,dataset/fits/rfi/rfi_00290.fits,1054153977,,,,,,,,point_to_point_microwave
rfi_00291,RFI,dataset/fits/rfi/rfi_00291.fits,220305286,,,,,,,,satellite_like_inband
rfi_00292,RFI,dataset/fits/rfi/rfi_00292.fits,1874151370,,,,,,,,satellite_like_inband
rfi_00293,RFI,dataset/fits/rfi/rfi_00293.fits,26339746,,,,,,,,persistent_narrowband
rfi_00294,RFI,dataset/fits/rfi/rfi_00294.fits,1232793534,,,,,,,,satellite_like_inband
rfi_00295,RFI,dataset/fits/rfi/rfi_00295.fits,610614057,,,,,,,,satellite_like_inband
rfi_00296,RFI,dataset/fits/rfi/rfi_00296.fits,1008022257,,,,,,,,persistent_narrowband
rfi_00297,RFI,dataset/fits/rfi/rfi_00297.fits,1028030934,,,,,,,,persistent_narrowband
rfi_00298,RFI,dataset/fits/rfi/rfi_00298.fits,945899552,,,,,,,,persistent_narrowband
rfi_00299,RFI,dataset/fits/rfi/rfi_00299.fits,731660431,,,,,,,,satellite_like_inband
rfi_00300,RFI,dataset/fits/rfi/rfi_00300.fits,395917968,,,,,,,,persistent_narrowband
rfi_00301,RFI,dataset/fits/rfi/rfi_00301.fits,2073390414,,,,,,,,point_to_point_microwave
rfi_00302,RFI,dataset/fits/rfi/rfi_00302.fits,110330669,,,,,,,,wifi_multiband
rfi_00303,RFI,dataset/fits/rfi/rfi_00303.fits,542193201,,,,,,,,persistent_narrowband
rfi_00304,RFI,dataset/fits/rfi/rfi_00304.fits,2020918686,,,,,,,,wifi_multiband
rfi_00305,RFI,dataset/fits/rfi/rfi_00305.fits,1850535975,,,,,,,,impulsive_broadband
rfi_00306,RFI,dataset/fits/rfi/rfi_00306.fits,1025915627,,,,,,,,wifi_multiband
rfi_00307,RFI,dataset/fits/rfi/rfi_00307.fits,245000264,,,,,,,,satellite_like_inband
rfi_00308,RFI,dataset/fits/rfi/rfi_00308.fits,1765479919,,,,,,,,satellite_like_inband
rfi_00309,RFI,dataset/fits/rfi/rfi_00309.fits,140323954,,,,,,,,wifi_multiband
rfi_00310,RFI,dataset/fits/rfi/rfi_00310.fits,860512674,,,,,,,,impulsive_broadband
rfi_00311,RFI,dataset/fits/rfi/rfi_00311.fits,1056017705,,,,,,,,satellite_like_inband
rfi_00312,RFI,dataset/fits/rfi/rfi_00312.fits,159090252,,,,,,,,satellite_like_inband
rfi_00313,RFI,dataset/fits/rfi/rfi_00313.fits,1239143492,,,,,,,,persistent_narrowband
rfi_00314,RFI,dataset/fits/rfi/rfi_00314.fits,1351724359,,,,,,,,satellite_like_inband
rfi_00315,RFI,dataset/fits/rfi/rfi_00315.fits,1474142350,,,,,,,,point_to_point_microwave
rfi_00316,RFI,dataset/fits/rfi/rfi_00316.fits,115124609,,,,,,,,satellite_like_inband
rfi_00317,RFI,dataset/fits/rfi/rfi_00317.fits,325831274,,,,,,,,persistent_narrowband
rfi_00318,RFI,dataset/fits/rfi/rfi_00318.fits,320399366,,,,,,,,satellite_like_inband
rfi_00319,RFI,dataset/fits/rfi/rfi_00319.fits,1741914343,,,,,,,,point_to_point_microwave
rfi_00320,RFI,dataset/fits/rfi/rfi_00320.fits,1208688817,,,,,,,,impulsive_broadband
rfi_00321,RFI,dataset/fits/rfi/rfi_00321.fits,2038231806,,,,,,,,wifi_multiband
rfi_00322,RFI,dataset/fits/rfi/rfi_00322.fits,652481808,,,,,,,,wifi_multiband
rfi_00323,RFI,dataset/fits/rfi/rfi_00323.fits,182924596,,,,,,,,wifi_multiband
rfi_00324,RFI,dataset/fits/rfi/rfi_00324.fits,2134422923,,,,,,,,wifi_multiband
rfi_00325,RFI,dataset/fits/rfi/rfi_00325.fits,532986018,,,,,,,,satellite_like_inband
rfi_00326,RFI,dataset/fits/rfi/rfi_00326.fits,254372793,,,,,,,,persistent_narrowband
rfi_00327,RFI,dataset/fits/rfi/rfi_00327.fits,1198452711,,,,,,,,point_to_point_microwave
rfi_00328,RFI,dataset/fits/rfi/rfi_00328.fits,1641629801,,,,,,,,persistent_narrowband
rfi_00329,RFI,dataset/fits/rfi/rfi_00329.fits,893726904,,,,,,,,satellite_like_inband
rfi_00330,RFI,dataset/fits/rfi/rfi_00330.fits,1302057238,,,,,,,,impulsive_broadband
rfi_00331,RFI,dataset/fits/rfi/rfi_00331.fits,1280172654,,,,,,,,impulsive_broadband
rfi_00332,RFI,dataset/fits/rfi/rfi_00332.fits,1698102993,,,,,,,,persistent_narrowband
rfi_00333,RFI,dataset/fits/rfi/rfi_00333.fits,1328043298,,,,,,,,wifi_multiband
rfi_00334,RFI,dataset/fits/rfi/rfi_00334.fits,484659430,,,,,,,,point_to_point_microwave
rfi_00335,RFI,dataset/fits/rfi/rfi_00335.fits,1665789193,,,,,,,,persistent_narrowband
rfi_00336,RFI,dataset/fits/rfi/rfi_00336.fits,1122215974,,,,,,,,impulsive_broadband
rfi_00337,RFI,dataset/fits/rfi/rfi_00337.fits,816855597,,,,,,,,persistent_narrowband
rfi_00338,RFI,dataset/fits/rfi/rfi_00338.fits,967472440,,,,,,,,satellite_like_inband
rfi_00339,RFI,dataset/fits/rfi/rfi_00339.fits,1950998303,,,,,,,,impulsive_broadband
rfi_00340,RFI,dataset/fits/rfi/rfi_00340.fits,950736120,,,,,,,,impulsive_broadband
rfi_00341,RFI,dataset/fits/rfi/rfi_00341.fits,638560982,,,,,,,,satellite_like_inband
rfi_00342,RFI,dataset/fits/rfi/rfi_00342.fits,1847193853,,,,,,,,satellite_like_inband
rfi_00343,RFI,dataset/fits/rfi/rfi_00343.fits,1263848104,,,,,,,,wifi_multiband
rfi_00344,RFI,dataset/fits/rfi/rfi_00344.fits,2126075945,,,,,,,,impulsive_broadband
rfi_00345,RFI,dataset/fits/rfi/rfi_00345.fits,920905060,,,,,,,,satellite_like_inband
rfi_00346,RFI,dataset/fits/rfi/rfi_00346.fits,655799075,,,,,,,,wifi_multiband
rfi_00347,RFI,dataset/fits/rfi/rfi_00347.fits,1221122482,,,,,,,,wifi_multiband
rfi_00348,RFI,dataset/fits/rfi/rfi_00348.fits,1333646022,,,,,,,,satellite_like_inband
rfi_00349,RFI,dataset/fits/rfi/rfi_00349.fits,129343593,,,,,,,,wifi_multiband
rfi_00350,RFI,dataset/fits/rfi/rfi_00350.fits,1309172410,,,,,,,,satellite_like_inband
rfi_00351,RFI,dataset/fits/rfi/rfi_00351.fits,2061817892,,,,,,,,point_to_point_microwave
rfi_00352,RFI,dataset/fits/rfi/rfi_00352.fits,1589329691,,,,,,,,wifi_multiband
rfi_00353,RFI,dataset/fits/rfi/rfi_00353.fits,213102468,,,,,,,,persistent_narrowband
rfi_00354,RFI,dataset/fits/rfi/rfi_00354.fits,2034934456,,,,,,,,satellite_like_inband
rfi_00355,RFI,dataset/fits/rfi/rfi_00355.fits,1637965462,,,,,,,,impulsive_broadband
rfi_00356,RFI,dataset/fits/rfi/rfi_00356.fits,446221127,,,,,,,,point_to_point_microwave
rfi_00357,RFI,dataset/fits/rfi/rfi_00357.fits,1343283302,,,,,,,,persistent_narrowband
rfi_00358,RFI,dataset/fits/rfi/rfi_00358.fits,453173163,,,,,,,,persistent_narrowband
rfi_00359,RFI,dataset/fits/rfi/rfi_00359.fits,568323225,,,,,,,,point_to_point_microwave
rfi_00360,RFI,dataset/fits/rfi/rfi_00360.fits,1418258634,,,,,,,,point_to_point_microwave
rfi_00361,RFI,dataset/fits/rfi/rfi_00361.fits,174348763,,,,,,,,wifi_multiband
rfi_00362,RFI,dataset/fits/rfi/rfi_00362.fits,337277537,,,,,,,,persistent_narrowband
rfi_00363,RFI,dataset/fits/rfi/rfi_00363.fits,515106549,,,,,,,,point_to_point_microwave
rfi_00364,RFI,dataset/fits/rfi/rfi_00364.fits,373261757,,,,,,,,impulsive_broadband
rfi_00365,RFI,dataset/fits/rfi/rfi_00365.fits,1185394324,,,,,,,,impulsive_broadband
rfi_00366,RFI,dataset/fits/rfi/rfi_00366.fits,161200592,,,,,,,,satellite_like_inband
rfi_00367,RFI,dataset/fits/rfi/rfi_00367.fits,336151246,,,,,,,,persistent_narrowband
rfi_00368,RFI,dataset/fits/rfi/rfi_00368.fits,5746078,,,,,,,,impulsive_broadband
rfi_00369,RFI,dataset/fits/rfi/rfi_00369.fits,877284807,,,,,,,,persistent_narrowband
rfi_00370,RFI,dataset/fits/rfi/rfi_00370.fits,967449334,,,,,,,,wifi_multiband
rfi_00371,RFI,dataset/fits/rfi/rfi_00371.fits,1480413236,,,,,,,,impulsive_broadband
rfi_00372,RFI,dataset/fits/rfi/rfi_00372.fits,1275199826,,,,,,,,satellite_like_inband
rfi_00373,RFI,dataset/fits/rfi/rfi_00373.fits,1009129365,,,,,,,,wifi_multiband
rfi_00374,RFI,dataset/fits/rfi/rfi_00374.fits,625474569,,,,,,,,wifi_multiband
rfi_00375,RFI,dataset/fits/rfi/rfi_00375.fits,70093566,,,,,,,,wifi_multiband
rfi_00376,RFI,dataset/fits/rfi/rfi_00376.fits,497091427,,,,,,,,impulsive_broadband
rfi_00377,RFI,dataset/fits/rfi/rfi_00377.fits,618700532,,,,,,,,wifi_multiband
rfi_00378,RFI,dataset/fits/rfi/rfi_00378.fits,1518176093,,,,,,,,wifi_multiband
rfi_00379,RFI,dataset/fits/rfi/rfi_00379.fits,607133082,,,,,,,,wifi_multiband
rfi_00380,RFI,dataset/fits/rfi/rfi_00380.fits,1509654279,,,,,,,,impulsive_broadband
rfi_00381,RFI,dataset/fits/rfi/rfi_00381.fits,1845991400,,,,,,,,persistent_narrowband
rfi_00382,RFI,dataset/fits/rfi/rfi_00382.fits,975024850,,,,,,,,satellite_like_inband
rfi_00383,RFI,dataset/fits/rfi/rfi_00383.fits,152857369,,,,,,,,impulsive_broadband
rfi_00384,RFI,dataset/fits/rfi/rfi_00384.fits,1476147879,,,,,,,,persistent_narrowband
rfi_00385,RFI,dataset/fits/rfi/rfi_00385.fits,501273796,,,,,,,,satellite_like_inband
rfi_00386,RFI,dataset/fits/rfi/rfi_00386.fits,1984083868,,,,,,,,satellite_like_inband
rfi_00387,RFI,dataset/fits/rfi/rfi_00387.fits,568126730,,,,,,,,persistent_narrowband
rfi_00388,RFI,dataset/fits/rfi/rfi_00388.fits,1691847805,,,,,,,,wifi_multiband
rfi_00389,RFI,dataset/fits/rfi/rfi_00389.fits,1699191594,,,,,,,,impulsive_broadband
rfi_00390,RFI,dataset/fits/rfi/rfi_00390.fits,1342301845,,,,,,,,persistent_narrowband
rfi_00391,RFI,dataset/fits/rfi/rfi_00391.fits,1266563495,,,,,,,,impulsive_broadband
rfi_00392,RFI,dataset/fits/rfi/rfi_00392.fits,1419879761,,,,,,,,wifi_multiband
rfi_00393,RFI,dataset/fits/rfi/rfi_00393.fits,1726374302,,,,,,,,impulsive_broadband
rfi_00394,RFI,dataset/fits/rfi/rfi_00394.fits,2005037759,,,,,,,,persistent_narrowband
rfi_00395,RFI,dataset/fits/rfi/rfi_00395.fits,424813530,,,,,,,,satellite_like_inband
rfi_00396,RFI,dataset/fits/rfi/rfi_00396.fits,912978989,,,,,,,,point_to_point_microwave
rfi_00397,RFI,dataset/fits/rfi/rfi_00397.fits,246480226,,,,,,,,satellite_like_inband
rfi_00398,RFI,dataset/fits/rfi/rfi_00398.fits,1169438811,,,,,,,,impulsive_broadband
rfi_00399,RFI,dataset/fits/rfi/rfi_00399.fits,482774612,,,,,,,,persistent_narrowband
rfi_00400,RFI,dataset/fits/rfi/rfi_00400.fits,1390784978,,,,,,,,point_to_point_microwave
rfi_00401,RFI,dataset/fits/rfi/rfi_00401.fits,319952289,,,,,,,,satellite_like_inband
rfi_00402,RFI,dataset/fits/rfi/rfi_00402.fits,1950798733,,,,,,,,wifi_multiband
rfi_00403,RFI,dataset/fits/rfi/rfi_00403.fits,570441390,,,,,,,,persistent_narrowband
rfi_00404,RFI,dataset/fits/rfi/rfi_00404.fits,1775176902,,,,,,,,wifi_multiband
rfi_00405,RFI,dataset/fits/rfi/rfi_00405.fits,305450101,,,,,,,,point_to_point_microwave
rfi_00406,RFI,dataset/fits/rfi/rfi_00406.fits,153351464,,,,,,,,wifi_multiband
rfi_00407,RFI,dataset/fits/rfi/rfi_00407.fits,128071720,,,,,,,,wifi_multiband
rfi_00408,RFI,dataset/fits/rfi/rfi_00408.fits,356316469,,,,,,,,satellite_like_inband
rfi_00409,RFI,dataset/fits/rfi/rfi_00409.fits,1702156884,,,,,,,,satellite_like_inband
rfi_00410,RFI,dataset/fits/rfi/rfi_00410.fits,660591330,,,,,,,,impulsive_broadband
rfi_00411,RFI,dataset/fits/rfi/rfi_00411.fits,1277847336,,,,,,,,wifi_multiband
rfi_00412,RFI,dataset/fits/rfi/rfi_00412.fits,1608374464,,,,,,,,persistent_narrowband
rfi_00413,RFI,dataset/fits/rfi/rfi_00413.fits,1770042565,,,,,,,,wifi_multiband
rfi_00414,RFI,dataset/fits/rfi/rfi_00414.fits,1222362824,,,,,,,,impulsive_broadband
rfi_00415,RFI,dataset/fits/rfi/rfi_00415.fits,1978245900,,,,,,,,impulsive_broadband
rfi_00416,RFI,dataset/fits/rfi/rfi_00416.fits,619786527,,,,,,,,satellite_like_inband
rfi_00417,RFI,dataset/fits/rfi/rfi_00417.fits,943074860,,,,,,,,impulsive_broadband
rfi_00418,RFI,dataset/fits/rfi/rfi_00418.fits,267047442,,,,,,,,satellite_like_inband
rfi_00419,RFI,dataset/fits/rfi/rfi_00419.fits,1006521218,,,,,,,,satellite_like_inband
rfi_00420,RFI,dataset/fits/rfi/rfi_00420.fits,1478924732,,,,,,,,impulsive_broadband
rfi_00421,RFI,dataset/fits/rfi/rfi_00421.fits,653030851,,,,,,,,satellite_like_inband
rfi_00422,RFI,dataset/fits/rfi/rfi_00422.fits,1502666641,,,,,,,,wifi_multiband
rfi_00423,RFI,dataset/fits/rfi/rfi_00423.fits,864380463,,,,,,,,wifi_multiband
rfi_00424,RFI,dataset/fits/rfi/rfi_00424.fits,2024381813,,,,,,,,point_to_point_microwave
rfi_00425,RFI,dataset/fits/rfi/rfi_00425.fits,584644243,,,,,,,,persistent_narrowband
rfi_00426,RFI,dataset/fits/rfi/rfi_00426.fits,1074755822,,,,,,,,wifi_multiband
rfi_00427,RFI,dataset/fits/rfi/rfi_00427.fits,1159601584,,,,,,,,persistent_narrowband
rfi_00428,RFI,dataset/fits/rfi/rfi_00428.fits,1060417159,,,,,,,,impulsive_broadband
rfi_00429,RFI,dataset/fits/rfi/rfi_00429.fits,940080013,,,,,,,,point_to_point_microwave
rfi_00430,RFI,dataset/fits/rfi/rfi_00430.fits,172747565,,,,,,,,satellite_like_inband
rfi_00431,RFI,dataset/fits/rfi/rfi_00431.fits,1284273956,,,,,,,,satellite_like_inband
rfi_00432,RFI,dataset/fits/rfi/rfi_00432.fits,85600383,,,,,,,,impulsive_broadband
rfi_00433,RFI,dataset/fits/rfi/rfi_00433.fits,1910021119,,,,,,,,satellite_like_inband
rfi_00434,RFI,dataset/fits/rfi/rfi_00434.fits,927774496,,,,,,,,persistent_narrowband
rfi_00435,RFI,dataset/fits/rfi/rfi_00435.fits,1577399599,,,,,,,,persistent_narrowband
rfi_00436,RFI,dataset/fits/rfi/rfi_00436.fits,692180324,,,,,,,,point_to_point_microwave
rfi_00437,RFI,dataset/fits/rfi/rfi_00437.fits,1296465183,,,,,,,,impulsive_broadband
rfi_00438,RFI,dataset/fits/rfi/rfi_00438.fits,537660984,,,,,,,,persistent_narrowband
rfi_00439,RFI,dataset/fits/rfi/rfi_00439.fits,55544441,,,,,,,,point_to_point_microwave
rfi_00440,RFI,dataset/fits/rfi/rfi_00440.fits,196122999,,,,,,,,satellite_like_inband
rfi_00441,RFI,dataset/fits/rfi/rfi_00441.fits,491611440,,,,,,,,satellite_like_inband
rfi_00442,RFI,dataset/fits/rfi/rfi_00442.fits,2065688353,,,,,,,,persistent_narrowband
rfi_00443,RFI,dataset/fits/rfi/rfi_00443.fits,1448044716,,,,,,,,wifi_multiband
rfi_00444,RFI,dataset/fits/rfi/rfi_00444.fits,1795207452,,,,,,,,wifi_multiband
rfi_00445,RFI,dataset/fits/rfi/rfi_00445.fits,1847945910,,,,,,,,persistent_narrowband
rfi_00446,RFI,dataset/fits/rfi/rfi_00446.fits,1235230679,,,,,,,,wifi_multiband
rfi_00447,RFI,dataset/fits/rfi/rfi_00447.fits,1260836896,,,,,,,,impulsive_broadband
rfi_00448,RFI,dataset/fits/rfi/rfi_00448.fits,2041797995,,,,,,,,persistent_narrowband
rfi_00449,RFI,dataset/fits/rfi/rfi_00449.fits,44550528,,,,,,,,satellite_like_inband
rfi_00450,RFI,dataset/fits/rfi/rfi_00450.fits,2146565413,,,,,,,,wifi_multiband
rfi_00451,RFI,dataset/fits/rfi/rfi_00451.fits,1642310409,,,,,,,,point_to_point_microwave
rfi_00452,RFI,dataset/fits/rfi/rfi_00452.fits,1443713707,,,,,,,,satellite_like_inband
rfi_00453,RFI,dataset/fits/rfi/rfi_00453.fits,1763988692,,,,,,,,impulsive_broadband
rfi_00454,RFI,dataset/fits/rfi/rfi_00454.fits,578770520,,,,,,,,persistent_narrowband
rfi_00455,RFI,dataset/fits/rfi/rfi_00455.fits,1237480982,,,,,,,,persistent_narrowband
rfi_00456,RFI,dataset/fits/rfi/rfi_00456.fits,86396864,,,,,,,,satellite_like_inband
rfi_00457,RFI,dataset/fits/rfi/rfi_00457.fits,1638764103,,,,,,,,satellite_like_inband
rfi_00458,RFI,dataset/fits/rfi/rfi_00458.fits,1624074951,,,,,,,,impulsive_broadband
rfi_00459,RFI,dataset/fits/rfi/rfi_00459.fits,376219230,,,,,,,,impulsive_broadband
rfi_00460,RFI,dataset/fits/rfi/rfi_00460.fits,1010392822,,,,,,,,persistent_narrowband
rfi_00461,RFI,dataset/fits/rfi/rfi_00461.fits,1114466358,,,,,,,,point_to_point_microwave
rfi_00462,RFI,dataset/fits/rfi/rfi_00462.fits,1399105984,,,,,,,,persistent_narrowband
rfi_00463,RFI,dataset/fits/rfi/rfi_00463.fits,949680401,,,,,,,,wifi_multiband
rfi_00464,RFI,dataset/fits/rfi/rfi_00464.fits,1967251329,,,,,,,,point_to_point_microwave
rfi_00465,RFI,dataset/fits/rfi/rfi_00465.fits,597336701,,,,,,,,persistent_narrowband
rfi_00466,RFI,dataset/fits/rfi/rfi_00466.fits,389744966,,,,,,,,persistent_narrowband
rfi_00467,RFI,dataset/fits/rfi/rfi_00467.fits,2140924111,,,,,,,,point_to_point_microwave
rfi_00468,RFI,dataset/fits/rfi/rfi_00468.fits,1256985793,,,,,,,,persistent_narrowband
rfi_00469,RFI,dataset/fits/rfi/rfi_00469.fits,936055874,,,,,,,,satellite_like_inband
rfi_00470,RFI,dataset/fits/rfi/rfi_00470.fits,1363189795,,,,,,,,point_to_point_microwave
rfi_00471,RFI,dataset/fits/rfi/rfi_00471.fits,1748577711,,,,,,,,point_to_point_microwave
rfi_00472,RFI,dataset/fits/rfi/rfi_00472.fits,1055973120,,,,,,,,wifi_multiband
rfi_00473,RFI,dataset/fits/rfi/rfi_00473.fits,2081030274,,,,,,,,satellite_like_inband
rfi_00474,RFI,dataset/fits/rfi/rfi_00474.fits,195941575,,,,,,,,wifi_multiband
rfi_00475,RFI,dataset/fits/rfi/rfi_00475.fits,1009339643,,,,,,,,satellite_like_inband
rfi_00476,RFI,dataset/fits/rfi/rfi_00476.fits,747240682,,,,,,,,impulsive_broadband
rfi_00477,RFI,dataset/fits/rfi/rfi_00477.fits,876920864,,,,,,,,point_to_point_microwave
rfi_00478,RFI,dataset/fits/rfi/rfi_00478.fits,715774336,,,,,,,,impulsive_broadband
rfi_00479,RFI,dataset/fits/rfi/rfi_00479.fits,689467359,,,,,,,,satellite_like_inband
rfi_00480,RFI,dataset/fits/rfi/rfi_00480.fits,1439100763,,,,,,,,impulsive_broadband
rfi_00481,RFI,dataset/fits/rfi/rfi_00481.fits,224626529,,,,,,,,impulsive_broadband
rfi_00482,RFI,dataset/fits/rfi/rfi_00482.fits,1841967801,,,,,,,,persistent_narrowband
rfi_00483,RFI,dataset/fits/rfi/rfi_00483.fits,345368748,,,,,,,,point_to_point_microwave
rfi_00484,RFI,dataset/fits/rfi/rfi_00484.fits,708247982,,,,,,,,point_to_point_microwave
rfi_00485,RFI,dataset/fits/rfi/rfi_00485.fits,884001104,,,,,,,,wifi_multiband
rfi_00486,RFI,dataset/fits/rfi/rfi_00486.fits,1489652870,,,,,,,,wifi_multiband
rfi_00487,RFI,dataset/fits/rfi/rfi_00487.fits,1064011628,,,,,,,,wifi_multiband
rfi_00488,RFI,dataset/fits/rfi/rfi_00488.fits,618943008,,,,,,,,persistent_narrowband
rfi_00489,RFI,dataset/fits/rfi/rfi_00489.fits,1422887309,,,,,,,,wifi_multiband
rfi_00490,RFI,dataset/fits/rfi/rfi_00490.fits,2029787680,,,,,,,,satellite_like_inband
rfi_00491,RFI,dataset/fits/rfi/rfi_00491.fits,859964658,,,,,,,,satellite_like_inband
rfi_00492,RFI,dataset/fits/rfi/rfi_00492.fits,1747119759,,,,,,,,point_to_point_microwave
rfi_00493,RFI,dataset/fits/rfi/rfi_00493.fits,1633160831,,,,,,,,wifi_multiband
rfi_00494,RFI,dataset/fits/rfi/rfi_00494.fits,1181323481,,,,,,,,impulsive_broadband
rfi_00495,RFI,dataset/fits/rfi/rfi_00495.fits,78806496,,,,,,,,point_to_point_microwave
rfi_00496,RFI,dataset/fits/rfi/rfi_00496.fits,976731209,,,,,,,,satellite_like_inband
rfi_00497,RFI,dataset/fits/rfi/rfi_00497.fits,189106963,,,,,,,,impulsive_broadband
rfi_00498,RFI,dataset/fits/rfi/rfi_00498.fits,675420450,,,,,,,,persistent_narrowband
rfi_00499,RFI,dataset/fits/rfi/rfi_00499.fits,542022402,,,,,,,,wifi_multiband
rfi_00500,RFI,dataset/fits/rfi/rfi_00500.fits,694225169,,,,,,,,point_to_point_microwave
rfi_00501,RFI,dataset/fits/rfi/rfi_00501.fits,248939738,,,,,,,,persistent_narrowband
rfi_00502,RFI,dataset/fits/rfi/rfi_00502.fits,2083455825,,,,,,,,point_to_point_microwave
rfi_00503,RFI,dataset/fits/rfi/rfi_00503.fits,1659034046,,,,,,,,satellite_like_inband
rfi_00504,RFI,dataset/fits/rfi/rfi_00504.fits,867959326,,,,,,,,persistent_narrowband
rfi_00505,RFI,dataset/fits/rfi/rfi_00505.fits,1857381341,,,,,,,,point_to_point_microwave
rfi_00506,RFI,dataset/fits/rfi/rfi_00506.fits,1105087037,,,,,,,,wifi_multiband
rfi_00507,RFI,dataset/fits/rfi/rfi_00507.fits,1771517671,,,,,,,,point_to_point_microwave
rfi_00508,RFI,dataset/fits/rfi/rfi_00508.fits,2121969861,,,,,,,,point_to_point_microwave
rfi_00509,RFI,dataset/fits/rfi/rfi_00509.fits,2471894,,,,,,,,persistent_narrowband
rfi_00510,RFI,dataset/fits/rfi/rfi_00510.fits,1412314918,,,,,,,,wifi_multiband
rfi_00511,RFI,dataset/fits/rfi/rfi_00511.fits,1866952454,,,,,,,,wifi_multiband
rfi_00512,RFI,dataset/fits/rfi/rfi_00512.fits,1165210871,,,,,,,,satellite_like_inband
rfi_00513,RFI,dataset/fits/rfi/rfi_00513.fits,992086655,,,,,,,,persistent_narrowband
rfi_00514,RFI,dataset/fits/rfi/rfi_00514.fits,887442410,,,,,,,,wifi_multiband
rfi_00515,RFI,dataset/fits/rfi/rfi_00515.fits,116402388,,,,,,,,wifi_multiband
rfi_00516,RFI,dataset/fits/rfi/rfi_00516.fits,402830442,,,,,,,,satellite_like_inband
rfi_00517,RFI,dataset/fits/rfi/rfi_00517.fits,1113340126,,,,,,,,persistent_narrowband
rfi_00518,RFI,dataset/fits/rfi/rfi_00518.fits,776915263,,,,,,,,persistent_narrowband
rfi_00519,RFI,dataset/fits/rfi/rfi_00519.fits,1337096055,,,,,,,,point_to_point_microwave
rfi_00520,RFI,dataset/fits/rfi/rfi_00520.fits,1624449310,,,,,,,,persistent_narrowband
rfi_00521,RFI,dataset/fits/rfi/rfi_00521.fits,1070505779,,,,,,,,wifi_multiband
rfi_00522,RFI,dataset/fits/rfi/rfi_00522.fits,1343055050,,,,,,,,impulsive_broadband
rfi_00523,RFI,dataset/fits/rfi/rfi_00523.fits,949275717,,,,,,,,wifi_multiband
rfi_00524,RFI,dataset/fits/rfi/rfi_00524.fits,1632067257,,,,,,,,wifi_multiband
rfi_00525,RFI,dataset/fits/rfi/rfi_00525.fits,110835455,,,,,,,,persistent_narrowband
rfi_00526,RFI,dataset/fits/rfi/rfi_00526.fits,437137995,,,,,,,,impulsive_broadband
rfi_00527,RFI,dataset/fits/rfi/rfi_00527.fits,573498909,,,,,,,,persistent_narrowband
rfi_00528,RFI,dataset/fits/rfi/rfi_00528.fits,1179440203,,,,,,,,impulsive_broadband
rfi_00529,RFI,dataset/fits/rfi/rfi_00529.fits,281348764,,,,,,,,point_to_point_microwave
rfi_00530,RFI,dataset/fits/rfi/rfi_00530.fits,1992162092,,,,,,,,point_to_point_microwave
rfi_00531,RFI,dataset/fits/rfi/rfi_00531.fits,618537888,,,,,,,,impulsive_broadband
rfi_00532,RFI,dataset/fits/rfi/rfi_00532.fits,940847140,,,,,,,,wifi_multiband
rfi_00533,RFI,dataset/fits/rfi/rfi_00533.fits,1891603697,,,,,,,,persistent_narrowband
rfi_00534,RFI,dataset/fits/rfi/rfi_00534.fits,1499480523,,,,,,,,satellite_like_inband
rfi_00535,RFI,dataset/fits/rfi/rfi_00535.fits,1040910663,,,,,,,,point_to_point_microwave
rfi_00536,RFI,dataset/fits/rfi/rfi_00536.fits,260760540,,,,,,,,wifi_multiband
rfi_00537,RFI,dataset/fits/rfi/rfi_00537.fits,61996649,,,,,,,,satellite_like_inband
rfi_00538,RFI,dataset/fits/rfi/rfi_00538.fits,2089816871,,,,,,,,satellite_like_inband
rfi_00539,RFI,dataset/fits/rfi/rfi_00539.fits,1352962530,,,,,,,,satellite_like_inband
rfi_00540,RFI,dataset/fits/rfi/rfi_00540.fits,1307541948,,,,,,,,persistent_narrowband
rfi_00541,RFI,dataset/fits/rfi/rfi_00541.fits,1716513179,,,,,,,,point_to_point_microwave
rfi_00542,RFI,dataset/fits/rfi/rfi_00542.fits,513887391,,,,,,,,point_to_point_microwave
rfi_00543,RFI,dataset/fits/rfi/rfi_00543.fits,1524247014,,,,,,,,impulsive_broadband
rfi_00544,RFI,dataset/fits/rfi/rfi_00544.fits,340114523,,,,,,,,wifi_multiband
rfi_00545,RFI,dataset/fits/rfi/rfi_00545.fits,667330845,,,,,,,,persistent_narrowband
rfi_00546,RFI,dataset/fits/rfi/rfi_00546.fits,1182917776,,,,,,,,impulsive_broadband
rfi_00547,RFI,dataset/fits/rfi/rfi_00547.fits,29365689,,,,,,,,wifi_multiband
rfi_00548,RFI,dataset/fits/rfi/rfi_00548.fits,1185950876,,,,,,,,impulsive_broadband
rfi_00549,RFI,dataset/fits/rfi/rfi_00549.fits,876153341,,,,,,,,satellite_like_inband
rfi_00550,RFI,dataset/fits/rfi/rfi_00550.fits,200165248,,,,,,,,satellite_like_inband
rfi_00551,RFI,dataset/fits/rfi/rfi_00551.fits,482540978,,,,,,,,wifi_multiband
rfi_00552,RFI,dataset/fits/rfi/rfi_00552.fits,2130855981,,,,,,,,impulsive_broadband
rfi_00553,RFI,dataset/fits/rfi/rfi_00553.fits,1806904942,,,,,,,,persistent_narrowband
rfi_00554,RFI,dataset/fits/rfi/rfi_00554.fits,1960501992,,,,,,,,persistent_narrowband
rfi_00555,RFI,dataset/fits/rfi/rfi_00555.fits,243655903,,,,,,,,persistent_narrowband
rfi_00556,RFI,dataset/fits/rfi/rfi_00556.fits,990951799,,,,,,,,impulsive_broadband
rfi_00557,RFI,dataset/fits/rfi/rfi_00557.fits,2033797468,,,,,,,,wifi_multiband
rfi_00558,RFI,dataset/fits/rfi/rfi_00558.fits,252256626,,,,,,,,persistent_narrowband
rfi_00559,RFI,dataset/fits/rfi/rfi_00559.fits,1390945962,,,,,,,,persistent_narrowband
rfi_00560,RFI,dataset/fits/rfi/rfi_00560.fits,1787013869,,,,,,,,satellite_like_inband
rfi_00561,RFI,dataset/fits/rfi/rfi_00561.fits,330650472,,,,,,,,persistent_narrowband
rfi_00562,RFI,dataset/fits/rfi/rfi_00562.fits,1070253247,,,,,,,,satellite_like_inband
rfi_00563,RFI,dataset/fits/rfi/rfi_00563.fits,2002857199,,,,,,,,point_to_point_microwave
rfi_00564,RFI,dataset/fits/rfi/rfi_00564.fits,1538893926,,,,,,,,point_to_point_microwave
rfi_00565,RFI,dataset/fits/rfi/rfi_00565.fits,626767928,,,,,,,,point_to_point_microwave
rfi_00566,RFI,dataset/fits/rfi/rfi_00566.fits,1092794331,,,,,,,,wifi_multiband
rfi_00567,RFI,dataset/fits/rfi/rfi_00567.fits,1514859944,,,,,,,,point_to_point_microwave
rfi_00568,RFI,dataset/fits/rfi/rfi_00568.fits,587175490,,,,,,,,persistent_narrowband
rfi_00569,RFI,dataset/fits/rfi/rfi_00569.fits,892258710,,,,,,,,wifi_multiband
rfi_00570,RFI,dataset/fits/rfi/rfi_00570.fits,1792556017,,,,,,,,impulsive_broadband
rfi_00571,RFI,dataset/fits/rfi/rfi_00571.fits,1036159950,,,,,,,,persistent_narrowband
rfi_00572,RFI,dataset/fits/rfi/rfi_00572.fits,2105059321,,,,,,,,point_to_point_microwave
rfi_00573,RFI,dataset/fits/rfi/rfi_00573.fits,1014084262,,,,,,,,persistent_narrowband
rfi_00574,RFI,dataset/fits/rfi/rfi_00574.fits,523408130,,,,,,,,impulsive_broadband
rfi_00575,RFI,dataset/fits/rfi/rfi_00575.fits,980941475,,,,,,,,satellite_like_inband
rfi_00576,RFI,dataset/fits/rfi/rfi_00576.fits,1183832737,,,,,,,,point_to_point_microwave
rfi_00577,RFI,dataset/fits/rfi/rfi_00577.fits,310616257,,,,,,,,wifi_multiband
rfi_00578,RFI,dataset/fits/rfi/rfi_00578.fits,823744702,,,,,,,,satellite_like_inband
rfi_00579,RFI,dataset/fits/rfi/rfi_00579.fits,409332651,,,,,,,,persistent_narrowband
rfi_00580,RFI,dataset/fits/rfi/rfi_00580.fits,1979696779,,,,,,,,point_to_point_microwave
rfi_00581,RFI,dataset/fits/rfi/rfi_00581.fits,1287153585,,,,,,,,impulsive_broadband
rfi_00582,RFI,dataset/fits/rfi/rfi_00582.fits,1091439004,,,,,,,,persistent_narrowband
rfi_00583,RFI,dataset/fits/rfi/rfi_00583.fits,1602651039,,,,,,,,satellite_like_inband
rfi_00584,RFI,dataset/fits/rfi/rfi_00584.fits,1888338759,,,,,,,,wifi_multiband
rfi_00585,RFI,dataset/fits/rfi/rfi_00585.fits,293149434,,,,,,,,impulsive_broadband
rfi_00586,RFI,dataset/fits/rfi/rfi_00586.fits,1855483717,,,,,,,,satellite_like_inband
rfi_00587,RFI,dataset/fits/rfi/rfi_00587.fits,149916012,,,,,,,,impulsive_broadband
rfi_00588,RFI,dataset/fits/rfi/rfi_00588.fits,593236781,,,,,,,,impulsive_broadband
rfi_00589,RFI,dataset/fits/rfi/rfi_00589.fits,1659307215,,,,,,,,point_to_point_microwave
rfi_00590,RFI,dataset/fits/rfi/rfi_00590.fits,1696525357,,,,,,,,impulsive_broadband
rfi_00591,RFI,dataset/fits/rfi/rfi_00591.fits,1834836615,,,,,,,,point_to_point_microwave
rfi_00592,RFI,dataset/fits/rfi/rfi_00592.fits,891082068,,,,,,,,impulsive_broadband
rfi_00593,RFI,dataset/fits/rfi/rfi_00593.fits,729876517,,,,,,,,satellite_like_inband
rfi_00594,RFI,dataset/fits/rfi/rfi_00594.fits,2006283146,,,,,,,,wifi_multiband
rfi_00595,RFI,dataset/fits/rfi/rfi_00595.fits,1691610256,,,,,,,,persistent_narrowband
rfi_00596,RFI,dataset/fits/rfi/rfi_00596.fits,1090358362,,,,,,,,satellite_like_inband
rfi_00597,RFI,dataset/fits/rfi/rfi_00597.fits,573748918,,,,,,,,wifi_multiband
rfi_00598,RFI,dataset/fits/rfi/rfi_00598.fits,1762116585,,,,,,,,persistent_narrowband
rfi_00599,RFI,dataset/fits/rfi/rfi_00599.fits,5508853,,,,,,,,impulsive_broadband
rfi_00600,RFI,dataset/fits/rfi/rfi_00600.fits,607392093,,,,,,,,wifi_multiband
rfi_00601,RFI,dataset/fits/rfi/rfi_00601.fits,1559182622,,,,,,,,wifi_multiband
rfi_00602,RFI,dataset/fits/rfi/rfi_00602.fits,641143808,,,,,,,,impulsive_broadband
rfi_00603,RFI,dataset/fits/rfi/rfi_00603.fits,1798465843,,,,,,,,point_to_point_microwave
rfi_00604,RFI,dataset/fits/rfi/rfi_00604.fits,1260439159,,,,,,,,impulsive_broadband
rfi_00605,RFI,dataset/fits/rfi/rfi_00605.fits,1245375973,,,,,,,,impulsive_broadband
rfi_00606,RFI,dataset/fits/rfi/rfi_00606.fits,2145126423,,,,,,,,persistent_narrowband
rfi_00607,RFI,dataset/fits/rfi/rfi_00607.fits,1417211977,,,,,,,,satellite_like_inband
rfi_00608,RFI,dataset/fits/rfi/rfi_00608.fits,1051494628,,,,,,,,satellite_like_inband
rfi_00609,RFI,dataset/fits/rfi/rfi_00609.fits,1858132987,,,,,,,,persistent_narrowband
rfi_00610,RFI,dataset/fits/rfi/rfi_00610.fits,319106226,,,,,,,,impulsive_broadband
rfi_00611,RFI,dataset/fits/rfi/rfi_00611.fits,958953229,,,,,,,,wifi_multiband
rfi_00612,RFI,dataset/fits/rfi/rfi_00612.fits,1156592986,,,,,,,,wifi_multiband
rfi_00613,RFI,dataset/fits/rfi/rfi_00613.fits,1040115210,,,,,,,,impulsive_broadband
rfi_00614,RFI,dataset/fits/rfi/rfi_00614.fits,741148030,,,,,,,,persistent_narrowband
rfi_00615,RFI,dataset/fits/rfi/rfi_00615.fits,713909366,,,,,,,,satellite_like_inband
rfi_00616,RFI,dataset/fits/rfi/rfi_00616.fits,1185233629,,,,,,,,satellite_like_inband
rfi_00617,RFI,dataset/fits/rfi/rfi_00617.fits,1638256606,,,,,,,,point_to_point_microwave
rfi_00618,RFI,dataset/fits/rfi/rfi_00618.fits,1167007183,,,,,,,,satellite_like_inband
rfi_00619,RFI,dataset/fits/rfi/rfi_00619.fits,810052428,,,,,,,,persistent_narrowband
rfi_00620,RFI,dataset/fits/rfi/rfi_00620.fits,977845115,,,,,,,,point_to_point_microwave
rfi_00621,RFI,dataset/fits/rfi/rfi_00621.fits,2003284970,,,,,,,,wifi_multiband
rfi_00622,RFI,dataset/fits/rfi/rfi_00622.fits,691011600,,,,,,,,satellite_like_inband
rfi_00623,RFI,dataset/fits/rfi/rfi_00623.fits,1867455404,,,,,,,,impulsive_broadband
rfi_00624,RFI,dataset/fits/rfi/rfi_00624.fits,405127881,,,,,,,,wifi_multiband
rfi_00625,RFI,dataset/fits/rfi/rfi_00625.fits,2106197474,,,,,,,,persistent_narrowband
rfi_00626,RFI,dataset/fits/rfi/rfi_00626.fits,1497866480,,,,,,,,point_to_point_microwave
rfi_00627,RFI,dataset/fits/rfi/rfi_00627.fits,512831001,,,,,,,,wifi_multiband
rfi_00628,RFI,dataset/fits/rfi/rfi_00628.fits,1227926095,,,,,,,,persistent_narrowband
rfi_00629,RFI,dataset/fits/rfi/rfi_00629.fits,822423639,,,,,,,,satellite_like_inband
rfi_00630,RFI,dataset/fits/rfi/rfi_00630.fits,501571523,,,,,,,,wifi_multiband
rfi_00631,RFI,dataset/fits/rfi/rfi_00631.fits,1838273863,,,,,,,,satellite_like_inband
rfi_00632,RFI,dataset/fits/rfi/rfi_00632.fits,1665469080,,,,,,,,point_to_point_microwave
rfi_00633,RFI,dataset/fits/rfi/rfi_00633.fits,882132810,,,,,,,,satellite_like_inband
rfi_00634,RFI,dataset/fits/rfi/rfi_00634.fits,93731862,,,,,,,,point_to_point_microwave
rfi_00635,RFI,dataset/fits/rfi/rfi_00635.fits,683278461,,,,,,,,wifi_multiband
rfi_00636,RFI,dataset/fits/rfi/rfi_00636.fits,1599242137,,,,,,,,satellite_like_inband
rfi_00637,RFI,dataset/fits/rfi/rfi_00637.fits,1015708757,,,,,,,,impulsive_broadband
rfi_00638,RFI,dataset/fits/rfi/rfi_00638.fits,1514465337,,,,,,,,persistent_narrowband
rfi_00639,RFI,dataset/fits/rfi/rfi_00639.fits,1961576338,,,,,,,,persistent_narrowband
rfi_00640,RFI,dataset/fits/rfi/rfi_00640.fits,1742487352,,,,,,,,persistent_narrowband
rfi_00641,RFI,dataset/fits/rfi/rfi_00641.fits,818687659,,,,,,,,point_to_point_microwave
rfi_00642,RFI,dataset/fits/rfi/rfi_00642.fits,829097802,,,,,,,,persistent_narrowband
rfi_00643,RFI,dataset/fits/rfi/rfi_00643.fits,2122602903,,,,,,,,point_to_point_microwave
rfi_00644,RFI,dataset/fits/rfi/rfi_00644.fits,1425260907,,,,,,,,point_to_point_microwave
rfi_00645,RFI,dataset/fits/rfi/rfi_00645.fits,1701652417,,,,,,,,persistent_narrowband
rfi_00646,RFI,dataset/fits/rfi/rfi_00646.fits,1762541949,,,,,,,,impulsive_broadband
rfi_00647,RFI,dataset/fits/rfi/rfi_00647.fits,1400200144,,,,,,,,persistent_narrowband
rfi_00648,RFI,dataset/fits/rfi/rfi_00648.fits,2106290926,,,,,,,,wifi_multiband
rfi_00649,RFI,dataset/fits/rfi/rfi_00649.fits,326643688,,,,,,,,point_to_point_microwave
rfi_00650,RFI,dataset/fits/rfi/rfi_00650.fits,1063710168,,,,,,,,satellite_like_inband
rfi_00651,RFI,dataset/fits/rfi/rfi_00651.fits,2071944712,,,,,,,,satellite_like_inband
rfi_00652,RFI,dataset/fits/rfi/rfi_00652.fits,79499017,,,,,,,,point_to_point_microwave
rfi_00653,RFI,dataset/fits/rfi/rfi_00653.fits,271111800,,,,,,,,satellite_like_inband
rfi_00654,RFI,dataset/fits/rfi/rfi_00654.fits,1078662029,,,,,,,,wifi_multiband
rfi_00655,RFI,dataset/fits/rfi/rfi_00655.fits,2073081054,,,,,,,,point_to_point_microwave
rfi_00656,RFI,dataset/fits/rfi/rfi_00656.fits,1267402824,,,,,,,,impulsive_broadband
rfi_00657,RFI,dataset/fits/rfi/rfi_00657.fits,712953194,,,,,,,,impulsive_broadband
rfi_00658,RFI,dataset/fits/rfi/rfi_00658.fits,1867667212,,,,,,,,wifi_multiband
rfi_00659,RFI,dataset/fits/rfi/rfi_00659.fits,215531329,,,,,,,,impulsive_broadband
rfi_00660,RFI,dataset/fits/rfi/rfi_00660.fits,1877309532,,,,,,,,point_to_point_microwave
rfi_00661,RFI,dataset/fits/rfi/rfi_00661.fits,1814708345,,,,,,,,wifi_multiband
rfi_00662,RFI,dataset/fits/rfi/rfi_00662.fits,945550389,,,,,,,,point_to_point_microwave
rfi_00663,RFI,dataset/fits/rfi/rfi_00663.fits,214129242,,,,,,,,persistent_narrowband
rfi_00664,RFI,dataset/fits/rfi/rfi_00664.fits,1129471347,,,,,,,,persistent_narrowband
rfi_00665,RFI,dataset/fits/rfi/rfi_00665.fits,1955158624,,,,,,,,point_to_point_microwave
rfi_00666,RFI,dataset/fits/rfi/rfi_00666.fits,981245580,,,,,,,,wifi_multiband
rfi_00667,RFI,dataset/fits/rfi/rfi_00667.fits,32958717,,,,,,,,impulsive_broadband
rfi_00668,RFI,dataset/fits/rfi/rfi_00668.fits,1551436306,,,,,,,,persistent_narrowband
rfi_00669,RFI,dataset/fits/rfi/rfi_00669.fits,309571400,,,,,,,,persistent_narrowband
rfi_00670,RFI,dataset/fits/rfi/rfi_00670.fits,880422376,,,,,,,,point_to_point_microwave
rfi_00671,RFI,dataset/fits/rfi/rfi_00671.fits,1870314309,,,,,,,,point_to_point_microwave
rfi_00672,RFI,dataset/fits/rfi/rfi_00672.fits,1406132184,,,,,,,,persistent_narrowband
rfi_00673,RFI,dataset/fits/rfi/rfi_00673.fits,2082966362,,,,,,,,wifi_multiband
rfi_00674,RFI,dataset/fits/rfi/rfi_00674.fits,331488200,,,,,,,,persistent_narrowband
rfi_00675,RFI,dataset/fits/rfi/rfi_00675.fits,160692447,,,,,,,,point_to_point_microwave
rfi_00676,RFI,dataset/fits/rfi/rfi_00676.fits,1008223385,,,,,,,,point_to_point_microwave
rfi_00677,RFI,dataset/fits/rfi/rfi_00677.fits,1678312776,,,,,,,,impulsive_broadband
rfi_00678,RFI,dataset/fits/rfi/rfi_00678.fits,2081348945,,,,,,,,persistent_narrowband
rfi_00679,RFI,dataset/fits/rfi/rfi_00679.fits,569132089,,,,,,,,impulsive_broadband
rfi_00680,RFI,dataset/fits/rfi/rfi_00680.fits,727054713,,,,,,,,persistent_narrowband
rfi_00681,RFI,dataset/fits/rfi/rfi_00681.fits,1338439372,,,,,,,,wifi_multiband
rfi_00682,RFI,dataset/fits/rfi/rfi_00682.fits,1487571807,,,,,,,,impulsive_broadband
rfi_00683,RFI,dataset/fits/rfi/rfi_00683.fits,853588939,,,,,,,,point_to_point_microwave
rfi_00684,RFI,dataset/fits/rfi/rfi_00684.fits,1395513594,,,,,,,,wifi_multiband
rfi_00685,RFI,dataset/fits/rfi/rfi_00685.fits,172475835,,,,,,,,impulsive_broadband
rfi_00686,RFI,dataset/fits/rfi/rfi_00686.fits,1829152048,,,,,,,,point_to_point_microwave
rfi_00687,RFI,dataset/fits/rfi/rfi_00687.fits,705589223,,,,,,,,satellite_like_inband
rfi_00688,RFI,dataset/fits/rfi/rfi_00688.fits,1830389073,,,,,,,,wifi_multiband
rfi_00689,RFI,dataset/fits/rfi/rfi_00689.fits,1448171685,,,,,,,,persistent_narrowband
rfi_00690,RFI,dataset/fits/rfi/rfi_00690.fits,1845423296,,,,,,,,persistent_narrowband
rfi_00691,RFI,dataset/fits/rfi/rfi_00691.fits,1145945195,,,,,,,,point_to_point_microwave
rfi_00692,RFI,dataset/fits/rfi/rfi_00692.fits,816063962,,,,,,,,wifi_multiband
rfi_00693,RFI,dataset/fits/rfi/rfi_00693.fits,2048999174,,,,,,,,impulsive_broadband
rfi_00694,RFI,dataset/fits/rfi/rfi_00694.fits,680024650,,,,,,,,wifi_multiband
rfi_00695,RFI,dataset/fits/rfi/rfi_00695.fits,1346040980,,,,,,,,persistent_narrowband
rfi_00696,RFI,dataset/fits/rfi/rfi_00696.fits,1543433913,,,,,,,,point_to_point_microwave
rfi_00697,RFI,dataset/fits/rfi/rfi_00697.fits,1905760050,,,,,,,,impulsive_broadband
rfi_00698,RFI,dataset/fits/rfi/rfi_00698.fits,1630802976,,,,,,,,point_to_point_microwave
rfi_00699,RFI,dataset/fits/rfi/rfi_00699.fits,1047859235,,,,,,,,point_to_point_microwave
rfi_00700,RFI,dataset/fits/rfi/rfi_00700.fits,1873428265,,,,,,,,satellite_like_inband
rfi_00701,RFI,dataset/fits/rfi/rfi_00701.fits,1161823047,,,,,,,,satellite_like_inband
rfi_00702,RFI,dataset/fits/rfi/rfi_00702.fits,77092732,,,,,,,,point_to_point_microwave
rfi_00703,RFI,dataset/fits/rfi/rfi_00703.fits,1325984103,,,,,,,,impulsive_broadband
rfi_00704,RFI,dataset/fits/rfi/rfi_00704.fits,146932439,,,,,,,,impulsive_broadband
rfi_00705,RFI,dataset/fits/rfi/rfi_00705.fits,504165263,,,,,,,,wifi_multiband
rfi_00706,RFI,dataset/fits/rfi/rfi_00706.fits,1355407962,,,,,,,,persistent_narrowband
rfi_00707,RFI,dataset/fits/rfi/rfi_00707.fits,1469736883,,,,,,,,wifi_multiband
rfi_00708,RFI,dataset/fits/rfi/rfi_00708.fits,1977680184,,,,,,,,satellite_like_inband
rfi_00709,RFI,dataset/fits/rfi/rfi_00709.fits,617141710,,,,,,,,persistent_narrowband
rfi_00710,RFI,dataset/fits/rfi/rfi_00710.fits,2141955862,,,,,,,,persistent_narrowband
rfi_00711,RFI,dataset/fits/rfi/rfi_00711.fits,488523065,,,,,,,,wifi_multiband
rfi_00712,RFI,dataset/fits/rfi/rfi_00712.fits,1603668561,,,,,,,,impulsive_broadband
rfi_00713,RFI,dataset/fits/rfi/rfi_00713.fits,194088143,,,,,,,,satellite_like_inband
rfi_00714,RFI,dataset/fits/rfi/rfi_00714.fits,931946629,,,,,,,,impulsive_broadband
rfi_00715,RFI,dataset/fits/rfi/rfi_00715.fits,2100964273,,,,,,,,persistent_narrowband
rfi_00716,RFI,dataset/fits/rfi/rfi_00716.fits,211404999,,,,,,,,impulsive_broadband
rfi_00717,RFI,dataset/fits/rfi/rfi_00717.fits,1632881477,,,,,,,,satellite_like_inband
rfi_00718,RFI,dataset/fits/rfi/rfi_00718.fits,1360963096,,,,,,,,wifi_multiband
rfi_00719,RFI,dataset/fits/rfi/rfi_00719.fits,1511594041,,,,,,,,wifi_multiband
rfi_00720,RFI,dataset/fits/rfi/rfi_00720.fits,1873849647,,,,,,,,satellite_like_inband
rfi_00721,RFI,dataset/fits/rfi/rfi_00721.fits,215837656,,,,,,,,impulsive_broadband
rfi_00722,RFI,dataset/fits/rfi/rfi_00722.fits,952792434,,,,,,,,point_to_point_microwave
rfi_00723,RFI,dataset/fits/rfi/rfi_00723.fits,357265650,,,,,,,,point_to_point_microwave
rfi_00724,RFI,dataset/fits/rfi/rfi_00724.fits,1490356150,,,,,,,,point_to_point_microwave
rfi_00725,RFI,dataset/fits/rfi/rfi_00725.fits,643098500,,,,,,,,persistent_narrowband
rfi_00726,RFI,dataset/fits/rfi/rfi_00726.fits,1940088413,,,,,,,,satellite_like_inband
rfi_00727,RFI,dataset/fits/rfi/rfi_00727.fits,62163760,,,,,,,,wifi_multiband
rfi_00728,RFI,dataset/fits/rfi/rfi_00728.fits,98764852,,,,,,,,point_to_point_microwave
rfi_00729,RFI,dataset/fits/rfi/rfi_00729.fits,696589296,,,,,,,,wifi_multiband
rfi_00730,RFI,dataset/fits/rfi/rfi_00730.fits,1709705082,,,,,,,,persistent_narrowband
rfi_00731,RFI,dataset/fits/rfi/rfi_00731.fits,120515122,,,,,,,,point_to_point_microwave
rfi_00732,RFI,dataset/fits/rfi/rfi_00732.fits,630002510,,,,,,,,satellite_like_inband
rfi_00733,RFI,dataset/fits/rfi/rfi_00733.fits,769794169,,,,,,,,point_to_point_microwave
rfi_00734,RFI,dataset/fits/rfi/rfi_00734.fits,804965110,,,,,,,,wifi_multiband
rfi_00735,RFI,dataset/fits/rfi/rfi_00735.fits,924892836,,,,,,,,impulsive_broadband
rfi_00736,RFI,dataset/fits/rfi/rfi_00736.fits,312608753,,,,,,,,wifi_multiband
rfi_00737,RFI,dataset/fits/rfi/rfi_00737.fits,524410000,,,,,,,,persistent_narrowband
rfi_00738,RFI,dataset/fits/rfi/rfi_00738.fits,1140670990,,,,,,,,satellite_like_inband
rfi_00739,RFI,dataset/fits/rfi/rfi_00739.fits,884874386,,,,,,,,wifi_multiband
rfi_00740,RFI,dataset/fits/rfi/rfi_00740.fits,1215321262,,,,,,,,wifi_multiband
rfi_00741,RFI,dataset/fits/rfi/rfi_00741.fits,1464155146,,,,,,,,satellite_like_inband
rfi_00742,RFI,dataset/fits/rfi/rfi_00742.fits,1701922612,,,,,,,,wifi_multiband
rfi_00743,RFI,dataset/fits/rfi/rfi_00743.fits,386669227,,,,,,,,persistent_narrowband
rfi_00744,RFI,dataset/fits/rfi/rfi_00744.fits,365037108,,,,,,,,persistent_narrowband
rfi_00745,RFI,dataset/fits/rfi/rfi_00745.fits,375958582,,,,,,,,persistent_narrowband
rfi_00746,RFI,dataset/fits/rfi/rfi_00746.fits,169583237,,,,,,,,point_to_point_microwave
rfi_00747,RFI,dataset/fits/rfi/rfi_00747.fits,1308873641,,,,,,,,wifi_multiband
rfi_00748,RFI,dataset/fits/rfi/rfi_00748.fits,1870113800,,,,,,,,wifi_multiband
rfi_00749,RFI,dataset/fits/rfi/rfi_00749.fits,821507630,,,,,,,,persistent_narrowband
rfi_00750,RFI,dataset/fits/rfi/rfi_00750.fits,1330817878,,,,,,,,wifi_multiband
rfi_00751,RFI,dataset/fits/rfi/rfi_00751.fits,1467020342,,,,,,,,impulsive_broadband
rfi_00752,RFI,dataset/fits/rfi/rfi_00752.fits,517178044,,,,,,,,impulsive_broadband
rfi_00753,RFI,dataset/fits/rfi/rfi_00753.fits,1068732279,,,,,,,,point_to_point_microwave
rfi_00754,RFI,dataset/fits/rfi/rfi_00754.fits,1960285391,,,,,,,,satellite_like_inband
rfi_00755,RFI,dataset/fits/rfi/rfi_00755.fits,1252320409,,,,,,,,satellite_like_inband
rfi_00756,RFI,dataset/fits/rfi/rfi_00756.fits,307342970,,,,,,,,satellite_like_inband
rfi_00757,RFI,dataset/fits/rfi/rfi_00757.fits,498620881,,,,,,,,impulsive_broadband
rfi_00758,RFI,dataset/fits/rfi/rfi_00758.fits,990311902,,,,,,,,persistent_narrowband
rfi_00759,RFI,dataset/fits/rfi/rfi_00759.fits,1369889763,,,,,,,,point_to_point_microwave
rfi_00760,RFI,dataset/fits/rfi/rfi_00760.fits,545412187,,,,,,,,wifi_multiband
rfi_00761,RFI,dataset/fits/rfi/rfi_00761.fits,986920129,,,,,,,,satellite_like_inband
rfi_00762,RFI,dataset/fits/rfi/rfi_00762.fits,548309926,,,,,,,,wifi_multiband
rfi_00763,RFI,dataset/fits/rfi/rfi_00763.fits,1432029541,,,,,,,,wifi_multiband
rfi_00764,RFI,dataset/fits/rfi/rfi_00764.fits,20180826,,,,,,,,persistent_narrowband
rfi_00765,RFI,dataset/fits/rfi/rfi_00765.fits,1930391369,,,,,,,,impulsive_broadband
rfi_00766,RFI,dataset/fits/rfi/rfi_00766.fits,1727936369,,,,,,,,persistent_narrowband
rfi_00767,RFI,dataset/fits/rfi/rfi_00767.fits,999123755,,,,,,,,satellite_like_inband
rfi_00768,RFI,dataset/fits/rfi/rfi_00768.fits,1935332503,,,,,,,,satellite_like_inband
rfi_00769,RFI,dataset/fits/rfi/rfi_00769.fits,617684293,,,,,,,,impulsive_broadband
rfi_00770,RFI,dataset/fits/rfi/rfi_00770.fits,1455158296,,,,,,,,impulsive_broadband
rfi_00771,RFI,dataset/fits/rfi/rfi_00771.fits,1173810570,,,,,,,,impulsive_broadband
rfi_00772,RFI,dataset/fits/rfi/rfi_00772.fits,339250074,,,,,,,,impulsive_broadband
rfi_00773,RFI,dataset/fits/rfi/rfi_00773.fits,158617225,,,,,,,,persistent_narrowband
rfi_00774,RFI,dataset/fits/rfi/rfi_00774.fits,948607482,,,,,,,,persistent_narrowband
rfi_00775,RFI,dataset/fits/rfi/rfi_00775.fits,2029878067,,,,,,,,point_to_point_microwave
rfi_00776,RFI,dataset/fits/rfi/rfi_00776.fits,742096517,,,,,,,,persistent_narrowband
rfi_00777,RFI,dataset/fits/rfi/rfi_00777.fits,2120965862,,,,,,,,satellite_like_inband
rfi_00778,RFI,dataset/fits/rfi/rfi_00778.fits,1261800627,,,,,,,,persistent_narrowband
rfi_00779,RFI,dataset/fits/rfi/rfi_00779.fits,642428854,,,,,,,,persistent_narrowband
rfi_00780,RFI,dataset/fits/rfi/rfi_00780.fits,1372110413,,,,,,,,satellite_like_inband
rfi_00781,RFI,dataset/fits/rfi/rfi_00781.fits,2065941700,,,,,,,,satellite_like_inband
rfi_00782,RFI,dataset/fits/rfi/rfi_00782.fits,911196509,,,,,,,,point_to_point_microwave
rfi_00783,RFI,dataset/fits/rfi/rfi_00783.fits,1482436984,,,,,,,,impulsive_broadband
rfi_00784,RFI,dataset/fits/rfi/rfi_00784.fits,537081850,,,,,,,,wifi_multiband
rfi_00785,RFI,dataset/fits/rfi/rfi_00785.fits,981047426,,,,,,,,persistent_narrowband
rfi_00786,RFI,dataset/fits/rfi/rfi_00786.fits,1815276366,,,,,,,,point_to_point_microwave
rfi_00787,RFI,dataset/fits/rfi/rfi_00787.fits,648801345,,,,,,,,wifi_multiband
rfi_00788,RFI,dataset/fits/rfi/rfi_00788.fits,427815243,,,,,,,,wifi_multiband
rfi_00789,RFI,dataset/fits/rfi/rfi_00789.fits,2146138394,,,,,,,,satellite_like_inband
rfi_00790,RFI,dataset/fits/rfi/rfi_00790.fits,826122449,,,,,,,,persistent_narrowband
rfi_00791,RFI,dataset/fits/rfi/rfi_00791.fits,1832523946,,,,,,,,point_to_point_microwave
rfi_00792,RFI,dataset/fits/rfi/rfi_00792.fits,1037681411,,,,,,,,persistent_narrowband
rfi_00793,RFI,dataset/fits/rfi/rfi_00793.fits,229036160,,,,,,,,satellite_like_inband
rfi_00794,RFI,dataset/fits/rfi/rfi_00794.fits,509395369,,,,,,,,wifi_multiband
rfi_00795,RFI,dataset/fits/rfi/rfi_00795.fits,818973589,,,,,,,,wifi_multiband
rfi_00796,RFI,dataset/fits/rfi/rfi_00796.fits,1228194637,,,,,,,,satellite_like_inband
rfi_00797,RFI,dataset/fits/rfi/rfi_00797.fits,770858921,,,,,,,,wifi_multiband
rfi_00798,RFI,dataset/fits/rfi/rfi_00798.fits,1234399231,,,,,,,,point_to_point_microwave
rfi_00799,RFI,dataset/fits/rfi/rfi_00799.fits,635381120,,,,,,,,satellite_like_inband
rfi_00800,RFI,dataset/fits/rfi/rfi_00800.fits,2131789929,,,,,,,,satellite_like_inband
rfi_00801,RFI,dataset/fits/rfi/rfi_00801.fits,1501690397,,,,,,,,wifi_multiband
rfi_00802,RFI,dataset/fits/rfi/rfi_00802.fits,634003225,,,,,,,,wifi_multiband
rfi_00803,RFI,dataset/fits/rfi/rfi_00803.fits,47114927,,,,,,,,wifi_multiband
rfi_00804,RFI,dataset/fits/rfi/rfi_00804.fits,2100119782,,,,,,,,persistent_narrowband
rfi_00805,RFI,dataset/fits/rfi/rfi_00805.fits,1782492094,,,,,,,,persistent_narrowband
rfi_00806,RFI,dataset/fits/rfi/rfi_00806.fits,1413537770,,,,,,,,satellite_like_inband
rfi_00807,RFI,dataset/fits/rfi/rfi_00807.fits,849986367,,,,,,,,satellite_like_inband
rfi_00808,RFI,dataset/fits/rfi/rfi_00808.fits,589442139,,,,,,,,point_to_point_microwave
rfi_00809,RFI,dataset/fits/rfi/rfi_00809.fits,17390251,,,,,,,,persistent_narrowband
rfi_00810,RFI,dataset/fits/rfi/rfi_00810.fits,1215323312,,,,,,,,persistent_narrowband
rfi_00811,RFI,dataset/fits/rfi/rfi_00811.fits,1857718093,,,,,,,,satellite_like_inband
rfi_00812,RFI,dataset/fits/rfi/rfi_00812.fits,1472743199,,,,,,,,point_to_point_microwave
rfi_00813,RFI,dataset/fits/rfi/rfi_00813.fits,1671411470,,,,,,,,persistent_narrowband
rfi_00814,RFI,dataset/fits/rfi/rfi_00814.fits,1599164160,,,,,,,,satellite_like_inband
rfi_00815,RFI,dataset/fits/rfi/rfi_00815.fits,2090796139,,,,,,,,point_to_point_microwave
rfi_00816,RFI,dataset/fits/rfi/rfi_00816.fits,105321714,,,,,,,,satellite_like_inband
rfi_00817,RFI,dataset/fits/rfi/rfi_00817.fits,1955535016,,,,,,,,wifi_multiband
rfi_00818,RFI,dataset/fits/rfi/rfi_00818.fits,1302248031,,,,,,,,persistent_narrowband
rfi_00819,RFI,dataset/fits/rfi/rfi_00819.fits,1600245020,,,,,,,,point_to_point_microwave
rfi_00820,RFI,dataset/fits/rfi/rfi_00820.fits,1066713723,,,,,,,,wifi_multiband
rfi_00821,RFI,dataset/fits/rfi/rfi_00821.fits,1788507919,,,,,,,,point_to_point_microwave
rfi_00822,RFI,dataset/fits/rfi/rfi_00822.fits,1941658692,,,,,,,,satellite_like_inband
rfi_00823,RFI,dataset/fits/rfi/rfi_00823.fits,1939037970,,,,,,,,impulsive_broadband
rfi_00824,RFI,dataset/fits/rfi/rfi_00824.fits,614597262,,,,,,,,point_to_point_microwave
rfi_00825,RFI,dataset/fits/rfi/rfi_00825.fits,1665891060,,,,,,,,point_to_point_microwave
rfi_00826,RFI,dataset/fits/rfi/rfi_00826.fits,1715539054,,,,,,,,wifi_multiband
rfi_00827,RFI,dataset/fits/rfi/rfi_00827.fits,494175488,,,,,,,,wifi_multiband
rfi_00828,RFI,dataset/fits/rfi/rfi_00828.fits,1303662149,,,,,,,,point_to_point_microwave
rfi_00829,RFI,dataset/fits/rfi/rfi_00829.fits,1722135765,,,,,,,,persistent_narrowband
rfi_00830,RFI,dataset/fits/rfi/rfi_00830.fits,756603495,,,,,,,,impulsive_broadband
rfi_00831,RFI,dataset/fits/rfi/rfi_00831.fits,470308660,,,,,,,,satellite_like_inband
rfi_00832,RFI,dataset/fits/rfi/rfi_00832.fits,1367126482,,,,,,,,point_to_point_microwave
rfi_00833,RFI,dataset/fits/rfi/rfi_00833.fits,408305342,,,,,,,,persistent_narrowband
rfi_00834,RFI,dataset/fits/rfi/rfi_00834.fits,1333353632,,,,,,,,persistent_narrowband
rfi_00835,RFI,dataset/fits/rfi/rfi_00835.fits,538216951,,,,,,,,persistent_narrowband
rfi_00836,RFI,dataset/fits/rfi/rfi_00836.fits,1455488095,,,,,,,,wifi_multiband
rfi_00837,RFI,dataset/fits/rfi/rfi_00837.fits,1622589943,,,,,,,,satellite_like_inband
rfi_00838,RFI,dataset/fits/rfi/rfi_00838.fits,1548181901,,,,,,,,satellite_like_inband
rfi_00839,RFI,dataset/fits/rfi/rfi_00839.fits,1648130937,,,,,,,,wifi_multiband
rfi_00840,RFI,dataset/fits/rfi/rfi_00840.fits,1415581571,,,,,,,,impulsive_broadband
rfi_00841,RFI,dataset/fits/rfi/rfi_00841.fits,1462125184,,,,,,,,persistent_narrowband
rfi_00842,RFI,dataset/fits/rfi/rfi_00842.fits,1800315257,,,,,,,,satellite_like_inband
rfi_00843,RFI,dataset/fits/rfi/rfi_00843.fits,293731172,,,,,,,,impulsive_broadband
rfi_00844,RFI,dataset/fits/rfi/rfi_00844.fits,1349152543,,,,,,,,impulsive_broadband
rfi_00845,RFI,dataset/fits/rfi/rfi_00845.fits,208657951,,,,,,,,wifi_multiband
rfi_00846,RFI,dataset/fits/rfi/rfi_00846.fits,1940044675,,,,,,,,satellite_like_inband
rfi_00847,RFI,dataset/fits/rfi/rfi_00847.fits,1347456029,,,,,,,,impulsive_broadband
rfi_00848,RFI,dataset/fits/rfi/rfi_00848.fits,1388005897,,,,,,,,wifi_multiband
rfi_00849,RFI,dataset/fits/rfi/rfi_00849.fits,84659344,,,,,,,,satellite_like_inband
rfi_00850,RFI,dataset/fits/rfi/rfi_00850.fits,663428305,,,,,,,,wifi_multiband
rfi_00851,RFI,dataset/fits/rfi/rfi_00851.fits,1693528123,,,,,,,,persistent_narrowband
rfi_00852,RFI,dataset/fits/rfi/rfi_00852.fits,946660605,,,,,,,,satellite_like_inband
rfi_00853,RFI,dataset/fits/rfi/rfi_00853.fits,71649783,,,,,,,,impulsive_broadband
rfi_00854,RFI,dataset/fits/rfi/rfi_00854.fits,1244625267,,,,,,,,wifi_multiband
rfi_00855,RFI,dataset/fits/rfi/rfi_00855.fits,783533529,,,,,,,,point_to_point_microwave
rfi_00856,RFI,dataset/fits/rfi/rfi_00856.fits,1572730626,,,,,,,,point_to_point_microwave
rfi_00857,RFI,dataset/fits/rfi/rfi_00857.fits,282204712,,,,,,,,persistent_narrowband
rfi_00858,RFI,dataset/fits/rfi/rfi_00858.fits,193559948,,,,,,,,wifi_multiband
rfi_00859,RFI,dataset/fits/rfi/rfi_00859.fits,1953410862,,,,,,,,impulsive_broadband
rfi_00860,RFI,dataset/fits/rfi/rfi_00860.fits,633744879,,,,,,,,wifi_multiband
rfi_00861,RFI,dataset/fits/rfi/rfi_00861.fits,701623982,,,,,,,,wifi_multiband
rfi_00862,RFI,dataset/fits/rfi/rfi_00862.fits,1605202932,,,,,,,,impulsive_broadband
rfi_00863,RFI,dataset/fits/rfi/rfi_00863.fits,892286097,,,,,,,,impulsive_broadband
rfi_00864,RFI,dataset/fits/rfi/rfi_00864.fits,377184187,,,,,,,,satellite_like_inband
rfi_00865,RFI,dataset/fits/rfi/rfi_00865.fits,431203547,,,,,,,,persistent_narrowband
rfi_00866,RFI,dataset/fits/rfi/rfi_00866.fits,283811001,,,,,,,,impulsive_broadband
rfi_00867,RFI,dataset/fits/rfi/rfi_00867.fits,1689023408,,,,,,,,wifi_multiband
rfi_00868,RFI,dataset/fits/rfi/rfi_00868.fits,1158369335,,,,,,,,satellite_like_inband
rfi_00869,RFI,dataset/fits/rfi/rfi_00869.fits,1882184799,,,,,,,,satellite_like_inband
rfi_00870,RFI,dataset/fits/rfi/rfi_00870.fits,2086257990,,,,,,,,impulsive_broadband
rfi_00871,RFI,dataset/fits/rfi/rfi_00871.fits,785673066,,,,,,,,impulsive_broadband
rfi_00872,RFI,dataset/fits/rfi/rfi_00872.fits,1139996800,,,,,,,,point_to_point_microwave
rfi_00873,RFI,dataset/fits/rfi/rfi_00873.fits,1077596048,,,,,,,,impulsive_broadband
rfi_00874,RFI,dataset/fits/rfi/rfi_00874.fits,1961698342,,,,,,,,impulsive_broadband
rfi_00875,RFI,dataset/fits/rfi/rfi_00875.fits,585248032,,,,,,,,impulsive_broadband
rfi_00876,RFI,dataset/fits/rfi/rfi_00876.fits,1783426381,,,,,,,,wifi_multiband
rfi_00877,RFI,dataset/fits/rfi/rfi_00877.fits,353356462,,,,,,,,persistent_narrowband
rfi_00878,RFI,dataset/fits/rfi/rfi_00878.fits,551839047,,,,,,,,point_to_point_microwave
rfi_00879,RFI,dataset/fits/rfi/rfi_00879.fits,1962905176,,,,,,,,satellite_like_inband
rfi_00880,RFI,dataset/fits/rfi/rfi_00880.fits,1771007886,,,,,,,,point_to_point_microwave
rfi_00881,RFI,dataset/fits/rfi/rfi_00881.fits,2027627904,,,,,,,,persistent_narrowband
rfi_00882,RFI,dataset/fits/rfi/rfi_00882.fits,1034760334,,,,,,,,impulsive_broadband
rfi_00883,RFI,dataset/fits/rfi/rfi_00883.fits,2077441483,,,,,,,,wifi_multiband
rfi_00884,RFI,dataset/fits/rfi/rfi_00884.fits,1731920855,,,,,,,,point_to_point_microwave
rfi_00885,RFI,dataset/fits/rfi/rfi_00885.fits,633811435,,,,,,,,wifi_multiband
rfi_00886,RFI,dataset/fits/rfi/rfi_00886.fits,1603223988,,,,,,,,impulsive_broadband
rfi_00887,RFI,dataset/fits/rfi/rfi_00887.fits,1869163241,,,,,,,,wifi_multiband
rfi_00888,RFI,dataset/fits/rfi/rfi_00888.fits,727385471,,,,,,,,satellite_like_inband
rfi_00889,RFI,dataset/fits/rfi/rfi_00889.fits,1727076239,,,,,,,,point_to_point_microwave
rfi_00890,RFI,dataset/fits/rfi/rfi_00890.fits,247325066,,,,,,,,point_to_point_microwave
rfi_00891,RFI,dataset/fits/rfi/rfi_00891.fits,1005733988,,,,,,,,satellite_like_inband
rfi_00892,RFI,dataset/fits/rfi/rfi_00892.fits,2067797614,,,,,,,,persistent_narrowband
rfi_00893,RFI,dataset/fits/rfi/rfi_00893.fits,161704149,,,,,,,,satellite_like_inband
rfi_00894,RFI,dataset/fits/rfi/rfi_00894.fits,302273391,,,,,,,,wifi_multiband
rfi_00895,RFI,dataset/fits/rfi/rfi_00895.fits,1619527988,,,,,,,,persistent_narrowband
rfi_00896,RFI,dataset/fits/rfi/rfi_00896.fits,2075543408,,,,,,,,impulsive_broadband
rfi_00897,RFI,dataset/fits/rfi/rfi_00897.fits,484503858,,,,,,,,point_to_point_microwave
rfi_00898,RFI,dataset/fits/rfi/rfi_00898.fits,1847137868,,,,,,,,impulsive_broadband
rfi_00899,RFI,dataset/fits/rfi/rfi_00899.fits,1452394140,,,,,,,,persistent_narrowband
rfi_00900,RFI,dataset/fits/rfi/rfi_00900.fits,1555243542,,,,,,,,point_to_point_microwave
rfi_00901,RFI,dataset/fits/rfi/rfi_00901.fits,1448276351,,,,,,,,wifi_multiband
rfi_00902,RFI,dataset/fits/rfi/rfi_00902.fits,2104409938,,,,,,,,satellite_like_inband
rfi_00903,RFI,dataset/fits/rfi/rfi_00903.fits,853434682,,,,,,,,satellite_like_inband
rfi_00904,RFI,dataset/fits/rfi/rfi_00904.fits,2077195961,,,,,,,,wifi_multiband
rfi_00905,RFI,dataset/fits/rfi/rfi_00905.fits,1816222433,,,,,,,,persistent_narrowband
rfi_00906,RFI,dataset/fits/rfi/rfi_00906.fits,1727838804,,,,,,,,persistent_narrowband
rfi_00907,RFI,dataset/fits/rfi/rfi_00907.fits,1196819738,,,,,,,,point_to_point_microwave
rfi_00908,RFI,dataset/fits/rfi/rfi_00908.fits,785495950,,,,,,,,impulsive_broadband
rfi_00909,RFI,dataset/fits/rfi/rfi_00909.fits,193923943,,,,,,,,impulsive_broadband
rfi_00910,RFI,dataset/fits/rfi/rfi_00910.fits,1697976595,,,,,,,,satellite_like_inband
rfi_00911,RFI,dataset/fits/rfi/rfi_00911.fits,847342418,,,,,,,,point_to_point_microwave
rfi_00912,RFI,dataset/fits/rfi/rfi_00912.fits,29890095,,,,,,,,persistent_narrowband
rfi_00913,RFI,dataset/fits/rfi/rfi_00913.fits,567920475,,,,,,,,point_to_point_microwave
rfi_00914,RFI,dataset/fits/rfi/rfi_00914.fits,1152280269,,,,,,,,satellite_like_inband
rfi_00915,RFI,dataset/fits/rfi/rfi_00915.fits,265404789,,,,,,,,satellite_like_inband
rfi_00916,RFI,dataset/fits/rfi/rfi_00916.fits,976645564,,,,,,,,point_to_point_microwave
rfi_00917,RFI,dataset/fits/rfi/rfi_00917.fits,791531679,,,,,,,,point_to_point_microwave
rfi_00918,RFI,dataset/fits/rfi/rfi_00918.fits,1444887943,,,,,,,,persistent_narrowband
rfi_00919,RFI,dataset/fits/rfi/rfi_00919.fits,1608490174,,,,,,,,point_to_point_microwave
rfi_00920,RFI,dataset/fits/rfi/rfi_00920.fits,1443840877,,,,,,,,satellite_like_inband
rfi_00921,RFI,dataset/fits/rfi/rfi_00921.fits,562987344,,,,,,,,satellite_like_inband
rfi_00922,RFI,dataset/fits/rfi/rfi_00922.fits,1255333246,,,,,,,,impulsive_broadband
rfi_00923,RFI,dataset/fits/rfi/rfi_00923.fits,818246019,,,,,,,,satellite_like_inband
rfi_00924,RFI,dataset/fits/rfi/rfi_00924.fits,1766127702,,,,,,,,wifi_multiband
rfi_00925,RFI,dataset/fits/rfi/rfi_00925.fits,1371274105,,,,,,,,point_to_point_microwave
rfi_00926,RFI,dataset/fits/rfi/rfi_00926.fits,2019261472,,,,,,,,impulsive_broadband
rfi_00927,RFI,dataset/fits/rfi/rfi_00927.fits,797733570,,,,,,,,wifi_multiband
rfi_00928,RFI,dataset/fits/rfi/rfi_00928.fits,232671484,,,,,,,,point_to_point_microwave
rfi_00929,RFI,dataset/fits/rfi/rfi_00929.fits,1449200465,,,,,,,,impulsive_broadband
rfi_00930,RFI,dataset/fits/rfi/rfi_00930.fits,502128720,,,,,,,,impulsive_broadband
rfi_00931,RFI,dataset/fits/rfi/rfi_00931.fits,1012488869,,,,,,,,point_to_point_microwave
rfi_00932,RFI,dataset/fits/rfi/rfi_00932.fits,53740024,,,,,,,,point_to_point_microwave
rfi_00933,RFI,dataset/fits/rfi/rfi_00933.fits,1330466754,,,,,,,,point_to_point_microwave
rfi_00934,RFI,dataset/fits/rfi/rfi_00934.fits,1898879862,,,,,,,,satellite_like_inband
rfi_00935,RFI,dataset/fits/rfi/rfi_00935.fits,2025440300,,,,,,,,persistent_narrowband
rfi_00936,RFI,dataset/fits/rfi/rfi_00936.fits,1205613171,,,,,,,,satellite_like_inband
rfi_00937,RFI,dataset/fits/rfi/rfi_00937.fits,704388118,,,,,,,,persistent_narrowband
rfi_00938,RFI,dataset/fits/rfi/rfi_00938.fits,1965497100,,,,,,,,wifi_multiband
rfi_00939,RFI,dataset/fits/rfi/rfi_00939.fits,1310141552,,,,,,,,impulsive_broadband
rfi_00940,RFI,dataset/fits/rfi/rfi_00940.fits,475382439,,,,,,,,wifi_multiband
rfi_00941,RFI,dataset/fits/rfi/rfi_00941.fits,1390822908,,,,,,,,persistent_narrowband
rfi_00942,RFI,dataset/fits/rfi/rfi_00942.fits,135757555,,,,,,,,persistent_narrowband
rfi_00943,RFI,dataset/fits/rfi/rfi_00943.fits,1364519533,,,,,,,,wifi_multiband
rfi_00944,RFI,dataset/fits/rfi/rfi_00944.fits,1769215901,,,,,,,,satellite_like_inband
rfi_00945,RFI,dataset/fits/rfi/rfi_00945.fits,997006929,,,,,,,,wifi_multiband
rfi_00946,RFI,dataset/fits/rfi/rfi_00946.fits,1952895079,,,,,,,,impulsive_broadband
rfi_00947,RFI,dataset/fits/rfi/rfi_00947.fits,1505551760,,,,,,,,point_to_point_microwave
rfi_00948,RFI,dataset/fits/rfi/rfi_00948.fits,648948452,,,,,,,,wifi_multiband
rfi_00949,RFI,dataset/fits/rfi/rfi_00949.fits,1394231101,,,,,,,,impulsive_broadband
rfi_00950,RFI,dataset/fits/rfi/rfi_00950.fits,876808686,,,,,,,,wifi_multiband
rfi_00951,RFI,dataset/fits/rfi/rfi_00951.fits,250559669,,,,,,,,persistent_narrowband
rfi_00952,RFI,dataset/fits/rfi/rfi_00952.fits,300168857,,,,,,,,point_to_point_microwave
rfi_00953,RFI,dataset/fits/rfi/rfi_00953.fits,97381531,,,,,,,,wifi_multiband
rfi_00954,RFI,dataset/fits/rfi/rfi_00954.fits,2032081183,,,,,,,,wifi_multiband
rfi_00955,RFI,dataset/fits/rfi/rfi_00955.fits,79912438,,,,,,,,persistent_narrowband
rfi_00956,RFI,dataset/fits/rfi/rfi_00956.fits,653617955,,,,,,,,satellite_like_inband
rfi_00957,RFI,dataset/fits/rfi/rfi_00957.fits,2138737748,,,,,,,,persistent_narrowband
rfi_00958,RFI,dataset/fits/rfi/rfi_00958.fits,1057903313,,,,,,,,persistent_narrowband
rfi_00959,RFI,dataset/fits/rfi/rfi_00959.fits,249366836,,,,,,,,point_to_point_microwave
rfi_00960,RFI,dataset/fits/rfi/rfi_00960.fits,208718233,,,,,,,,point_to_point_microwave
rfi_00961,RFI,dataset/fits/rfi/rfi_00961.fits,504229223,,,,,,,,persistent_narrowband
rfi_00962,RFI,dataset/fits/rfi/rfi_00962.fits,1905374862,,,,,,,,impulsive_broadband
rfi_00963,RFI,dataset/fits/rfi/rfi_00963.fits,1154372546,,,,,,,,satellite_like_inband
rfi_00964,RFI,dataset/fits/rfi/rfi_00964.fits,291336328,,,,,,,,satellite_like_inband
rfi_00965,RFI,dataset/fits/rfi/rfi_00965.fits,834610561,,,,,,,,point_to_point_microwave
rfi_00966,RFI,dataset/fits/rfi/rfi_00966.fits,974192548,,,,,,,,persistent_narrowband
rfi_00967,RFI,dataset/fits/rfi/rfi_00967.fits,796741166,,,,,,,,point_to_point_microwave
rfi_00968,RFI,dataset/fits/rfi/rfi_00968.fits,1439858178,,,,,,,,persistent_narrowband
rfi_00969,RFI,dataset/fits/rfi/rfi_00969.fits,2038779674,,,,,,,,point_to_point_microwave
rfi_00970,RFI,dataset/fits/rfi/rfi_00970.fits,1595881260,,,,,,,,wifi_multiband
rfi_00971,RFI,dataset/fits/rfi/rfi_00971.fits,1495687976,,,,,,,,persistent_narrowband
rfi_00972,RFI,dataset/fits/rfi/rfi_00972.fits,2031463885,,,,,,,,persistent_narrowband
rfi_00973,RFI,dataset/fits/rfi/rfi_00973.fits,1160054551,,,,,,,,persistent_narrowband
rfi_00974,RFI,dataset/fits/rfi/rfi_00974.fits,900067849,,,,,,,,satellite_like_inband
rfi_00975,RFI,dataset/fits/rfi/rfi_00975.fits,1261303792,,,,,,,,point_to_point_microwave
rfi_00976,RFI,dataset/fits/rfi/rfi_00976.fits,1594010564,,,,,,,,satellite_like_inband
rfi_00977,RFI,dataset/fits/rfi/rfi_00977.fits,1560359800,,,,,,,,persistent_narrowband
rfi_00978,RFI,dataset/fits/rfi/rfi_00978.fits,331835399,,,,,,,,satellite_like_inband
rfi_00979,RFI,dataset/fits/rfi/rfi_00979.fits,1901411631,,,,,,,,impulsive_broadband
rfi_00980,RFI,dataset/fits/rfi/rfi_00980.fits,890957741,,,,,,,,wifi_multiband
rfi_00981,RFI,dataset/fits/rfi/rfi_00981.fits,1406434076,,,,,,,,satellite_like_inband
rfi_00982,RFI,dataset/fits/rfi/rfi_00982.fits,212647342,,,,,,,,persistent_narrowband
rfi_00983,RFI,dataset/fits/rfi/rfi_00983.fits,1790342262,,,,,,,,impulsive_broadband
rfi_00984,RFI,dataset/fits/rfi/rfi_00984.fits,1050864760,,,,,,,,satellite_like_inband
rfi_00985,RFI,dataset/fits/rfi/rfi_00985.fits,1322103065,,,,,,,,impulsive_broadband
rfi_00986,RFI,dataset/fits/rfi/rfi_00986.fits,876422185,,,,,,,,impulsive_broadband
rfi_00987,RFI,dataset/fits/rfi/rfi_00987.fits,2016601100,,,,,,,,point_to_point_microwave
rfi_00988,RFI,dataset/fits/rfi/rfi_00988.fits,2043376924,,,,,,,,satellite_like_inband
rfi_00989,RFI,dataset/fits/rfi/rfi_00989.fits,600737390,,,,,,,,wifi_multiband
rfi_00990,RFI,dataset/fits/rfi/rfi_00990.fits,70257690,,,,,,,,wifi_multiband
rfi_00991,RFI,dataset/fits/rfi/rfi_00991.fits,1482366440,,,,,,,,impulsive_broadband
rfi_00992,RFI,dataset/fits/rfi/rfi_00992.fits,795707039,,,,,,,,wifi_multiband
rfi_00993,RFI,dataset/fits/rfi/rfi_00993.fits,466583096,,,,,,,,point_to_point_microwave
rfi_00994,RFI,dataset/fits/rfi/rfi_00994.fits,952157928,,,,,,,,wifi_multiband
rfi_00995,RFI,dataset/fits/rfi/rfi_00995.fits,954977075,,,,,,,,wifi_multiband
rfi_00996,RFI,dataset/fits/rfi/rfi_00996.fits,2041301681,,,,,,,,point_to_point_microwave
rfi_00997,RFI,dataset/fits/rfi/rfi_00997.fits,507048032,,,,,,,,impulsive_broadband
rfi_00998,RFI,dataset/fits/rfi/rfi_00998.fits,1837065301,,,,,,,,impulsive_broadband
rfi_00999,RFI,dataset/fits/rfi/rfi_00999.fits,778862350,,,,,,,,point_to_point_microwave
noise_00000,NOISE,dataset/fits/noise/noise_00000.fits,213362430,,,,,,,,
noise_00001,NOISE,dataset/fits/noise/noise_00001.fits,2106526238,,,,,,,,
noise_00002,NOISE,dataset/fits/noise/noise_00002.fits,1472487159,,,,,,,,
noise_00003,NOISE,dataset/fits/noise/noise_00003.fits,788845816,,,,,,,,
noise_00004,NOISE,dataset/fits/noise/noise_00004.fits,1169231521,,,,,,,,
noise_00005,NOISE,dataset/fits/noise/noise_00005.fits,1936377871,,,,,,,,
noise_00006,NOISE,dataset/fits/noise/noise_00006.fits,2099900839,,,,,,,,
noise_00007,NOISE,dataset/fits/noise/noise_00007.fits,1384755025,,,,,,,,
noise_00008,NOISE,dataset/fits/noise/noise_00008.fits,770246221,,,,,,,,
noise_00009,NOISE,dataset/fits/noise/noise_00009.fits,130030331,,,,,,,,
noise_00010,NOISE,dataset/fits/noise/noise_00010.fits,854998375,,,,,,,,
noise_00011,NOISE,dataset/fits/noise/noise_00011.fits,592450894,,,,,,,,
noise_00012,NOISE,dataset/fits/noise/noise_00012.fits,407610774,,,,,,,,
noise_00013,NOISE,dataset/fits/noise/noise_00013.fits,2079208433,,,,,,,,
noise_00014,NOISE,dataset/fits/noise/noise_00014.fits,262335999,,,,,,,,
noise_00015,NOISE,dataset/fits/noise/noise_00015.fits,2037985144,,,,,,,,
noise_00016,NOISE,dataset/fits/noise/noise_00016.fits,1821137395,,,,,,,,
noise_00017,NOISE,dataset/fits/noise/noise_00017.fits,1769936880,,,,,,,,
noise_00018,NOISE,dataset/fits/noise/noise_00018.fits,976498125,,,,,,,,
noise_00019,NOISE,dataset/fits/noise/noise_00019.fits,196867174,,,,,,,,
noise_00020,NOISE,dataset/fits/noise/noise_00020.fits,1423285030,,,,,,,,
noise_00021,NOISE,dataset/fits/noise/noise_00021.fits,455493774,,,,,,,,
noise_00022,NOISE,dataset/fits/noise/noise_00022.fits,1378049850,,,,,,,,
noise_00023,NOISE,dataset/fits/noise/noise_00023.fits,1373300584,,,,,,,,
noise_00024,NOISE,dataset/fits/noise/noise_00024.fits,1282361182,,,,,,,,
noise_00025,NOISE,dataset/fits/noise/noise_00025.fits,2085407012,,,,,,,,
noise_00026,NOISE,dataset/fits/noise/noise_00026.fits,45864789,,,,,,,,
noise_00027,NOISE,dataset/fits/noise/noise_00027.fits,108616526,,,,,,,,
noise_00028,NOISE,dataset/fits/noise/noise_00028.fits,1689628526,,,,,,,,
noise_00029,NOISE,dataset/fits/noise/noise_00029.fits,716205458,,,,,,,,
noise_00030,NOISE,dataset/fits/noise/noise_00030.fits,523060210,,,,,,,,
noise_00031,NOISE,dataset/fits/noise/noise_00031.fits,2123476728,,,,,,,,
noise_00032,NOISE,dataset/fits/noise/noise_00032.fits,270419475,,,,,,,,
noise_00033,NOISE,dataset/fits/noise/noise_00033.fits,1690022605,,,,,,,,
noise_00034,NOISE,dataset/fits/noise/noise_00034.fits,1212421976,,,,,,,,
noise_00035,NOISE,dataset/fits/noise/noise_00035.fits,440675620,,,,,,,,
noise_00036,NOISE,dataset/fits/noise/noise_00036.fits,147339177,,,,,,,,
noise_00037,NOISE,dataset/fits/noise/noise_00037.fits,1782020227,,,,,,,,
noise_00038,NOISE,dataset/fits/noise/noise_00038.fits,1643162947,,,,,,,,
noise_00039,NOISE,dataset/fits/noise/noise_00039.fits,1190152162,,,,,,,,
noise_00040,NOISE,dataset/fits/noise/noise_00040.fits,444867065,,,,,,,,
noise_00041,NOISE,dataset/fits/noise/noise_00041.fits,1259248094,,,,,,,,
noise_00042,NOISE,dataset/fits/noise/noise_00042.fits,463752000,,,,,,,,
noise_00043,NOISE,dataset/fits/noise/noise_00043.fits,1746017978,,,,,,,,
noise_00044,NOISE,dataset/fits/noise/noise_00044.fits,1867656717,,,,,,,,
noise_00045,NOISE,dataset/fits/noise/noise_00045.fits,500360856,,,,,,,,
noise_00046,NOISE,dataset/fits/noise/noise_00046.fits,705576260,,,,,,,,
noise_00047,NOISE,dataset/fits/noise/noise_00047.fits,1662943864,,,,,,,,
noise_00048,NOISE,dataset/fits/noise/noise_00048.fits,316870179,,,,,,,,
noise_00049,NOISE,dataset/fits/noise/noise_00049.fits,1693599559,,,,,,,,
noise_00050,NOISE,dataset/fits/noise/noise_00050.fits,1933875669,,,,,,,,
noise_00051,NOISE,dataset/fits/noise/noise_00051.fits,1279860823,,,,,,,,
noise_00052,NOISE,dataset/fits/noise/noise_00052.fits,6089298,,,,,,,,
noise_00053,NOISE,dataset/fits/noise/noise_00053.fits,595443194,,,,,,,,
noise_00054,NOISE,dataset/fits/noise/noise_00054.fits,1843413119,,,,,,,,
noise_00055,NOISE,dataset/fits/noise/noise_00055.fits,2113184333,,,,,,,,
noise_00056,NOISE,dataset/fits/noise/noise_00056.fits,310715069,,,,,,,,
noise_00057,NOISE,dataset/fits/noise/noise_00057.fits,2120698748,,,,,,,,
noise_00058,NOISE,dataset/fits/noise/noise_00058.fits,279155979,,,,,,,,
noise_00059,NOISE,dataset/fits/noise/noise_00059.fits,1160103871,,,,,,,,
noise_00060,NOISE,dataset/fits/noise/noise_00060.fits,538275791,,,,,,,,
noise_00061,NOISE,dataset/fits/noise/noise_00061.fits,1714795379,,,,,,,,
noise_00062,NOISE,dataset/fits/noise/noise_00062.fits,374729716,,,,,,,,
noise_00063,NOISE,dataset/fits/noise/noise_00063.fits,236065032,,,,,,,,
noise_00064,NOISE,dataset/fits/noise/noise_00064.fits,1419610471,,,,,,,,
noise_00065,NOISE,dataset/fits/noise/noise_00065.fits,1860682676,,,,,,,,
noise_00066,NOISE,dataset/fits/noise/noise_00066.fits,55362457,,,,,,,,
noise_00067,NOISE,dataset/fits/noise/noise_00067.fits,283045281,,,,,,,,
noise_00068,NOISE,dataset/fits/noise/noise_00068.fits,31912306,,,,,,,,
noise_00069,NOISE,dataset/fits/noise/noise_00069.fits,769319431,,,,,,,,
noise_00070,NOISE,dataset/fits/noise/noise_00070.fits,1696479152,,,,,,,,
noise_00071,NOISE,dataset/fits/noise/noise_00071.fits,1693143838,,,,,,,,
noise_00072,NOISE,dataset/fits/noise/noise_00072.fits,510954228,,,,,,,,
noise_00073,NOISE,dataset/fits/noise/noise_00073.fits,1264552022,,,,,,,,
noise_00074,NOISE,dataset/fits/noise/noise_00074.fits,695293933,,,,,,,,
noise_00075,NOISE,dataset/fits/noise/noise_00075.fits,33889624,,,,,,,,
noise_00076,NOISE,dataset/fits/noise/noise_00076.fits,374190872,,,,,,,,
noise_00077,NOISE,dataset/fits/noise/noise_00077.fits,569872396,,,,,,,,
noise_00078,NOISE,dataset/fits/noise/noise_00078.fits,112526042,,,,,,,,
noise_00079,NOISE,dataset/fits/noise/noise_00079.fits,272211895,,,,,,,,
noise_00080,NOISE,dataset/fits/noise/noise_00080.fits,1592827406,,,,,,,,
noise_00081,NOISE,dataset/fits/noise/noise_00081.fits,904005920,,,,,,,,
noise_00082,NOISE,dataset/fits/noise/noise_00082.fits,1129760071,,,,,,,,
noise_00083,NOISE,dataset/fits/noise/noise_00083.fits,244060021,,,,,,,,
noise_00084,NOISE,dataset/fits/noise/noise_00084.fits,1601303997,,,,,,,,
noise_00085,NOISE,dataset/fits/noise/noise_00085.fits,136489843,,,,,,,,
noise_00086,NOISE,dataset/fits/noise/noise_00086.fits,1022730421,,,,,,,,
noise_00087,NOISE,dataset/fits/noise/noise_00087.fits,962663692,,,,,,,,
noise_00088,NOISE,dataset/fits/noise/noise_00088.fits,1670778866,,,,,,,,
noise_00089,NOISE,dataset/fits/noise/noise_00089.fits,777472777,,,,,,,,
noise_00090,NOISE,dataset/fits/noise/noise_00090.fits,1102170116,,,,,,,,
noise_00091,NOISE,dataset/fits/noise/noise_00091.fits,1274888067,,,,,,,,
noise_00092,NOISE,dataset/fits/noise/noise_00092.fits,234191703,,,,,,,,
noise_00093,NOISE,dataset/fits/noise/noise_00093.fits,970674254,,,,,,,,
noise_00094,NOISE,dataset/fits/noise/noise_00094.fits,1081985356,,,,,,,,
noise_00095,NOISE,dataset/fits/noise/noise_00095.fits,475774468,,,,,,,,
noise_00096,NOISE,dataset/fits/noise/noise_00096.fits,2030264629,,,,,,,,
noise_00097,NOISE,dataset/fits/noise/noise_00097.fits,1320931888,,,,,,,,
noise_00098,NOISE,dataset/fits/noise/noise_00098.fits,93125704,,,,,,,,
noise_00099,NOISE,dataset/fits/noise/noise_00099.fits,1561742440,,,,,,,,
noise_00100,NOISE,dataset/fits/noise/noise_00100.fits,1681967155,,,,,,,,
noise_00101,NOISE,dataset/fits/noise/noise_00101.fits,1951529377,,,,,,,,
noise_00102,NOISE,dataset/fits/noise/noise_00102.fits,1861827318,,,,,,,,
noise_00103,NOISE,dataset/fits/noise/noise_00103.fits,1414983580,,,,,,,,
noise_00104,NOISE,dataset/fits/noise/noise_00104.fits,1119807962,,,,,,,,
noise_00105,NOISE,dataset/fits/noise/noise_00105.fits,647746205,,,,,,,,
noise_00106,NOISE,dataset/fits/noise/noise_00106.fits,983638820,,,,,,,,
noise_00107,NOISE,dataset/fits/noise/noise_00107.fits,1381563593,,,,,,,,
noise_00108,NOISE,dataset/fits/noise/noise_00108.fits,2070230470,,,,,,,,
noise_00109,NOISE,dataset/fits/noise/noise_00109.fits,66895491,,,,,,,,
noise_00110,NOISE,dataset/fits/noise/noise_00110.fits,130621553,,,,,,,,
noise_00111,NOISE,dataset/fits/noise/noise_00111.fits,2144448736,,,,,,,,
noise_00112,NOISE,dataset/fits/noise/noise_00112.fits,1028605816,,,,,,,,
noise_00113,NOISE,dataset/fits/noise/noise_00113.fits,1819559774,,,,,,,,
noise_00114,NOISE,dataset/fits/noise/noise_00114.fits,862466489,,,,,,,,
noise_00115,NOISE,dataset/fits/noise/noise_00115.fits,915415628,,,,,,,,
noise_00116,NOISE,dataset/fits/noise/noise_00116.fits,1473383155,,,,,,,,
noise_00117,NOISE,dataset/fits/noise/noise_00117.fits,231846260,,,,,,,,
noise_00118,NOISE,dataset/fits/noise/noise_00118.fits,1052844339,,,,,,,,
noise_00119,NOISE,dataset/fits/noise/noise_00119.fits,1529870165,,,,,,,,
noise_00120,NOISE,dataset/fits/noise/noise_00120.fits,1953567650,,,,,,,,
noise_00121,NOISE,dataset/fits/noise/noise_00121.fits,952542851,,,,,,,,
noise_00122,NOISE,dataset/fits/noise/noise_00122.fits,157820103,,,,,,,,
noise_00123,NOISE,dataset/fits/noise/noise_00123.fits,1931160677,,,,,,,,
noise_00124,NOISE,dataset/fits/noise/noise_00124.fits,173496239,,,,,,,,
noise_00125,NOISE,dataset/fits/noise/noise_00125.fits,691729867,,,,,,,,
noise_00126,NOISE,dataset/fits/noise/noise_00126.fits,1306308779,,,,,,,,
noise_00127,NOISE,dataset/fits/noise/noise_00127.fits,318544480,,,,,,,,
noise_00128,NOISE,dataset/fits/noise/noise_00128.fits,141051529,,,,,,,,
noise_00129,NOISE,dataset/fits/noise/noise_00129.fits,270994375,,,,,,,,
noise_00130,NOISE,dataset/fits/noise/noise_00130.fits,590592360,,,,,,,,
noise_00131,NOISE,dataset/fits/noise/noise_00131.fits,1340711613,,,,,,,,
noise_00132,NOISE,dataset/fits/noise/noise_00132.fits,1359521917,,,,,,,,
noise_00133,NOISE,dataset/fits/noise/noise_00133.fits,1257061089,,,,,,,,
noise_00134,NOISE,dataset/fits/noise/noise_00134.fits,1177586475,,,,,,,,
noise_00135,NOISE,dataset/fits/noise/noise_00135.fits,1529336486,,,,,,,,
noise_00136,NOISE,dataset/fits/noise/noise_00136.fits,698330426,,,,,,,,
noise_00137,NOISE,dataset/fits/noise/noise_00137.fits,817985956,,,,,,,,
noise_00138,NOISE,dataset/fits/noise/noise_00138.fits,2135946838,,,,,,,,
noise_00139,NOISE,dataset/fits/noise/noise_00139.fits,1282889238,,,,,,,,
noise_00140,NOISE,dataset/fits/noise/noise_00140.fits,1139362132,,,,,,,,
noise_00141,NOISE,dataset/fits/noise/noise_00141.fits,633288095,,,,,,,,
noise_00142,NOISE,dataset/fits/noise/noise_00142.fits,974346442,,,,,,,,
noise_00143,NOISE,dataset/fits/noise/noise_00143.fits,1085662672,,,,,,,,
noise_00144,NOISE,dataset/fits/noise/noise_00144.fits,1300144139,,,,,,,,
noise_00145,NOISE,dataset/fits/noise/noise_00145.fits,923846021,,,,,,,,
noise_00146,NOISE,dataset/fits/noise/noise_00146.fits,212984119,,,,,,,,
noise_00147,NOISE,dataset/fits/noise/noise_00147.fits,1703160895,,,,,,,,
noise_00148,NOISE,dataset/fits/noise/noise_00148.fits,1507059825,,,,,,,,
noise_00149,NOISE,dataset/fits/noise/noise_00149.fits,245702337,,,,,,,,
noise_00150,NOISE,dataset/fits/noise/noise_00150.fits,1831358455,,,,,,,,
noise_00151,NOISE,dataset/fits/noise/noise_00151.fits,1405985372,,,,,,,,
noise_00152,NOISE,dataset/fits/noise/noise_00152.fits,1397832884,,,,,,,,
noise_00153,NOISE,dataset/fits/noise/noise_00153.fits,1884859742,,,,,,,,
noise_00154,NOISE,dataset/fits/noise/noise_00154.fits,1651334894,,,,,,,,
noise_00155,NOISE,dataset/fits/noise/noise_00155.fits,1183983392,,,,,,,,
noise_00156,NOISE,dataset/fits/noise/noise_00156.fits,1547991927,,,,,,,,
noise_00157,NOISE,dataset/fits/noise/noise_00157.fits,1858630608,,,,,,,,
noise_00158,NOISE,dataset/fits/noise/noise_00158.fits,461758514,,,,,,,,
noise_00159,NOISE,dataset/fits/noise/noise_00159.fits,923568162,,,,,,,,
noise_00160,NOISE,dataset/fits/noise/noise_00160.fits,969706788,,,,,,,,
noise_00161,NOISE,dataset/fits/noise/noise_00161.fits,1907160945,,,,,,,,
noise_00162,NOISE,dataset/fits/noise/noise_00162.fits,490686219,,,,,,,,
noise_00163,NOISE,dataset/fits/noise/noise_00163.fits,888657881,,,,,,,,
noise_00164,NOISE,dataset/fits/noise/noise_00164.fits,727850099,,,,,,,,
noise_00165,NOISE,dataset/fits/noise/noise_00165.fits,1776869256,,,,,,,,
noise_00166,NOISE,dataset/fits/noise/noise_00166.fits,973881477,,,,,,,,
noise_00167,NOISE,dataset/fits/noise/noise_00167.fits,856266549,,,,,,,,
noise_00168,NOISE,dataset/fits/noise/noise_00168.fits,893330972,,,,,,,,
noise_00169,NOISE,dataset/fits/noise/noise_00169.fits,1566830941,,,,,,,,
noise_00170,NOISE,dataset/fits/noise/noise_00170.fits,204195288,,,,,,,,
noise_00171,NOISE,dataset/fits/noise/noise_00171.fits,671192475,,,,,,,,
noise_00172,NOISE,dataset/fits/noise/noise_00172.fits,916468731,,,,,,,,
noise_00173,NOISE,dataset/fits/noise/noise_00173.fits,671139262,,,,,,,,
noise_00174,NOISE,dataset/fits/noise/noise_00174.fits,1428308269,,,,,,,,
noise_00175,NOISE,dataset/fits/noise/noise_00175.fits,547371671,,,,,,,,
noise_00176,NOISE,dataset/fits/noise/noise_00176.fits,803805317,,,,,,,,
noise_00177,NOISE,dataset/fits/noise/noise_00177.fits,2047824343,,,,,,,,
noise_00178,NOISE,dataset/fits/noise/noise_00178.fits,327789591,,,,,,,,
noise_00179,NOISE,dataset/fits/noise/noise_00179.fits,1474936931,,,,,,,,
noise_00180,NOISE,dataset/fits/noise/noise_00180.fits,1982095275,,,,,,,,
noise_00181,NOISE,dataset/fits/noise/noise_00181.fits,1018482538,,,,,,,,
noise_00182,NOISE,dataset/fits/noise/noise_00182.fits,144167690,,,,,,,,
noise_00183,NOISE,dataset/fits/noise/noise_00183.fits,195903735,,,,,,,,
noise_00184,NOISE,dataset/fits/noise/noise_00184.fits,1786216534,,,,,,,,
noise_00185,NOISE,dataset/fits/noise/noise_00185.fits,183318575,,,,,,,,
noise_00186,NOISE,dataset/fits/noise/noise_00186.fits,200210113,,,,,,,,
noise_00187,NOISE,dataset/fits/noise/noise_00187.fits,927447761,,,,,,,,
noise_00188,NOISE,dataset/fits/noise/noise_00188.fits,207370531,,,,,,,,
noise_00189,NOISE,dataset/fits/noise/noise_00189.fits,1598992632,,,,,,,,
noise_00190,NOISE,dataset/fits/noise/noise_00190.fits,1586552329,,,,,,,,
noise_00191,NOISE,dataset/fits/noise/noise_00191.fits,800253032,,,,,,,,
noise_00192,NOISE,dataset/fits/noise/noise_00192.fits,1743261279,,,,,,,,
noise_00193,NOISE,dataset/fits/noise/noise_00193.fits,279420810,,,,,,,,
noise_00194,NOISE,dataset/fits/noise/noise_00194.fits,1194797058,,,,,,,,
noise_00195,NOISE,dataset/fits/noise/noise_00195.fits,128808170,,,,,,,,
noise_00196,NOISE,dataset/fits/noise/noise_00196.fits,1259424165,,,,,,,,
noise_00197,NOISE,dataset/fits/noise/noise_00197.fits,2054335731,,,,,,,,
noise_00198,NOISE,dataset/fits/noise/noise_00198.fits,1205997642,,,,,,,,
noise_00199,NOISE,dataset/fits/noise/noise_00199.fits,1206205878,,,,,,,,
noise_00200,NOISE,dataset/fits/noise/noise_00200.fits,707909348,,,,,,,,
noise_00201,NOISE,dataset/fits/noise/noise_00201.fits,1438842541,,,,,,,,
noise_00202,NOISE,dataset/fits/noise/noise_00202.fits,262489681,,,,,,,,
noise_00203,NOISE,dataset/fits/noise/noise_00203.fits,882204829,,,,,,,,
noise_00204,NOISE,dataset/fits/noise/noise_00204.fits,759346089,,,,,,,,
noise_00205,NOISE,dataset/fits/noise/noise_00205.fits,1876057552,,,,,,,,
noise_00206,NOISE,dataset/fits/noise/noise_00206.fits,1428807887,,,,,,,,
noise_00207,NOISE,dataset/fits/noise/noise_00207.fits,2021060994,,,,,,,,
noise_00208,NOISE,dataset/fits/noise/noise_00208.fits,1611223168,,,,,,,,
noise_00209,NOISE,dataset/fits/noise/noise_00209.fits,908249980,,,,,,,,
noise_00210,NOISE,dataset/fits/noise/noise_00210.fits,1864213688,,,,,,,,
noise_00211,NOISE,dataset/fits/noise/noise_00211.fits,1966759309,,,,,,,,
noise_00212,NOISE,dataset/fits/noise/noise_00212.fits,1548466019,,,,,,,,
noise_00213,NOISE,dataset/fits/noise/noise_00213.fits,110479608,,,,,,,,
noise_00214,NOISE,dataset/fits/noise/noise_00214.fits,2079620211,,,,,,,,
noise_00215,NOISE,dataset/fits/noise/noise_00215.fits,617679448,,,,,,,,
noise_00216,NOISE,dataset/fits/noise/noise_00216.fits,1289370859,,,,,,,,
noise_00217,NOISE,dataset/fits/noise/noise_00217.fits,670978905,,,,,,,,
noise_00218,NOISE,dataset/fits/noise/noise_00218.fits,755154441,,,,,,,,
noise_00219,NOISE,dataset/fits/noise/noise_00219.fits,222480519,,,,,,,,
noise_00220,NOISE,dataset/fits/noise/noise_00220.fits,1241070567,,,,,,,,
noise_00221,NOISE,dataset/fits/noise/noise_00221.fits,1089660156,,,,,,,,
noise_00222,NOISE,dataset/fits/noise/noise_00222.fits,456853107,,,,,,,,
noise_00223,NOISE,dataset/fits/noise/noise_00223.fits,332280518,,,,,,,,
noise_00224,NOISE,dataset/fits/noise/noise_00224.fits,1410330466,,,,,,,,
noise_00225,NOISE,dataset/fits/noise/noise_00225.fits,1035493853,,,,,,,,
noise_00226,NOISE,dataset/fits/noise/noise_00226.fits,481562177,,,,,,,,
noise_00227,NOISE,dataset/fits/noise/noise_00227.fits,1819508888,,,,,,,,
noise_00228,NOISE,dataset/fits/noise/noise_00228.fits,232397210,,,,,,,,
noise_00229,NOISE,dataset/fits/noise/noise_00229.fits,751864072,,,,,,,,
noise_00230,NOISE,dataset/fits/noise/noise_00230.fits,1815425585,,,,,,,,
noise_00231,NOISE,dataset/fits/noise/noise_00231.fits,1194571009,,,,,,,,
noise_00232,NOISE,dataset/fits/noise/noise_00232.fits,789331347,,,,,,,,
noise_00233,NOISE,dataset/fits/noise/noise_00233.fits,246714334,,,,,,,,
noise_00234,NOISE,dataset/fits/noise/noise_00234.fits,1637683127,,,,,,,,
noise_00235,NOISE,dataset/fits/noise/noise_00235.fits,598220687,,,,,,,,
noise_00236,NOISE,dataset/fits/noise/noise_00236.fits,1232870379,,,,,,,,
noise_00237,NOISE,dataset/fits/noise/noise_00237.fits,485672953,,,,,,,,
noise_00238,NOISE,dataset/fits/noise/noise_00238.fits,1733494695,,,,,,,,
noise_00239,NOISE,dataset/fits/noise/noise_00239.fits,921511879,,,,,,,,
noise_00240,NOISE,dataset/fits/noise/noise_00240.fits,1814956895,,,,,,,,
noise_00241,NOISE,dataset/fits/noise/noise_00241.fits,1204664664,,,,,,,,
noise_00242,NOISE,dataset/fits/noise/noise_00242.fits,2092822895,,,,,,,,
noise_00243,NOISE,dataset/fits/noise/noise_00243.fits,1648048812,,,,,,,,
noise_00244,NOISE,dataset/fits/noise/noise_00244.fits,1757558301,,,,,,,,
noise_00245,NOISE,dataset/fits/noise/noise_00245.fits,1335141702,,,,,,,,
noise_00246,NOISE,dataset/fits/noise/noise_00246.fits,1317638578,,,,,,,,
noise_00247,NOISE,dataset/fits/noise/noise_00247.fits,1449501454,,,,,,,,
noise_00248,NOISE,dataset/fits/noise/noise_00248.fits,1380185942,,,,,,,,
noise_00249,NOISE,dataset/fits/noise/noise_00249.fits,1195589535,,,,,,,,
noise_00250,NOISE,dataset/fits/noise/noise_00250.fits,56379673,,,,,,,,
noise_00251,NOISE,dataset/fits/noise/noise_00251.fits,1307806620,,,,,,,,
noise_00252,NOISE,dataset/fits/noise/noise_00252.fits,1995193317,,,,,,,,
noise_00253,NOISE,dataset/fits/noise/noise_00253.fits,1412681804,,,,,,,,
noise_00254,NOISE,dataset/fits/noise/noise_00254.fits,1781253485,,,,,,,,
noise_00255,NOISE,dataset/fits/noise/noise_00255.fits,1489218036,,,,,,,,
noise_00256,NOISE,dataset/fits/noise/noise_00256.fits,574339618,,,,,,,,
noise_00257,NOISE,dataset/fits/noise/noise_00257.fits,62176492,,,,,,,,
noise_00258,NOISE,dataset/fits/noise/noise_00258.fits,387440572,,,,,,,,
noise_00259,NOISE,dataset/fits/noise/noise_00259.fits,586843690,,,,,,,,
noise_00260,NOISE,dataset/fits/noise/noise_00260.fits,1509034118,,,,,,,,
noise_00261,NOISE,dataset/fits/noise/noise_00261.fits,1637261972,,,,,,,,
noise_00262,NOISE,dataset/fits/noise/noise_00262.fits,663539553,,,,,,,,
noise_00263,NOISE,dataset/fits/noise/noise_00263.fits,1978986756,,,,,,,,
noise_00264,NOISE,dataset/fits/noise/noise_00264.fits,729767901,,,,,,,,
noise_00265,NOISE,dataset/fits/noise/noise_00265.fits,753817065,,,,,,,,
noise_00266,NOISE,dataset/fits/noise/noise_00266.fits,13112081,,,,,,,,
noise_00267,NOISE,dataset/fits/noise/noise_00267.fits,389565469,,,,,,,,
noise_00268,NOISE,dataset/fits/noise/noise_00268.fits,1868015943,,,,,,,,
noise_00269,NOISE,dataset/fits/noise/noise_00269.fits,307630233,,,,,,,,
noise_00270,NOISE,dataset/fits/noise/noise_00270.fits,1216165292,,,,,,,,
noise_00271,NOISE,dataset/fits/noise/noise_00271.fits,1411636852,,,,,,,,
noise_00272,NOISE,dataset/fits/noise/noise_00272.fits,860677837,,,,,,,,
noise_00273,NOISE,dataset/fits/noise/noise_00273.fits,149433562,,,,,,,,
noise_00274,NOISE,dataset/fits/noise/noise_00274.fits,304673491,,,,,,,,
noise_00275,NOISE,dataset/fits/noise/noise_00275.fits,1591218944,,,,,,,,
noise_00276,NOISE,dataset/fits/noise/noise_00276.fits,1359726531,,,,,,,,
noise_00277,NOISE,dataset/fits/noise/noise_00277.fits,2086946776,,,,,,,,
noise_00278,NOISE,dataset/fits/noise/noise_00278.fits,65835624,,,,,,,,
noise_00279,NOISE,dataset/fits/noise/noise_00279.fits,197048128,,,,,,,,
noise_00280,NOISE,dataset/fits/noise/noise_00280.fits,1602262810,,,,,,,,
noise_00281,NOISE,dataset/fits/noise/noise_00281.fits,1139202897,,,,,,,,
noise_00282,NOISE,dataset/fits/noise/noise_00282.fits,461994345,,,,,,,,
noise_00283,NOISE,dataset/fits/noise/noise_00283.fits,807871334,,,,,,,,
noise_00284,NOISE,dataset/fits/noise/noise_00284.fits,901583409,,,,,,,,
noise_00285,NOISE,dataset/fits/noise/noise_00285.fits,974196916,,,,,,,,
noise_00286,NOISE,dataset/fits/noise/noise_00286.fits,732068556,,,,,,,,
noise_00287,NOISE,dataset/fits/noise/noise_00287.fits,338033842,,,,,,,,
noise_00288,NOISE,dataset/fits/noise/noise_00288.fits,794682963,,,,,,,,
noise_00289,NOISE,dataset/fits/noise/noise_00289.fits,669236149,,,,,,,,
noise_00290,NOISE,dataset/fits/noise/noise_00290.fits,1549615541,,,,,,,,
noise_00291,NOISE,dataset/fits/noise/noise_00291.fits,696606948,,,,,,,,
noise_00292,NOISE,dataset/fits/noise/noise_00292.fits,1668241785,,,,,,,,
noise_00293,NOISE,dataset/fits/noise/noise_00293.fits,2021657044,,,,,,,,
noise_00294,NOISE,dataset/fits/noise/noise_00294.fits,1218897880,,,,,,,,
noise_00295,NOISE,dataset/fits/noise/noise_00295.fits,1280380815,,,,,,,,
noise_00296,NOISE,dataset/fits/noise/noise_00296.fits,182443852,,,,,,,,
noise_00297,NOISE,dataset/fits/noise/noise_00297.fits,1896962900,,,,,,,,
noise_00298,NOISE,dataset/fits/noise/noise_00298.fits,112976593,,,,,,,,
noise_00299,NOISE,dataset/fits/noise/noise_00299.fits,334105308,,,,,,,,
noise_00300,NOISE,dataset/fits/noise/noise_00300.fits,338035178,,,,,,,,
noise_00301,NOISE,dataset/fits/noise/noise_00301.fits,1620138714,,,,,,,,
noise_00302,NOISE,dataset/fits/noise/noise_00302.fits,1326797399,,,,,,,,
noise_00303,NOISE,dataset/fits/noise/noise_00303.fits,106864130,,,,,,,,
noise_00304,NOISE,dataset/fits/noise/noise_00304.fits,1447336799,,,,,,,,
noise_00305,NOISE,dataset/fits/noise/noise_00305.fits,175194995,,,,,,,,
noise_00306,NOISE,dataset/fits/noise/noise_00306.fits,584336405,,,,,,,,
noise_00307,NOISE,dataset/fits/noise/noise_00307.fits,951577862,,,,,,,,
noise_00308,NOISE,dataset/fits/noise/noise_00308.fits,1421502525,,,,,,,,
noise_00309,NOISE,dataset/fits/noise/noise_00309.fits,910564790,,,,,,,,
noise_00310,NOISE,dataset/fits/noise/noise_00310.fits,1042950576,,,,,,,,
noise_00311,NOISE,dataset/fits/noise/noise_00311.fits,1303685799,,,,,,,,
noise_00312,NOISE,dataset/fits/noise/noise_00312.fits,949282660,,,,,,,,
noise_00313,NOISE,dataset/fits/noise/noise_00313.fits,889452810,,,,,,,,
noise_00314,NOISE,dataset/fits/noise/noise_00314.fits,586621335,,,,,,,,
noise_00315,NOISE,dataset/fits/noise/noise_00315.fits,462930830,,,,,,,,
noise_00316,NOISE,dataset/fits/noise/noise_00316.fits,1621228052,,,,,,,,
noise_00317,NOISE,dataset/fits/noise/noise_00317.fits,1100255324,,,,,,,,
noise_00318,NOISE,dataset/fits/noise/noise_00318.fits,244421236,,,,,,,,
noise_00319,NOISE,dataset/fits/noise/noise_00319.fits,741253060,,,,,,,,
noise_00320,NOISE,dataset/fits/noise/noise_00320.fits,923232501,,,,,,,,
noise_00321,NOISE,dataset/fits/noise/noise_00321.fits,238133974,,,,,,,,
noise_00322,NOISE,dataset/fits/noise/noise_00322.fits,608267167,,,,,,,,
noise_00323,NOISE,dataset/fits/noise/noise_00323.fits,1456461831,,,,,,,,
noise_00324,NOISE,dataset/fits/noise/noise_00324.fits,1457038137,,,,,,,,
noise_00325,NOISE,dataset/fits/noise/noise_00325.fits,1273746097,,,,,,,,
noise_00326,NOISE,dataset/fits/noise/noise_00326.fits,1045035879,,,,,,,,
noise_00327,NOISE,dataset/fits/noise/noise_00327.fits,1131582378,,,,,,,,
noise_00328,NOISE,dataset/fits/noise/noise_00328.fits,1432656268,,,,,,,,
noise_00329,NOISE,dataset/fits/noise/noise_00329.fits,662325601,,,,,,,,
noise_00330,NOISE,dataset/fits/noise/noise_00330.fits,97533045,,,,,,,,
noise_00331,NOISE,dataset/fits/noise/noise_00331.fits,473559744,,,,,,,,
noise_00332,NOISE,dataset/fits/noise/noise_00332.fits,848821669,,,,,,,,
noise_00333,NOISE,dataset/fits/noise/noise_00333.fits,2114080949,,,,,,,,
noise_00334,NOISE,dataset/fits/noise/noise_00334.fits,1287040553,,,,,,,,
noise_00335,NOISE,dataset/fits/noise/noise_00335.fits,117643367,,,,,,,,
noise_00336,NOISE,dataset/fits/noise/noise_00336.fits,16507895,,,,,,,,
noise_00337,NOISE,dataset/fits/noise/noise_00337.fits,438995324,,,,,,,,
noise_00338,NOISE,dataset/fits/noise/noise_00338.fits,647293142,,,,,,,,
noise_00339,NOISE,dataset/fits/noise/noise_00339.fits,2030068017,,,,,,,,
noise_00340,NOISE,dataset/fits/noise/noise_00340.fits,453621515,,,,,,,,
noise_00341,NOISE,dataset/fits/noise/noise_00341.fits,1647870561,,,,,,,,
noise_00342,NOISE,dataset/fits/noise/noise_00342.fits,294709489,,,,,,,,
noise_00343,NOISE,dataset/fits/noise/noise_00343.fits,1641023032,,,,,,,,
noise_00344,NOISE,dataset/fits/noise/noise_00344.fits,548723967,,,,,,,,
noise_00345,NOISE,dataset/fits/noise/noise_00345.fits,621582977,,,,,,,,
noise_00346,NOISE,dataset/fits/noise/noise_00346.fits,704637394,,,,,,,,
noise_00347,NOISE,dataset/fits/noise/noise_00347.fits,257664428,,,,,,,,
noise_00348,NOISE,dataset/fits/noise/noise_00348.fits,16599848,,,,,,,,
noise_00349,NOISE,dataset/fits/noise/noise_00349.fits,1068126857,,,,,,,,
noise_00350,NOISE,dataset/fits/noise/noise_00350.fits,1604200609,,,,,,,,
noise_00351,NOISE,dataset/fits/noise/noise_00351.fits,924824606,,,,,,,,
noise_00352,NOISE,dataset/fits/noise/noise_00352.fits,377301721,,,,,,,,
noise_00353,NOISE,dataset/fits/noise/noise_00353.fits,277424191,,,,,,,,
noise_00354,NOISE,dataset/fits/noise/noise_00354.fits,816489268,,,,,,,,
noise_00355,NOISE,dataset/fits/noise/noise_00355.fits,1143711884,,,,,,,,
noise_00356,NOISE,dataset/fits/noise/noise_00356.fits,1511122544,,,,,,,,
noise_00357,NOISE,dataset/fits/noise/noise_00357.fits,494158996,,,,,,,,
noise_00358,NOISE,dataset/fits/noise/noise_00358.fits,1074305206,,,,,,,,
noise_00359,NOISE,dataset/fits/noise/noise_00359.fits,1199849720,,,,,,,,
noise_00360,NOISE,dataset/fits/noise/noise_00360.fits,1789614527,,,,,,,,
noise_00361,NOISE,dataset/fits/noise/noise_00361.fits,1434622528,,,,,,,,
noise_00362,NOISE,dataset/fits/noise/noise_00362.fits,1731301724,,,,,,,,
noise_00363,NOISE,dataset/fits/noise/noise_00363.fits,760568216,,,,,,,,
noise_00364,NOISE,dataset/fits/noise/noise_00364.fits,154780946,,,,,,,,
noise_00365,NOISE,dataset/fits/noise/noise_00365.fits,852703842,,,,,,,,
noise_00366,NOISE,dataset/fits/noise/noise_00366.fits,1850624880,,,,,,,,
noise_00367,NOISE,dataset/fits/noise/noise_00367.fits,1593521619,,,,,,,,
noise_00368,NOISE,dataset/fits/noise/noise_00368.fits,90843417,,,,,,,,
noise_00369,NOISE,dataset/fits/noise/noise_00369.fits,936774458,,,,,,,,
noise_00370,NOISE,dataset/fits/noise/noise_00370.fits,40247152,,,,,,,,
noise_00371,NOISE,dataset/fits/noise/noise_00371.fits,987314731,,,,,,,,
noise_00372,NOISE,dataset/fits/noise/noise_00372.fits,1978181271,,,,,,,,
noise_00373,NOISE,dataset/fits/noise/noise_00373.fits,167208676,,,,,,,,
noise_00374,NOISE,dataset/fits/noise/noise_00374.fits,1851367162,,,,,,,,
noise_00375,NOISE,dataset/fits/noise/noise_00375.fits,672292580,,,,,,,,
noise_00376,NOISE,dataset/fits/noise/noise_00376.fits,1236433385,,,,,,,,
noise_00377,NOISE,dataset/fits/noise/noise_00377.fits,921880986,,,,,,,,
noise_00378,NOISE,dataset/fits/noise/noise_00378.fits,1231366446,,,,,,,,
noise_00379,NOISE,dataset/fits/noise/noise_00379.fits,868491525,,,,,,,,
noise_00380,NOISE,dataset/fits/noise/noise_00380.fits,1523637413,,,,,,,,
noise_00381,NOISE,dataset/fits/noise/noise_00381.fits,1374693765,,,,,,,,
noise_00382,NOISE,dataset/fits/noise/noise_00382.fits,896990948,,,,,,,,
noise_00383,NOISE,dataset/fits/noise/noise_00383.fits,621729178,,,,,,,,
noise_00384,NOISE,dataset/fits/noise/noise_00384.fits,247332941,,,,,,,,
noise_00385,NOISE,dataset/fits/noise/noise_00385.fits,869800258,,,,,,,,
noise_00386,NOISE,dataset/fits/noise/noise_00386.fits,44789110,,,,,,,,
noise_00387,NOISE,dataset/fits/noise/noise_00387.fits,2074898034,,,,,,,,
noise_00388,NOISE,dataset/fits/noise/noise_00388.fits,697434367,,,,,,,,
noise_00389,NOISE,dataset/fits/noise/noise_00389.fits,369094846,,,,,,,,
noise_00390,NOISE,dataset/fits/noise/noise_00390.fits,1720826210,,,,,,,,
noise_00391,NOISE,dataset/fits/noise/noise_00391.fits,2034986233,,,,,,,,
noise_00392,NOISE,dataset/fits/noise/noise_00392.fits,1327413895,,,,,,,,
noise_00393,NOISE,dataset/fits/noise/noise_00393.fits,988050567,,,,,,,,
noise_00394,NOISE,dataset/fits/noise/noise_00394.fits,1786762036,,,,,,,,
noise_00395,NOISE,dataset/fits/noise/noise_00395.fits,1480926283,,,,,,,,
noise_00396,NOISE,dataset/fits/noise/noise_00396.fits,1975190501,,,,,,,,
noise_00397,NOISE,dataset/fits/noise/noise_00397.fits,777072741,,,,,,,,
noise_00398,NOISE,dataset/fits/noise/noise_00398.fits,189257482,,,,,,,,
noise_00399,NOISE,dataset/fits/noise/noise_00399.fits,937831407,,,,,,,,
noise_00400,NOISE,dataset/fits/noise/noise_00400.fits,1813516353,,,,,,,,
noise_00401,NOISE,dataset/fits/noise/noise_00401.fits,227339357,,,,,,,,
noise_00402,NOISE,dataset/fits/noise/noise_00402.fits,522518149,,,,,,,,
noise_00403,NOISE,dataset/fits/noise/noise_00403.fits,935608213,,,,,,,,
noise_00404,NOISE,dataset/fits/noise/noise_00404.fits,1264591465,,,,,,,,
noise_00405,NOISE,dataset/fits/noise/noise_00405.fits,859959428,,,,,,,,
noise_00406,NOISE,dataset/fits/noise/noise_00406.fits,1125201001,,,,,,,,
noise_00407,NOISE,dataset/fits/noise/noise_00407.fits,168893344,,,,,,,,
noise_00408,NOISE,dataset/fits/noise/noise_00408.fits,849902502,,,,,,,,
noise_00409,NOISE,dataset/fits/noise/noise_00409.fits,1869436948,,,,,,,,
noise_00410,NOISE,dataset/fits/noise/noise_00410.fits,666309542,,,,,,,,
noise_00411,NOISE,dataset/fits/noise/noise_00411.fits,1601603676,,,,,,,,
noise_00412,NOISE,dataset/fits/noise/noise_00412.fits,729099226,,,,,,,,
noise_00413,NOISE,dataset/fits/noise/noise_00413.fits,475822376,,,,,,,,
noise_00414,NOISE,dataset/fits/noise/noise_00414.fits,715259423,,,,,,,,
noise_00415,NOISE,dataset/fits/noise/noise_00415.fits,1673142886,,,,,,,,
noise_00416,NOISE,dataset/fits/noise/noise_00416.fits,361062255,,,,,,,,
noise_00417,NOISE,dataset/fits/noise/noise_00417.fits,164023463,,,,,,,,
noise_00418,NOISE,dataset/fits/noise/noise_00418.fits,1096254511,,,,,,,,
noise_00419,NOISE,dataset/fits/noise/noise_00419.fits,1359839620,,,,,,,,
noise_00420,NOISE,dataset/fits/noise/noise_00420.fits,244870345,,,,,,,,
noise_00421,NOISE,dataset/fits/noise/noise_00421.fits,1139465184,,,,,,,,
noise_00422,NOISE,dataset/fits/noise/noise_00422.fits,1095113716,,,,,,,,
noise_00423,NOISE,dataset/fits/noise/noise_00423.fits,416405031,,,,,,,,
noise_00424,NOISE,dataset/fits/noise/noise_00424.fits,1945454254,,,,,,,,
noise_00425,NOISE,dataset/fits/noise/noise_00425.fits,1666937431,,,,,,,,
noise_00426,NOISE,dataset/fits/noise/noise_00426.fits,750277677,,,,,,,,
noise_00427,NOISE,dataset/fits/noise/noise_00427.fits,753980933,,,,,,,,
noise_00428,NOISE,dataset/fits/noise/noise_00428.fits,1562034728,,,,,,,,
noise_00429,NOISE,dataset/fits/noise/noise_00429.fits,2057768973,,,,,,,,
noise_00430,NOISE,dataset/fits/noise/noise_00430.fits,1758678724,,,,,,,,
noise_00431,NOISE,dataset/fits/noise/noise_00431.fits,1386078227,,,,,,,,
noise_00432,NOISE,dataset/fits/noise/noise_00432.fits,1750278656,,,,,,,,
noise_00433,NOISE,dataset/fits/noise/noise_00433.fits,317161505,,,,,,,,
noise_00434,NOISE,dataset/fits/noise/noise_00434.fits,507383491,,,,,,,,
noise_00435,NOISE,dataset/fits/noise/noise_00435.fits,220771046,,,,,,,,
noise_00436,NOISE,dataset/fits/noise/noise_00436.fits,314486570,,,,,,,,
noise_00437,NOISE,dataset/fits/noise/noise_00437.fits,549687574,,,,,,,,
noise_00438,NOISE,dataset/fits/noise/noise_00438.fits,423637969,,,,,,,,
noise_00439,NOISE,dataset/fits/noise/noise_00439.fits,372586318,,,,,,,,
noise_00440,NOISE,dataset/fits/noise/noise_00440.fits,1293641975,,,,,,,,
noise_00441,NOISE,dataset/fits/noise/noise_00441.fits,328285368,,,,,,,,
noise_00442,NOISE,dataset/fits/noise/noise_00442.fits,1632549910,,,,,,,,
noise_00443,NOISE,dataset/fits/noise/noise_00443.fits,1630267322,,,,,,,,
noise_00444,NOISE,dataset/fits/noise/noise_00444.fits,1407694895,,,,,,,,
noise_00445,NOISE,dataset/fits/noise/noise_00445.fits,161819928,,,,,,,,
noise_00446,NOISE,dataset/fits/noise/noise_00446.fits,380418404,,,,,,,,
noise_00447,NOISE,dataset/fits/noise/noise_00447.fits,2042884319,,,,,,,,
noise_00448,NOISE,dataset/fits/noise/noise_00448.fits,1659678633,,,,,,,,
noise_00449,NOISE,dataset/fits/noise/noise_00449.fits,1348509723,,,,,,,,
noise_00450,NOISE,dataset/fits/noise/noise_00450.fits,1061108237,,,,,,,,
noise_00451,NOISE,dataset/fits/noise/noise_00451.fits,996331631,,,,,,,,
noise_00452,NOISE,dataset/fits/noise/noise_00452.fits,1620160073,,,,,,,,
noise_00453,NOISE,dataset/fits/noise/noise_00453.fits,1210612728,,,,,,,,
noise_00454,NOISE,dataset/fits/noise/noise_00454.fits,1631823748,,,,,,,,
noise_00455,NOISE,dataset/fits/noise/noise_00455.fits,1244398248,,,,,,,,
noise_00456,NOISE,dataset/fits/noise/noise_00456.fits,964016699,,,,,,,,
noise_00457,NOISE,dataset/fits/noise/noise_00457.fits,1462722995,,,,,,,,
noise_00458,NOISE,dataset/fits/noise/noise_00458.fits,1984606148,,,,,,,,
noise_00459,NOISE,dataset/fits/noise/noise_00459.fits,1894184000,,,,,,,,
noise_00460,NOISE,dataset/fits/noise/noise_00460.fits,1212236878,,,,,,,,
noise_00461,NOISE,dataset/fits/noise/noise_00461.fits,1380814445,,,,,,,,
noise_00462,NOISE,dataset/fits/noise/noise_00462.fits,1364292752,,,,,,,,
noise_00463,NOISE,dataset/fits/noise/noise_00463.fits,2118561226,,,,,,,,
noise_00464,NOISE,dataset/fits/noise/noise_00464.fits,1341150308,,,,,,,,
noise_00465,NOISE,dataset/fits/noise/noise_00465.fits,694084401,,,,,,,,
noise_00466,NOISE,dataset/fits/noise/noise_00466.fits,1855956032,,,,,,,,
noise_00467,NOISE,dataset/fits/noise/noise_00467.fits,2085148770,,,,,,,,
noise_00468,NOISE,dataset/fits/noise/noise_00468.fits,1346939121,,,,,,,,
noise_00469,NOISE,dataset/fits/noise/noise_00469.fits,678903114,,,,,,,,
noise_00470,NOISE,dataset/fits/noise/noise_00470.fits,324178546,,,,,,,,
noise_00471,NOISE,dataset/fits/noise/noise_00471.fits,944383470,,,,,,,,
noise_00472,NOISE,dataset/fits/noise/noise_00472.fits,146643630,,,,,,,,
noise_00473,NOISE,dataset/fits/noise/noise_00473.fits,1007000364,,,,,,,,
noise_00474,NOISE,dataset/fits/noise/noise_00474.fits,949634582,,,,,,,,
noise_00475,NOISE,dataset/fits/noise/noise_00475.fits,1355889219,,,,,,,,
noise_00476,NOISE,dataset/fits/noise/noise_00476.fits,650301930,,,,,,,,
noise_00477,NOISE,dataset/fits/noise/noise_00477.fits,1710104973,,,,,,,,
noise_00478,NOISE,dataset/fits/noise/noise_00478.fits,589857204,,,,,,,,
noise_00479,NOISE,dataset/fits/noise/noise_00479.fits,1270064257,,,,,,,,
noise_00480,NOISE,dataset/fits/noise/noise_00480.fits,120628711,,,,,,,,
noise_00481,NOISE,dataset/fits/noise/noise_00481.fits,755790162,,,,,,,,
noise_00482,NOISE,dataset/fits/noise/noise_00482.fits,1089497669,,,,,,,,
noise_00483,NOISE,dataset/fits/noise/noise_00483.fits,159323232,,,,,,,,
noise_00484,NOISE,dataset/fits/noise/noise_00484.fits,666595781,,,,,,,,
noise_00485,NOISE,dataset/fits/noise/noise_00485.fits,991584437,,,,,,,,
noise_00486,NOISE,dataset/fits/noise/noise_00486.fits,970477641,,,,,,,,
noise_00487,NOISE,dataset/fits/noise/noise_00487.fits,80760956,,,,,,,,
noise_00488,NOISE,dataset/fits/noise/noise_00488.fits,122170460,,,,,,,,
noise_00489,NOISE,dataset/fits/noise/noise_00489.fits,791857963,,,,,,,,
noise_00490,NOISE,dataset/fits/noise/noise_00490.fits,1786054918,,,,,,,,
noise_00491,NOISE,dataset/fits/noise/noise_00491.fits,616493239,,,,,,,,
noise_00492,NOISE,dataset/fits/noise/noise_00492.fits,164778570,,,,,,,,
noise_00493,NOISE,dataset/fits/noise/noise_00493.fits,1384410699,,,,,,,,
noise_00494,NOISE,dataset/fits/noise/noise_00494.fits,1855962816,,,,,,,,
noise_00495,NOISE,dataset/fits/noise/noise_00495.fits,2098882933,,,,,,,,
noise_00496,NOISE,dataset/fits/noise/noise_00496.fits,1836728532,,,,,,,,
noise_00497,NOISE,dataset/fits/noise/noise_00497.fits,193910269,,,,,,,,
noise_00498,NOISE,dataset/fits/noise/noise_00498.fits,1320720451,,,,,,,,
noise_00499,NOISE,dataset/fits/noise/noise_00499.fits,1275776695,,,,,,,,
noise_00500,NOISE,dataset/fits/noise/noise_00500.fits,1088919850,,,,,,,,
noise_00501,NOISE,dataset/fits/noise/noise_00501.fits,825669839,,,,,,,,
noise_00502,NOISE,dataset/fits/noise/noise_00502.fits,993665720,,,,,,,,
noise_00503,NOISE,dataset/fits/noise/noise_00503.fits,1246247906,,,,,,,,
noise_00504,NOISE,dataset/fits/noise/noise_00504.fits,1190385335,,,,,,,,
noise_00505,NOISE,dataset/fits/noise/noise_00505.fits,2049196483,,,,,,,,
noise_00506,NOISE,dataset/fits/noise/noise_00506.fits,1700415774,,,,,,,,
noise_00507,NOISE,dataset/fits/noise/noise_00507.fits,1586820853,,,,,,,,
noise_00508,NOISE,dataset/fits/noise/noise_00508.fits,1923880716,,,,,,,,
noise_00509,NOISE,dataset/fits/noise/noise_00509.fits,88095607,,,,,,,,
noise_00510,NOISE,dataset/fits/noise/noise_00510.fits,965795766,,,,,,,,
noise_00511,NOISE,dataset/fits/noise/noise_00511.fits,1952169918,,,,,,,,
noise_00512,NOISE,dataset/fits/noise/noise_00512.fits,1739066437,,,,,,,,
noise_00513,NOISE,dataset/fits/noise/noise_00513.fits,1227623388,,,,,,,,
noise_00514,NOISE,dataset/fits/noise/noise_00514.fits,1399810285,,,,,,,,
noise_00515,NOISE,dataset/fits/noise/noise_00515.fits,404241178,,,,,,,,
noise_00516,NOISE,dataset/fits/noise/noise_00516.fits,690473472,,,,,,,,
noise_00517,NOISE,dataset/fits/noise/noise_00517.fits,1299240137,,,,,,,,
noise_00518,NOISE,dataset/fits/noise/noise_00518.fits,1021405555,,,,,,,,
noise_00519,NOISE,dataset/fits/noise/noise_00519.fits,1076678090,,,,,,,,
noise_00520,NOISE,dataset/fits/noise/noise_00520.fits,323971685,,,,,,,,
noise_00521,NOISE,dataset/fits/noise/noise_00521.fits,2056693114,,,,,,,,
noise_00522,NOISE,dataset/fits/noise/noise_00522.fits,132872768,,,,,,,,
noise_00523,NOISE,dataset/fits/noise/noise_00523.fits,967491023,,,,,,,,
noise_00524,NOISE,dataset/fits/noise/noise_00524.fits,222268590,,,,,,,,
noise_00525,NOISE,dataset/fits/noise/noise_00525.fits,1741537965,,,,,,,,
noise_00526,NOISE,dataset/fits/noise/noise_00526.fits,1930860164,,,,,,,,
noise_00527,NOISE,dataset/fits/noise/noise_00527.fits,1798253807,,,,,,,,
noise_00528,NOISE,dataset/fits/noise/noise_00528.fits,737527001,,,,,,,,
noise_00529,NOISE,dataset/fits/noise/noise_00529.fits,2109656975,,,,,,,,
noise_00530,NOISE,dataset/fits/noise/noise_00530.fits,1533980972,,,,,,,,
noise_00531,NOISE,dataset/fits/noise/noise_00531.fits,181095426,,,,,,,,
noise_00532,NOISE,dataset/fits/noise/noise_00532.fits,1083510734,,,,,,,,
noise_00533,NOISE,dataset/fits/noise/noise_00533.fits,1387547364,,,,,,,,
noise_00534,NOISE,dataset/fits/noise/noise_00534.fits,370567446,,,,,,,,
noise_00535,NOISE,dataset/fits/noise/noise_00535.fits,84057081,,,,,,,,
noise_00536,NOISE,dataset/fits/noise/noise_00536.fits,532025596,,,,,,,,
noise_00537,NOISE,dataset/fits/noise/noise_00537.fits,1519606039,,,,,,,,
noise_00538,NOISE,dataset/fits/noise/noise_00538.fits,940078730,,,,,,,,
noise_00539,NOISE,dataset/fits/noise/noise_00539.fits,2128126288,,,,,,,,
noise_00540,NOISE,dataset/fits/noise/noise_00540.fits,943651113,,,,,,,,
noise_00541,NOISE,dataset/fits/noise/noise_00541.fits,1125428655,,,,,,,,
noise_00542,NOISE,dataset/fits/noise/noise_00542.fits,1122592852,,,,,,,,
noise_00543,NOISE,dataset/fits/noise/noise_00543.fits,1309547148,,,,,,,,
noise_00544,NOISE,dataset/fits/noise/noise_00544.fits,340904893,,,,,,,,
noise_00545,NOISE,dataset/fits/noise/noise_00545.fits,781464915,,,,,,,,
noise_00546,NOISE,dataset/fits/noise/noise_00546.fits,800693536,,,,,,,,
noise_00547,NOISE,dataset/fits/noise/noise_00547.fits,1971254253,,,,,,,,
noise_00548,NOISE,dataset/fits/noise/noise_00548.fits,607509344,,,,,,,,
noise_00549,NOISE,dataset/fits/noise/noise_00549.fits,831970736,,,,,,,,
noise_00550,NOISE,dataset/fits/noise/noise_00550.fits,877825589,,,,,,,,
noise_00551,NOISE,dataset/fits/noise/noise_00551.fits,1663150465,,,,,,,,
noise_00552,NOISE,dataset/fits/noise/noise_00552.fits,726637914,,,,,,,,
noise_00553,NOISE,dataset/fits/noise/noise_00553.fits,1457921752,,,,,,,,
noise_00554,NOISE,dataset/fits/noise/noise_00554.fits,1283950126,,,,,,,,
noise_00555,NOISE,dataset/fits/noise/noise_00555.fits,112454088,,,,,,,,
noise_00556,NOISE,dataset/fits/noise/noise_00556.fits,1694851927,,,,,,,,
noise_00557,NOISE,dataset/fits/noise/noise_00557.fits,1354818608,,,,,,,,
noise_00558,NOISE,dataset/fits/noise/noise_00558.fits,1390077666,,,,,,,,
noise_00559,NOISE,dataset/fits/noise/noise_00559.fits,718654007,,,,,,,,
noise_00560,NOISE,dataset/fits/noise/noise_00560.fits,141544635,,,,,,,,
noise_00561,NOISE,dataset/fits/noise/noise_00561.fits,708005517,,,,,,,,
noise_00562,NOISE,dataset/fits/noise/noise_00562.fits,202949970,,,,,,,,
noise_00563,NOISE,dataset/fits/noise/noise_00563.fits,1198216880,,,,,,,,
noise_00564,NOISE,dataset/fits/noise/noise_00564.fits,1456808550,,,,,,,,
noise_00565,NOISE,dataset/fits/noise/noise_00565.fits,830140310,,,,,,,,
noise_00566,NOISE,dataset/fits/noise/noise_00566.fits,610200992,,,,,,,,
noise_00567,NOISE,dataset/fits/noise/noise_00567.fits,541156829,,,,,,,,
noise_00568,NOISE,dataset/fits/noise/noise_00568.fits,1554206184,,,,,,,,
noise_00569,NOISE,dataset/fits/noise/noise_00569.fits,1828724620,,,,,,,,
noise_00570,NOISE,dataset/fits/noise/noise_00570.fits,1409960626,,,,,,,,
noise_00571,NOISE,dataset/fits/noise/noise_00571.fits,2071054764,,,,,,,,
noise_00572,NOISE,dataset/fits/noise/noise_00572.fits,1946356127,,,,,,,,
noise_00573,NOISE,dataset/fits/noise/noise_00573.fits,1294290138,,,,,,,,
noise_00574,NOISE,dataset/fits/noise/noise_00574.fits,1875353804,,,,,,,,
noise_00575,NOISE,dataset/fits/noise/noise_00575.fits,322924264,,,,,,,,
noise_00576,NOISE,dataset/fits/noise/noise_00576.fits,715889533,,,,,,,,
noise_00577,NOISE,dataset/fits/noise/noise_00577.fits,175024177,,,,,,,,
noise_00578,NOISE,dataset/fits/noise/noise_00578.fits,1251423582,,,,,,,,
noise_00579,NOISE,dataset/fits/noise/noise_00579.fits,1425096149,,,,,,,,
noise_00580,NOISE,dataset/fits/noise/noise_00580.fits,303715133,,,,,,,,
noise_00581,NOISE,dataset/fits/noise/noise_00581.fits,1968698018,,,,,,,,
noise_00582,NOISE,dataset/fits/noise/noise_00582.fits,751234423,,,,,,,,
noise_00583,NOISE,dataset/fits/noise/noise_00583.fits,666217573,,,,,,,,
noise_00584,NOISE,dataset/fits/noise/noise_00584.fits,2078112432,,,,,,,,
noise_00585,NOISE,dataset/fits/noise/noise_00585.fits,1408866778,,,,,,,,
noise_00586,NOISE,dataset/fits/noise/noise_00586.fits,1499974295,,,,,,,,
noise_00587,NOISE,dataset/fits/noise/noise_00587.fits,1421924429,,,,,,,,
noise_00588,NOISE,dataset/fits/noise/noise_00588.fits,841723363,,,,,,,,
noise_00589,NOISE,dataset/fits/noise/noise_00589.fits,276921573,,,,,,,,
noise_00590,NOISE,dataset/fits/noise/noise_00590.fits,1277841298,,,,,,,,
noise_00591,NOISE,dataset/fits/noise/noise_00591.fits,1522209456,,,,,,,,
noise_00592,NOISE,dataset/fits/noise/noise_00592.fits,2014344394,,,,,,,,
noise_00593,NOISE,dataset/fits/noise/noise_00593.fits,181932697,,,,,,,,
noise_00594,NOISE,dataset/fits/noise/noise_00594.fits,664822040,,,,,,,,
noise_00595,NOISE,dataset/fits/noise/noise_00595.fits,1200276005,,,,,,,,
noise_00596,NOISE,dataset/fits/noise/noise_00596.fits,808912655,,,,,,,,
noise_00597,NOISE,dataset/fits/noise/noise_00597.fits,1381891250,,,,,,,,
noise_00598,NOISE,dataset/fits/noise/noise_00598.fits,1700081120,,,,,,,,
noise_00599,NOISE,dataset/fits/noise/noise_00599.fits,705398028,,,,,,,,
noise_00600,NOISE,dataset/fits/noise/noise_00600.fits,1746301025,,,,,,,,
noise_00601,NOISE,dataset/fits/noise/noise_00601.fits,274435011,,,,,,,,
noise_00602,NOISE,dataset/fits/noise/noise_00602.fits,1439064012,,,,,,,,
noise_00603,NOISE,dataset/fits/noise/noise_00603.fits,1509317801,,,,,,,,
noise_00604,NOISE,dataset/fits/noise/noise_00604.fits,1780175829,,,,,,,,
noise_00605,NOISE,dataset/fits/noise/noise_00605.fits,2033900282,,,,,,,,
noise_00606,NOISE,dataset/fits/noise/noise_00606.fits,1586506526,,,,,,,,
noise_00607,NOISE,dataset/fits/noise/noise_00607.fits,2141393624,,,,,,,,
noise_00608,NOISE,dataset/fits/noise/noise_00608.fits,1471916296,,,,,,,,
noise_00609,NOISE,dataset/fits/noise/noise_00609.fits,1959467132,,,,,,,,
noise_00610,NOISE,dataset/fits/noise/noise_00610.fits,1130421094,,,,,,,,
noise_00611,NOISE,dataset/fits/noise/noise_00611.fits,200688719,,,,,,,,
noise_00612,NOISE,dataset/fits/noise/noise_00612.fits,1387327733,,,,,,,,
noise_00613,NOISE,dataset/fits/noise/noise_00613.fits,1439793382,,,,,,,,
noise_00614,NOISE,dataset/fits/noise/noise_00614.fits,909258251,,,,,,,,
noise_00615,NOISE,dataset/fits/noise/noise_00615.fits,1091970714,,,,,,,,
noise_00616,NOISE,dataset/fits/noise/noise_00616.fits,777019925,,,,,,,,
noise_00617,NOISE,dataset/fits/noise/noise_00617.fits,39149788,,,,,,,,
noise_00618,NOISE,dataset/fits/noise/noise_00618.fits,778672565,,,,,,,,
noise_00619,NOISE,dataset/fits/noise/noise_00619.fits,663284847,,,,,,,,
noise_00620,NOISE,dataset/fits/noise/noise_00620.fits,387111672,,,,,,,,
noise_00621,NOISE,dataset/fits/noise/noise_00621.fits,2042620551,,,,,,,,
noise_00622,NOISE,dataset/fits/noise/noise_00622.fits,459975243,,,,,,,,
noise_00623,NOISE,dataset/fits/noise/noise_00623.fits,733864622,,,,,,,,
noise_00624,NOISE,dataset/fits/noise/noise_00624.fits,2035102109,,,,,,,,
noise_00625,NOISE,dataset/fits/noise/noise_00625.fits,1645307936,,,,,,,,
noise_00626,NOISE,dataset/fits/noise/noise_00626.fits,1044258856,,,,,,,,
noise_00627,NOISE,dataset/fits/noise/noise_00627.fits,412328101,,,,,,,,
noise_00628,NOISE,dataset/fits/noise/noise_00628.fits,486497487,,,,,,,,
noise_00629,NOISE,dataset/fits/noise/noise_00629.fits,2147433445,,,,,,,,
noise_00630,NOISE,dataset/fits/noise/noise_00630.fits,295419359,,,,,,,,
noise_00631,NOISE,dataset/fits/noise/noise_00631.fits,332742239,,,,,,,,
noise_00632,NOISE,dataset/fits/noise/noise_00632.fits,165710763,,,,,,,,
noise_00633,NOISE,dataset/fits/noise/noise_00633.fits,635208695,,,,,,,,
noise_00634,NOISE,dataset/fits/noise/noise_00634.fits,1813396147,,,,,,,,
noise_00635,NOISE,dataset/fits/noise/noise_00635.fits,1692475189,,,,,,,,
noise_00636,NOISE,dataset/fits/noise/noise_00636.fits,217198134,,,,,,,,
noise_00637,NOISE,dataset/fits/noise/noise_00637.fits,1090255358,,,,,,,,
noise_00638,NOISE,dataset/fits/noise/noise_00638.fits,1655440858,,,,,,,,
noise_00639,NOISE,dataset/fits/noise/noise_00639.fits,1159148874,,,,,,,,
noise_00640,NOISE,dataset/fits/noise/noise_00640.fits,1793406166,,,,,,,,
noise_00641,NOISE,dataset/fits/noise/noise_00641.fits,1586225909,,,,,,,,
noise_00642,NOISE,dataset/fits/noise/noise_00642.fits,1897693002,,,,,,,,
noise_00643,NOISE,dataset/fits/noise/noise_00643.fits,1130718075,,,,,,,,
noise_00644,NOISE,dataset/fits/noise/noise_00644.fits,81062113,,,,,,,,
noise_00645,NOISE,dataset/fits/noise/noise_00645.fits,1421482222,,,,,,,,
noise_00646,NOISE,dataset/fits/noise/noise_00646.fits,723195979,,,,,,,,
noise_00647,NOISE,dataset/fits/noise/noise_00647.fits,1882039139,,,,,,,,
noise_00648,NOISE,dataset/fits/noise/noise_00648.fits,1645633053,,,,,,,,
noise_00649,NOISE,dataset/fits/noise/noise_00649.fits,1327212478,,,,,,,,
noise_00650,NOISE,dataset/fits/noise/noise_00650.fits,281425679,,,,,,,,
noise_00651,NOISE,dataset/fits/noise/noise_00651.fits,1282576973,,,,,,,,
noise_00652,NOISE,dataset/fits/noise/noise_00652.fits,808999761,,,,,,,,
noise_00653,NOISE,dataset/fits/noise/noise_00653.fits,331255285,,,,,,,,
noise_00654,NOISE,dataset/fits/noise/noise_00654.fits,348423233,,,,,,,,
noise_00655,NOISE,dataset/fits/noise/noise_00655.fits,388363747,,,,,,,,
noise_00656,NOISE,dataset/fits/noise/noise_00656.fits,1785299915,,,,,,,,
noise_00657,NOISE,dataset/fits/noise/noise_00657.fits,1487874684,,,,,,,,
noise_00658,NOISE,dataset/fits/noise/noise_00658.fits,1655919937,,,,,,,,
noise_00659,NOISE,dataset/fits/noise/noise_00659.fits,1341619968,,,,,,,,
noise_00660,NOISE,dataset/fits/noise/noise_00660.fits,1737408158,,,,,,,,
noise_00661,NOISE,dataset/fits/noise/noise_00661.fits,1938438965,,,,,,,,
noise_00662,NOISE,dataset/fits/noise/noise_00662.fits,355492650,,,,,,,,
noise_00663,NOISE,dataset/fits/noise/noise_00663.fits,1548728698,,,,,,,,
noise_00664,NOISE,dataset/fits/noise/noise_00664.fits,939896496,,,,,,,,
noise_00665,NOISE,dataset/fits/noise/noise_00665.fits,93828783,,,,,,,,
noise_00666,NOISE,dataset/fits/noise/noise_00666.fits,882312156,,,,,,,,
noise_00667,NOISE,dataset/fits/noise/noise_00667.fits,782327029,,,,,,,,
noise_00668,NOISE,dataset/fits/noise/noise_00668.fits,1452478307,,,,,,,,
noise_00669,NOISE,dataset/fits/noise/noise_00669.fits,1545298469,,,,,,,,
noise_00670,NOISE,dataset/fits/noise/noise_00670.fits,510092215,,,,,,,,
noise_00671,NOISE,dataset/fits/noise/noise_00671.fits,2082175673,,,,,,,,
noise_00672,NOISE,dataset/fits/noise/noise_00672.fits,953909462,,,,,,,,
noise_00673,NOISE,dataset/fits/noise/noise_00673.fits,1311243684,,,,,,,,
noise_00674,NOISE,dataset/fits/noise/noise_00674.fits,611878071,,,,,,,,
noise_00675,NOISE,dataset/fits/noise/noise_00675.fits,1615747716,,,,,,,,
noise_00676,NOISE,dataset/fits/noise/noise_00676.fits,1607469922,,,,,,,,
noise_00677,NOISE,dataset/fits/noise/noise_00677.fits,1683198453,,,,,,,,
noise_00678,NOISE,dataset/fits/noise/noise_00678.fits,964065464,,,,,,,,
noise_00679,NOISE,dataset/fits/noise/noise_00679.fits,502517499,,,,,,,,
noise_00680,NOISE,dataset/fits/noise/noise_00680.fits,1146780219,,,,,,,,
noise_00681,NOISE,dataset/fits/noise/noise_00681.fits,513610434,,,,,,,,
noise_00682,NOISE,dataset/fits/noise/noise_00682.fits,664577237,,,,,,,,
noise_00683,NOISE,dataset/fits/noise/noise_00683.fits,2073602981,,,,,,,,
noise_00684,NOISE,dataset/fits/noise/noise_00684.fits,1736506531,,,,,,,,
noise_00685,NOISE,dataset/fits/noise/noise_00685.fits,1684422272,,,,,,,,
noise_00686,NOISE,dataset/fits/noise/noise_00686.fits,1007203330,,,,,,,,
noise_00687,NOISE,dataset/fits/noise/noise_00687.fits,1941270101,,,,,,,,
noise_00688,NOISE,dataset/fits/noise/noise_00688.fits,1793392356,,,,,,,,
noise_00689,NOISE,dataset/fits/noise/noise_00689.fits,416646572,,,,,,,,
noise_00690,NOISE,dataset/fits/noise/noise_00690.fits,789932439,,,,,,,,
noise_00691,NOISE,dataset/fits/noise/noise_00691.fits,1456652812,,,,,,,,
noise_00692,NOISE,dataset/fits/noise/noise_00692.fits,2033946546,,,,,,,,
noise_00693,NOISE,dataset/fits/noise/noise_00693.fits,1224966317,,,,,,,,
noise_00694,NOISE,dataset/fits/noise/noise_00694.fits,2114068357,,,,,,,,
noise_00695,NOISE,dataset/fits/noise/noise_00695.fits,946175725,,,,,,,,
noise_00696,NOISE,dataset/fits/noise/noise_00696.fits,991450196,,,,,,,,
noise_00697,NOISE,dataset/fits/noise/noise_00697.fits,1652356711,,,,,,,,
noise_00698,NOISE,dataset/fits/noise/noise_00698.fits,605100177,,,,,,,,
noise_00699,NOISE,dataset/fits/noise/noise_00699.fits,1671008643,,,,,,,,
noise_00700,NOISE,dataset/fits/noise/noise_00700.fits,820064814,,,,,,,,
noise_00701,NOISE,dataset/fits/noise/noise_00701.fits,1079983899,,,,,,,,
noise_00702,NOISE,dataset/fits/noise/noise_00702.fits,1132711275,,,,,,,,
noise_00703,NOISE,dataset/fits/noise/noise_00703.fits,899067269,,,,,,,,
noise_00704,NOISE,dataset/fits/noise/noise_00704.fits,2075045072,,,,,,,,
noise_00705,NOISE,dataset/fits/noise/noise_00705.fits,348017280,,,,,,,,
noise_00706,NOISE,dataset/fits/noise/noise_00706.fits,1754260577,,,,,,,,
noise_00707,NOISE,dataset/fits/noise/noise_00707.fits,428847614,,,,,,,,
noise_00708,NOISE,dataset/fits/noise/noise_00708.fits,1720691085,,,,,,,,
noise_00709,NOISE,dataset/fits/noise/noise_00709.fits,1298504870,,,,,,,,
noise_00710,NOISE,dataset/fits/noise/noise_00710.fits,297208581,,,,,,,,
noise_00711,NOISE,dataset/fits/noise/noise_00711.fits,1874757356,,,,,,,,
noise_00712,NOISE,dataset/fits/noise/noise_00712.fits,536877817,,,,,,,,
noise_00713,NOISE,dataset/fits/noise/noise_00713.fits,112055271,,,,,,,,
noise_00714,NOISE,dataset/fits/noise/noise_00714.fits,1376921490,,,,,,,,
noise_00715,NOISE,dataset/fits/noise/noise_00715.fits,1032060569,,,,,,,,
noise_00716,NOISE,dataset/fits/noise/noise_00716.fits,1877151848,,,,,,,,
noise_00717,NOISE,dataset/fits/noise/noise_00717.fits,797171923,,,,,,,,
noise_00718,NOISE,dataset/fits/noise/noise_00718.fits,1190867182,,,,,,,,
noise_00719,NOISE,dataset/fits/noise/noise_00719.fits,2006380131,,,,,,,,
noise_00720,NOISE,dataset/fits/noise/noise_00720.fits,220309764,,,,,,,,
noise_00721,NOISE,dataset/fits/noise/noise_00721.fits,1527721966,,,,,,,,
noise_00722,NOISE,dataset/fits/noise/noise_00722.fits,1816539831,,,,,,,,
noise_00723,NOISE,dataset/fits/noise/noise_00723.fits,1107906971,,,,,,,,
noise_00724,NOISE,dataset/fits/noise/noise_00724.fits,1827865178,,,,,,,,
noise_00725,NOISE,dataset/fits/noise/noise_00725.fits,267743473,,,,,,,,
noise_00726,NOISE,dataset/fits/noise/noise_00726.fits,612168169,,,,,,,,
noise_00727,NOISE,dataset/fits/noise/noise_00727.fits,180120453,,,,,,,,
noise_00728,NOISE,dataset/fits/noise/noise_00728.fits,1638780918,,,,,,,,
noise_00729,NOISE,dataset/fits/noise/noise_00729.fits,344268126,,,,,,,,
noise_00730,NOISE,dataset/fits/noise/noise_00730.fits,585814855,,,,,,,,
noise_00731,NOISE,dataset/fits/noise/noise_00731.fits,964905669,,,,,,,,
noise_00732,NOISE,dataset/fits/noise/noise_00732.fits,1944130286,,,,,,,,
noise_00733,NOISE,dataset/fits/noise/noise_00733.fits,1102416612,,,,,,,,
noise_00734,NOISE,dataset/fits/noise/noise_00734.fits,316428824,,,,,,,,
noise_00735,NOISE,dataset/fits/noise/noise_00735.fits,1784659238,,,,,,,,
noise_00736,NOISE,dataset/fits/noise/noise_00736.fits,939465178,,,,,,,,
noise_00737,NOISE,dataset/fits/noise/noise_00737.fits,196953392,,,,,,,,
noise_00738,NOISE,dataset/fits/noise/noise_00738.fits,2032406998,,,,,,,,
noise_00739,NOISE,dataset/fits/noise/noise_00739.fits,1955294508,,,,,,,,
noise_00740,NOISE,dataset/fits/noise/noise_00740.fits,476822990,,,,,,,,
noise_00741,NOISE,dataset/fits/noise/noise_00741.fits,1753856881,,,,,,,,
noise_00742,NOISE,dataset/fits/noise/noise_00742.fits,968789980,,,,,,,,
noise_00743,NOISE,dataset/fits/noise/noise_00743.fits,1899727971,,,,,,,,
noise_00744,NOISE,dataset/fits/noise/noise_00744.fits,750728227,,,,,,,,
noise_00745,NOISE,dataset/fits/noise/noise_00745.fits,1998173255,,,,,,,,
noise_00746,NOISE,dataset/fits/noise/noise_00746.fits,57273802,,,,,,,,
noise_00747,NOISE,dataset/fits/noise/noise_00747.fits,890984333,,,,,,,,
noise_00748,NOISE,dataset/fits/noise/noise_00748.fits,114368303,,,,,,,,
noise_00749,NOISE,dataset/fits/noise/noise_00749.fits,851378405,,,,,,,,
noise_00750,NOISE,dataset/fits/noise/noise_00750.fits,1078052069,,,,,,,,
noise_00751,NOISE,dataset/fits/noise/noise_00751.fits,803076185,,,,,,,,
noise_00752,NOISE,dataset/fits/noise/noise_00752.fits,506329556,,,,,,,,
noise_00753,NOISE,dataset/fits/noise/noise_00753.fits,829285417,,,,,,,,
noise_00754,NOISE,dataset/fits/noise/noise_00754.fits,2135726930,,,,,,,,
noise_00755,NOISE,dataset/fits/noise/noise_00755.fits,175246343,,,,,,,,
noise_00756,NOISE,dataset/fits/noise/noise_00756.fits,805118840,,,,,,,,
noise_00757,NOISE,dataset/fits/noise/noise_00757.fits,482193321,,,,,,,,
noise_00758,NOISE,dataset/fits/noise/noise_00758.fits,60532292,,,,,,,,
noise_00759,NOISE,dataset/fits/noise/noise_00759.fits,684370546,,,,,,,,
noise_00760,NOISE,dataset/fits/noise/noise_00760.fits,1998933423,,,,,,,,
noise_00761,NOISE,dataset/fits/noise/noise_00761.fits,212779389,,,,,,,,
noise_00762,NOISE,dataset/fits/noise/noise_00762.fits,1802117351,,,,,,,,
noise_00763,NOISE,dataset/fits/noise/noise_00763.fits,1534815737,,,,,,,,
noise_00764,NOISE,dataset/fits/noise/noise_00764.fits,1395779943,,,,,,,,
noise_00765,NOISE,dataset/fits/noise/noise_00765.fits,720030552,,,,,,,,
noise_00766,NOISE,dataset/fits/noise/noise_00766.fits,1699476987,,,,,,,,
noise_00767,NOISE,dataset/fits/noise/noise_00767.fits,313638498,,,,,,,,
noise_00768,NOISE,dataset/fits/noise/noise_00768.fits,295492877,,,,,,,,
noise_00769,NOISE,dataset/fits/noise/noise_00769.fits,82255486,,,,,,,,
noise_00770,NOISE,dataset/fits/noise/noise_00770.fits,616068814,,,,,,,,
noise_00771,NOISE,dataset/fits/noise/noise_00771.fits,1970093266,,,,,,,,
noise_00772,NOISE,dataset/fits/noise/noise_00772.fits,1781899439,,,,,,,,
noise_00773,NOISE,dataset/fits/noise/noise_00773.fits,1014589238,,,,,,,,
noise_00774,NOISE,dataset/fits/noise/noise_00774.fits,1494803206,,,,,,,,
noise_00775,NOISE,dataset/fits/noise/noise_00775.fits,1784796186,,,,,,,,
noise_00776,NOISE,dataset/fits/noise/noise_00776.fits,298055036,,,,,,,,
noise_00777,NOISE,dataset/fits/noise/noise_00777.fits,1629598964,,,,,,,,
noise_00778,NOISE,dataset/fits/noise/noise_00778.fits,1515127399,,,,,,,,
noise_00779,NOISE,dataset/fits/noise/noise_00779.fits,1007406336,,,,,,,,
noise_00780,NOISE,dataset/fits/noise/noise_00780.fits,963364335,,,,,,,,
noise_00781,NOISE,dataset/fits/noise/noise_00781.fits,1321450321,,,,,,,,
noise_00782,NOISE,dataset/fits/noise/noise_00782.fits,11276850,,,,,,,,
noise_00783,NOISE,dataset/fits/noise/noise_00783.fits,1945314148,,,,,,,,
noise_00784,NOISE,dataset/fits/noise/noise_00784.fits,170136060,,,,,,,,
noise_00785,NOISE,dataset/fits/noise/noise_00785.fits,40810539,,,,,,,,
noise_00786,NOISE,dataset/fits/noise/noise_00786.fits,549592450,,,,,,,,
noise_00787,NOISE,dataset/fits/noise/noise_00787.fits,463115031,,,,,,,,
noise_00788,NOISE,dataset/fits/noise/noise_00788.fits,1793069607,,,,,,,,
noise_00789,NOISE,dataset/fits/noise/noise_00789.fits,321090941,,,,,,,,
noise_00790,NOISE,dataset/fits/noise/noise_00790.fits,1178548130,,,,,,,,
noise_00791,NOISE,dataset/fits/noise/noise_00791.fits,2019119849,,,,,,,,
noise_00792,NOISE,dataset/fits/noise/noise_00792.fits,1561724813,,,,,,,,
noise_00793,NOISE,dataset/fits/noise/noise_00793.fits,1307560058,,,,,,,,
noise_00794,NOISE,dataset/fits/noise/noise_00794.fits,1133380675,,,,,,,,
noise_00795,NOISE,dataset/fits/noise/noise_00795.fits,908932682,,,,,,,,
noise_00796,NOISE,dataset/fits/noise/noise_00796.fits,238771964,,,,,,,,
noise_00797,NOISE,dataset/fits/noise/noise_00797.fits,1666818036,,,,,,,,
noise_00798,NOISE,dataset/fits/noise/noise_00798.fits,618693429,,,,,,,,
noise_00799,NOISE,dataset/fits/noise/noise_00799.fits,510328512,,,,,,,,
noise_00800,NOISE,dataset/fits/noise/noise_00800.fits,646717278,,,,,,,,
noise_00801,NOISE,dataset/fits/noise/noise_00801.fits,261667331,,,,,,,,
noise_00802,NOISE,dataset/fits/noise/noise_00802.fits,102541156,,,,,,,,
noise_00803,NOISE,dataset/fits/noise/noise_00803.fits,512044935,,,,,,,,
noise_00804,NOISE,dataset/fits/noise/noise_00804.fits,901568487,,,,,,,,
noise_00805,NOISE,dataset/fits/noise/noise_00805.fits,1372138393,,,,,,,,
noise_00806,NOISE,dataset/fits/noise/noise_00806.fits,1704885350,,,,,,,,
noise_00807,NOISE,dataset/fits/noise/noise_00807.fits,1337475509,,,,,,,,
noise_00808,NOISE,dataset/fits/noise/noise_00808.fits,981644027,,,,,,,,
noise_00809,NOISE,dataset/fits/noise/noise_00809.fits,134877337,,,,,,,,
noise_00810,NOISE,dataset/fits/noise/noise_00810.fits,238065506,,,,,,,,
noise_00811,NOISE,dataset/fits/noise/noise_00811.fits,1796773185,,,,,,,,
noise_00812,NOISE,dataset/fits/noise/noise_00812.fits,1943788132,,,,,,,,
noise_00813,NOISE,dataset/fits/noise/noise_00813.fits,1073375076,,,,,,,,
noise_00814,NOISE,dataset/fits/noise/noise_00814.fits,1281487334,,,,,,,,
noise_00815,NOISE,dataset/fits/noise/noise_00815.fits,1151166746,,,,,,,,
noise_00816,NOISE,dataset/fits/noise/noise_00816.fits,35294643,,,,,,,,
noise_00817,NOISE,dataset/fits/noise/noise_00817.fits,1357112902,,,,,,,,
noise_00818,NOISE,dataset/fits/noise/noise_00818.fits,1106760954,,,,,,,,
noise_00819,NOISE,dataset/fits/noise/noise_00819.fits,1234905024,,,,,,,,
noise_00820,NOISE,dataset/fits/noise/noise_00820.fits,519558181,,,,,,,,
noise_00821,NOISE,dataset/fits/noise/noise_00821.fits,1543062202,,,,,,,,
noise_00822,NOISE,dataset/fits/noise/noise_00822.fits,308328925,,,,,,,,
noise_00823,NOISE,dataset/fits/noise/noise_00823.fits,625501831,,,,,,,,
noise_00824,NOISE,dataset/fits/noise/noise_00824.fits,921783505,,,,,,,,
noise_00825,NOISE,dataset/fits/noise/noise_00825.fits,3359391,,,,,,,,
noise_00826,NOISE,dataset/fits/noise/noise_00826.fits,1320293530,,,,,,,,
noise_00827,NOISE,dataset/fits/noise/noise_00827.fits,757666676,,,,,,,,
noise_00828,NOISE,dataset/fits/noise/noise_00828.fits,516607776,,,,,,,,
noise_00829,NOISE,dataset/fits/noise/noise_00829.fits,1225491003,,,,,,,,
noise_00830,NOISE,dataset/fits/noise/noise_00830.fits,894572112,,,,,,,,
noise_00831,NOISE,dataset/fits/noise/noise_00831.fits,402253555,,,,,,,,
noise_00832,NOISE,dataset/fits/noise/noise_00832.fits,1426726509,,,,,,,,
noise_00833,NOISE,dataset/fits/noise/noise_00833.fits,1434980584,,,,,,,,
noise_00834,NOISE,dataset/fits/noise/noise_00834.fits,183854568,,,,,,,,
noise_00835,NOISE,dataset/fits/noise/noise_00835.fits,1124174518,,,,,,,,
noise_00836,NOISE,dataset/fits/noise/noise_00836.fits,2093054577,,,,,,,,
noise_00837,NOISE,dataset/fits/noise/noise_00837.fits,774390673,,,,,,,,
noise_00838,NOISE,dataset/fits/noise/noise_00838.fits,145340237,,,,,,,,
noise_00839,NOISE,dataset/fits/noise/noise_00839.fits,2047418801,,,,,,,,
noise_00840,NOISE,dataset/fits/noise/noise_00840.fits,1129704052,,,,,,,,
noise_00841,NOISE,dataset/fits/noise/noise_00841.fits,1168407116,,,,,,,,
noise_00842,NOISE,dataset/fits/noise/noise_00842.fits,1089477936,,,,,,,,
noise_00843,NOISE,dataset/fits/noise/noise_00843.fits,1688807619,,,,,,,,
noise_00844,NOISE,dataset/fits/noise/noise_00844.fits,2122425710,,,,,,,,
noise_00845,NOISE,dataset/fits/noise/noise_00845.fits,1090111211,,,,,,,,
noise_00846,NOISE,dataset/fits/noise/noise_00846.fits,1190032269,,,,,,,,
noise_00847,NOISE,dataset/fits/noise/noise_00847.fits,43667585,,,,,,,,
noise_00848,NOISE,dataset/fits/noise/noise_00848.fits,838493007,,,,,,,,
noise_00849,NOISE,dataset/fits/noise/noise_00849.fits,1875464977,,,,,,,,
noise_00850,NOISE,dataset/fits/noise/noise_00850.fits,1009607401,,,,,,,,
noise_00851,NOISE,dataset/fits/noise/noise_00851.fits,93489469,,,,,,,,
noise_00852,NOISE,dataset/fits/noise/noise_00852.fits,1365092630,,,,,,,,
noise_00853,NOISE,dataset/fits/noise/noise_00853.fits,830821300,,,,,,,,
noise_00854,NOISE,dataset/fits/noise/noise_00854.fits,2106766119,,,,,,,,
noise_00855,NOISE,dataset/fits/noise/noise_00855.fits,801660780,,,,,,,,
noise_00856,NOISE,dataset/fits/noise/noise_00856.fits,544709787,,,,,,,,
noise_00857,NOISE,dataset/fits/noise/noise_00857.fits,1604850171,,,,,,,,
noise_00858,NOISE,dataset/fits/noise/noise_00858.fits,34879933,,,,,,,,
noise_00859,NOISE,dataset/fits/noise/noise_00859.fits,766853250,,,,,,,,
noise_00860,NOISE,dataset/fits/noise/noise_00860.fits,1693333853,,,,,,,,
noise_00861,NOISE,dataset/fits/noise/noise_00861.fits,145083044,,,,,,,,
noise_00862,NOISE,dataset/fits/noise/noise_00862.fits,740457727,,,,,,,,
noise_00863,NOISE,dataset/fits/noise/noise_00863.fits,517813973,,,,,,,,
noise_00864,NOISE,dataset/fits/noise/noise_00864.fits,1573978854,,,,,,,,
noise_00865,NOISE,dataset/fits/noise/noise_00865.fits,1411120949,,,,,,,,
noise_00866,NOISE,dataset/fits/noise/noise_00866.fits,1349171557,,,,,,,,
noise_00867,NOISE,dataset/fits/noise/noise_00867.fits,222616464,,,,,,,,
noise_00868,NOISE,dataset/fits/noise/noise_00868.fits,1656786583,,,,,,,,
noise_00869,NOISE,dataset/fits/noise/noise_00869.fits,1249627870,,,,,,,,
noise_00870,NOISE,dataset/fits/noise/noise_00870.fits,1578802032,,,,,,,,
noise_00871,NOISE,dataset/fits/noise/noise_00871.fits,1624955622,,,,,,,,
noise_00872,NOISE,dataset/fits/noise/noise_00872.fits,714078276,,,,,,,,
noise_00873,NOISE,dataset/fits/noise/noise_00873.fits,286494928,,,,,,,,
noise_00874,NOISE,dataset/fits/noise/noise_00874.fits,95210162,,,,,,,,
noise_00875,NOISE,dataset/fits/noise/noise_00875.fits,756556437,,,,,,,,
noise_00876,NOISE,dataset/fits/noise/noise_00876.fits,1172555585,,,,,,,,
noise_00877,NOISE,dataset/fits/noise/noise_00877.fits,727024702,,,,,,,,
noise_00878,NOISE,dataset/fits/noise/noise_00878.fits,1746996990,,,,,,,,
noise_00879,NOISE,dataset/fits/noise/noise_00879.fits,1380393081,,,,,,,,
noise_00880,NOISE,dataset/fits/noise/noise_00880.fits,376001027,,,,,,,,
noise_00881,NOISE,dataset/fits/noise/noise_00881.fits,1783235321,,,,,,,,
noise_00882,NOISE,dataset/fits/noise/noise_00882.fits,1673195979,,,,,,,,
noise_00883,NOISE,dataset/fits/noise/noise_00883.fits,1470344613,,,,,,,,
noise_00884,NOISE,dataset/fits/noise/noise_00884.fits,997770070,,,,,,,,
noise_00885,NOISE,dataset/fits/noise/noise_00885.fits,2106293164,,,,,,,,
noise_00886,NOISE,dataset/fits/noise/noise_00886.fits,1493337054,,,,,,,,
noise_00887,NOISE,dataset/fits/noise/noise_00887.fits,1027637872,,,,,,,,
noise_00888,NOISE,dataset/fits/noise/noise_00888.fits,1356642409,,,,,,,,
noise_00889,NOISE,dataset/fits/noise/noise_00889.fits,391439010,,,,,,,,
noise_00890,NOISE,dataset/fits/noise/noise_00890.fits,1742678005,,,,,,,,
noise_00891,NOISE,dataset/fits/noise/noise_00891.fits,289593720,,,,,,,,
noise_00892,NOISE,dataset/fits/noise/noise_00892.fits,135507370,,,,,,,,
noise_00893,NOISE,dataset/fits/noise/noise_00893.fits,1537695050,,,,,,,,
noise_00894,NOISE,dataset/fits/noise/noise_00894.fits,1666856184,,,,,,,,
noise_00895,NOISE,dataset/fits/noise/noise_00895.fits,2026376640,,,,,,,,
noise_00896,NOISE,dataset/fits/noise/noise_00896.fits,982859411,,,,,,,,
noise_00897,NOISE,dataset/fits/noise/noise_00897.fits,79422090,,,,,,,,
noise_00898,NOISE,dataset/fits/noise/noise_00898.fits,630163134,,,,,,,,
noise_00899,NOISE,dataset/fits/noise/noise_00899.fits,432913365,,,,,,,,
noise_00900,NOISE,dataset/fits/noise/noise_00900.fits,94073260,,,,,,,,
noise_00901,NOISE,dataset/fits/noise/noise_00901.fits,1698894099,,,,,,,,
noise_00902,NOISE,dataset/fits/noise/noise_00902.fits,428358203,,,,,,,,
noise_00903,NOISE,dataset/fits/noise/noise_00903.fits,1902220374,,,,,,,,
noise_00904,NOISE,dataset/fits/noise/noise_00904.fits,89992328,,,,,,,,
noise_00905,NOISE,dataset/fits/noise/noise_00905.fits,677736855,,,,,,,,
noise_00906,NOISE,dataset/fits/noise/noise_00906.fits,2004398923,,,,,,,,
noise_00907,NOISE,dataset/fits/noise/noise_00907.fits,665882892,,,,,,,,
noise_00908,NOISE,dataset/fits/noise/noise_00908.fits,1106777828,,,,,,,,
noise_00909,NOISE,dataset/fits/noise/noise_00909.fits,855179645,,,,,,,,
noise_00910,NOISE,dataset/fits/noise/noise_00910.fits,2124124829,,,,,,,,
noise_00911,NOISE,dataset/fits/noise/noise_00911.fits,1751071224,,,,,,,,
noise_00912,NOISE,dataset/fits/noise/noise_00912.fits,1166149541,,,,,,,,
noise_00913,NOISE,dataset/fits/noise/noise_00913.fits,1016618257,,,,,,,,
noise_00914,NOISE,dataset/fits/noise/noise_00914.fits,543987176,,,,,,,,
noise_00915,NOISE,dataset/fits/noise/noise_00915.fits,78642497,,,,,,,,
noise_00916,NOISE,dataset/fits/noise/noise_00916.fits,1617679930,,,,,,,,
noise_00917,NOISE,dataset/fits/noise/noise_00917.fits,1389208256,,,,,,,,
noise_00918,NOISE,dataset/fits/noise/noise_00918.fits,410391500,,,,,,,,
noise_00919,NOISE,dataset/fits/noise/noise_00919.fits,614418471,,,,,,,,
noise_00920,NOISE,dataset/fits/noise/noise_00920.fits,766596208,,,,,,,,
noise_00921,NOISE,dataset/fits/noise/noise_00921.fits,1851428394,,,,,,,,
noise_00922,NOISE,dataset/fits/noise/noise_00922.fits,1676844510,,,,,,,,
noise_00923,NOISE,dataset/fits/noise/noise_00923.fits,102658371,,,,,,,,
noise_00924,NOISE,dataset/fits/noise/noise_00924.fits,1859287636,,,,,,,,
noise_00925,NOISE,dataset/fits/noise/noise_00925.fits,1408172391,,,,,,,,
noise_00926,NOISE,dataset/fits/noise/noise_00926.fits,712802837,,,,,,,,
noise_00927,NOISE,dataset/fits/noise/noise_00927.fits,586728205,,,,,,,,
noise_00928,NOISE,dataset/fits/noise/noise_00928.fits,267308038,,,,,,,,
noise_00929,NOISE,dataset/fits/noise/noise_00929.fits,1716574767,,,,,,,,
noise_00930,NOISE,dataset/fits/noise/noise_00930.fits,790315156,,,,,,,,
noise_00931,NOISE,dataset/fits/noise/noise_00931.fits,938345943,,,,,,,,
noise_00932,NOISE,dataset/fits/noise/noise_00932.fits,1910157745,,,,,,,,
noise_00933,NOISE,dataset/fits/noise/noise_00933.fits,859040222,,,,,,,,
noise_00934,NOISE,dataset/fits/noise/noise_00934.fits,1596241143,,,,,,,,
noise_00935,NOISE,dataset/fits/noise/noise_00935.fits,944327231,,,,,,,,
noise_00936,NOISE,dataset/fits/noise/noise_00936.fits,1921219385,,,,,,,,
noise_00937,NOISE,dataset/fits/noise/noise_00937.fits,2054022404,,,,,,,,
noise_00938,NOISE,dataset/fits/noise/noise_00938.fits,830313324,,,,,,,,
noise_00939,NOISE,dataset/fits/noise/noise_00939.fits,728075609,,,,,,,,
noise_00940,NOISE,dataset/fits/noise/noise_00940.fits,2091055487,,,,,,,,
noise_00941,NOISE,dataset/fits/noise/noise_00941.fits,401186913,,,,,,,,
noise_00942,NOISE,dataset/fits/noise/noise_00942.fits,1065588317,,,,,,,,
noise_00943,NOISE,dataset/fits/noise/noise_00943.fits,1486205761,,,,,,,,
noise_00944,NOISE,dataset/fits/noise/noise_00944.fits,1068423346,,,,,,,,
noise_00945,NOISE,dataset/fits/noise/noise_00945.fits,788871510,,,,,,,,
noise_00946,NOISE,dataset/fits/noise/noise_00946.fits,1984941611,,,,,,,,
noise_00947,NOISE,dataset/fits/noise/noise_00947.fits,1712169132,,,,,,,,
noise_00948,NOISE,dataset/fits/noise/noise_00948.fits,1115136403,,,,,,,,
noise_00949,NOISE,dataset/fits/noise/noise_00949.fits,572778326,,,,,,,,
noise_00950,NOISE,dataset/fits/noise/noise_00950.fits,1720452418,,,,,,,,
noise_00951,NOISE,dataset/fits/noise/noise_00951.fits,177406861,,,,,,,,
noise_00952,NOISE,dataset/fits/noise/noise_00952.fits,1561395251,,,,,,,,
noise_00953,NOISE,dataset/fits/noise/noise_00953.fits,911606087,,,,,,,,
noise_00954,NOISE,dataset/fits/noise/noise_00954.fits,169494450,,,,,,,,
noise_00955,NOISE,dataset/fits/noise/noise_00955.fits,924721818,,,,,,,,
noise_00956,NOISE,dataset/fits/noise/noise_00956.fits,1293758594,,,,,,,,
noise_00957,NOISE,dataset/fits/noise/noise_00957.fits,2136957038,,,,,,,,
noise_00958,NOISE,dataset/fits/noise/noise_00958.fits,1765964456,,,,,,,,
noise_00959,NOISE,dataset/fits/noise/noise_00959.fits,387527348,,,,,,,,
noise_00960,NOISE,dataset/fits/noise/noise_00960.fits,1171397351,,,,,,,,
noise_00961,NOISE,dataset/fits/noise/noise_00961.fits,630858591,,,,,,,,
noise_00962,NOISE,dataset/fits/noise/noise_00962.fits,689796298,,,,,,,,
noise_00963,NOISE,dataset/fits/noise/noise_00963.fits,220327339,,,,,,,,
noise_00964,NOISE,dataset/fits/noise/noise_00964.fits,171946681,,,,,,,,
noise_00965,NOISE,dataset/fits/noise/noise_00965.fits,704202633,,,,,,,,
noise_00966,NOISE,dataset/fits/noise/noise_00966.fits,1419313227,,,,,,,,
noise_00967,NOISE,dataset/fits/noise/noise_00967.fits,634881968,,,,,,,,
noise_00968,NOISE,dataset/fits/noise/noise_00968.fits,658194846,,,,,,,,
noise_00969,NOISE,dataset/fits/noise/noise_00969.fits,957596808,,,,,,,,
noise_00970,NOISE,dataset/fits/noise/noise_00970.fits,1294120095,,,,,,,,
noise_00971,NOISE,dataset/fits/noise/noise_00971.fits,1541169363,,,,,,,,
noise_00972,NOISE,dataset/fits/noise/noise_00972.fits,915077304,,,,,,,,
noise_00973,NOISE,dataset/fits/noise/noise_00973.fits,357866914,,,,,,,,
noise_00974,NOISE,dataset/fits/noise/noise_00974.fits,1481258646,,,,,,,,
noise_00975,NOISE,dataset/fits/noise/noise_00975.fits,953285994,,,,,,,,
noise_00976,NOISE,dataset/fits/noise/noise_00976.fits,754941407,,,,,,,,
noise_00977,NOISE,dataset/fits/noise/noise_00977.fits,960203639,,,,,,,,
noise_00978,NOISE,dataset/fits/noise/noise_00978.fits,90957010,,,,,,,,
noise_00979,NOISE,dataset/fits/noise/noise_00979.fits,1560822028,,,,,,,,
noise_00980,NOISE,dataset/fits/noise/noise_00980.fits,1868390596,,,,,,,,
noise_00981,NOISE,dataset/fits/noise/noise_00981.fits,1957661623,,,,,,,,
noise_00982,NOISE,dataset/fits/noise/noise_00982.fits,757115354,,,,,,,,
noise_00983,NOISE,dataset/fits/noise/noise_00983.fits,1320383499,,,,,,,,
noise_00984,NOISE,dataset/fits/noise/noise_00984.fits,2143512089,,,,,,,,
noise_00985,NOISE,dataset/fits/noise/noise_00985.fits,934027618,,,,,,,,
noise_00986,NOISE,dataset/fits/noise/noise_00986.fits,589603148,,,,,,,,
noise_00987,NOISE,dataset/fits/noise/noise_00987.fits,1373249887,,,,,,,,
noise_00988,NOISE,dataset/fits/noise/noise_00988.fits,2104592550,,,,,,,,
noise_00989,NOISE,dataset/fits/noise/noise_00989.fits,1699685682,,,,,,,,
noise_00990,NOISE,dataset/fits/noise/noise_00990.fits,2035609158,,,,,,,,
noise_00991,NOISE,dataset/fits/noise/noise_00991.fits,123175515,,,,,,,,
noise_00992,NOISE,dataset/fits/noise/noise_00992.fits,161149678,,,,,,,,
noise_00993,NOISE,dataset/fits/noise/noise_00993.fits,1441356426,,,,,,,,
noise_00994,NOISE,dataset/fits/noise/noise_00994.fits,1369047750,,,,,,,,
noise_00995,NOISE,dataset/fits/noise/noise_00995.fits,872329827,,,,,,,,
noise_00996,NOISE,dataset/fits/noise/noise_00996.fits,780204720,,,,,,,,
noise_00997,NOISE,dataset/fits/noise/noise_00997.fits,1101843836,,,,,,,,
noise_00998,NOISE,dataset/fits/noise/noise_00998.fits,1720340512,,,,,,,,
noise_00999,NOISE,dataset/fits/noise/noise_00999.fits,1610393663,,,,,,,,
