sample_id,true_label,source_true_label,vlm_predicted_label,external_predicted_label,vlm_correct,external_correct,vlm_confidence,external_confidence,vlm_frb_probability,external_frb_probability,external_n_candidates,external_aggregation,vlm_features,vlm_error,external_error,agreement
sample_000005,FRB,FRB,NON_FRB,FRB,False,True,0.95,1.0,0.15,1.0,2,max,"{""broadband"":false,""frequency_dependent_delay"":false,""localized_transient"":false,""persistent_bands"":false,""random_background_texture"":true,""repeating_pattern"":false,""saturated_or_clipped"":false,""uniform_or_constant_background"":false,""visible_structure"":false}",,,False
sample_000008,FRB,FRB,NON_FRB,FRB,False,True,0.95,1.0,0.15,1.0,2,max,"{""broadband"":false,""frequency_dependent_delay"":false,""localized_transient"":false,""persistent_bands"":false,""random_background_texture"":true,""repeating_pattern"":false,""saturated_or_clipped"":false,""uniform_or_constant_background"":false,""visible_structure"":false}",,,False
sample_000023,FRB,FRB,NON_FRB,FRB,False,True,0.95,1.0,0.15,1.0,2,max,"{""broadband"":false,""frequency_dependent_delay"":false,""localized_transient"":false,""persistent_bands"":false,""random_background_texture"":true,""repeating_pattern"":false,""saturated_or_clipped"":false,""uniform_or_constant_background"":false,""visible_structure"":false}",,,False
sample_000029,FRB,FRB,NON_FRB,FRB,False,True,0.95,1.0,0.15,1.0,2,max,"{""broadband"":false,""frequency_dependent_delay"":false,""localized_transient"":false,""persistent_bands"":false,""random_background_texture"":true,""repeating_pattern"":false,""saturated_or_clipped"":false,""uniform_or_constant_background"":false,""visible_structure"":false}",,,False
sample_000033,FRB,FRB,NON_FRB,FRB,False,True,0.95,1.0,0.15,1.0,2,max,"{""broadband"":false,""frequency_dependent_delay"":false,""localized_transient"":false,""persistent_bands"":false,""random_background_texture"":true,""repeating_pattern"":false,""saturated_or_clipped"":false,""uniform_or_constant_background"":false,""visible_structure"":false}",,,False
sample_000042,FRB,FRB,NON_FRB,FRB,False,True,0.95,1.0,0.15,1.0,2,max,"{""broadband"":true,""frequency_dependent_delay"":false,""localized_transient"":false,""persistent_bands"":false,""random_background_texture"":true,""repeating_pattern"":false,""saturated_or_clipped"":false,""uniform_or_constant_background"":false,""visible_structure"":true}",,,False
sample_000043,FRB,FRB,NON_FRB,FRB,False,True,0.95,1.0,0.15,1.0,2,max,"{""broadband"":false,""frequency_dependent_delay"":false,""localized_transient"":false,""persistent_bands"":false,""random_background_texture"":true,""repeating_pattern"":false,""saturated_or_clipped"":false,""uniform_or_constant_background"":true,""visible_structure"":false}",,,False
sample_000048,FRB,FRB,NON_FRB,FRB,False,True,0.95,1.0,0.15,1.0,2,max,"{""broadband"":false,""frequency_dependent_delay"":false,""localized_transient"":false,""persistent_bands"":false,""random_background_texture"":true,""repeating_pattern"":false,""saturated_or_clipped"":false,""uniform_or_constant_background"":false,""visible_structure"":false}",,,False
sample_000054,FRB,FRB,NON_FRB,FRB,False,True,0.95,1.0,0.15,1.0,2,max,"{""broadband"":false,""frequency_dependent_delay"":false,""localized_transient"":false,""persistent_bands"":false,""random_background_texture"":true,""repeating_pattern"":false,""saturated_or_clipped"":false,""uniform_or_constant_background"":false,""visible_structure"":false}",,,False
sample_000055,FRB,FRB,NON_FRB,FRB,False,True,0.95,1.0,0.15,1.0,2,max,"{""broadband"":true,""frequency_dependent_delay"":false,""localized_transient"":false,""persistent_bands"":false,""random_background_texture"":true,""repeating_pattern"":false,""saturated_or_clipped"":false,""uniform_or_constant_background"":false,""visible_structure"":true}",,,False
sample_000056,FRB,FRB,NON_FRB,FRB,False,True,0.95,1.0,0.15,1.0,2,max,"{""broadband"":false,""frequency_dependent_delay"":false,""localized_transient"":false,""persistent_bands"":false,""random_background_texture"":true,""repeating_pattern"":false,""saturated_or_clipped"":false,""uniform_or_constant_background"":false,""visible_structure"":false}",,,False
sample_000066,FRB,FRB,NON_FRB,FRB,False,True,0.95,1.0,0.15,1.0,2,max,"{""broadband"":false,""frequency_dependent_delay"":false,""localized_transient"":false,""persistent_bands"":false,""random_background_texture"":true,""repeating_pattern"":false,""saturated_or_clipped"":false,""uniform_or_constant_background"":false,""visible_structure"":false}",,,False
sample_000070,FRB,FRB,NON_FRB,FRB,False,True,0.95,1.0,0.15,1.0,2,max,"{""broadband"":false,""frequency_dependent_delay"":false,""localized_transient"":false,""persistent_bands"":false,""random_background_texture"":true,""repeating_pattern"":false,""saturated_or_clipped"":false,""uniform_or_constant_background"":true,""visible_structure"":false}",,,False
sample_000073,FRB,FRB,NON_FRB,FRB,False,True,0.95,1.0,0.15,1.0,1,max,"{""broadband"":false,""frequency_dependent_delay"":false,""localized_transient"":false,""persistent_bands"":false,""random_background_texture"":true,""repeating_pattern"":false,""saturated_or_clipped"":false,""uniform_or_constant_background"":false,""visible_structure"":false}",,,False
sample_000077,FRB,FRB,NON_FRB,FRB,False,True,0.95,1.0,0.15,1.0,2,max,"{""broadband"":false,""frequency_dependent_delay"":false,""localized_transient"":false,""persistent_bands"":false,""random_background_texture"":true,""repeating_pattern"":false,""saturated_or_clipped"":false,""uniform_or_constant_background"":false,""visible_structure"":false}",,,False
sample_000083,FRB,FRB,NON_FRB,FRB,False,True,0.95,1.0,0.15,1.0,2,max,"{""broadband"":false,""frequency_dependent_delay"":false,""localized_transient"":false,""persistent_bands"":false,""random_background_texture"":true,""repeating_pattern"":false,""saturated_or_clipped"":false,""uniform_or_constant_background"":true,""visible_structure"":false}",,,False
sample_000092,FRB,FRB,NON_FRB,FRB,False,True,0.95,1.0,0.15,1.0,2,max,"{""broadband"":false,""frequency_dependent_delay"":false,""localized_transient"":false,""persistent_bands"":false,""random_background_texture"":true,""repeating_pattern"":false,""saturated_or_clipped"":false,""uniform_or_constant_background"":false,""visible_structure"":false}",,,False
sample_000107,FRB,FRB,NON_FRB,FRB,False,True,0.95,1.0,0.15,1.0,2,max,"{""broadband"":false,""frequency_dependent_delay"":false,""localized_transient"":false,""persistent_bands"":false,""random_background_texture"":true,""repeating_pattern"":false,""saturated_or_clipped"":false,""uniform_or_constant_background"":false,""visible_structure"":false}",,,False
sample_000121,FRB,FRB,NON_FRB,FRB,False,True,0.95,1.0,0.15,1.0,2,max,"{""broadband"":false,""frequency_dependent_delay"":false,""localized_transient"":false,""persistent_bands"":false,""random_background_texture"":true,""repeating_pattern"":false,""saturated_or_clipped"":false,""uniform_or_constant_background"":false,""visible_structure"":false}",,,False
sample_000126,FRB,FRB,NON_FRB,FRB,False,True,0.95,1.0,0.15,1.0,2,max,"{""broadband"":false,""frequency_dependent_delay"":false,""localized_transient"":false,""persistent_bands"":false,""random_background_texture"":true,""repeating_pattern"":false,""saturated_or_clipped"":false,""uniform_or_constant_background"":true,""visible_structure"":false}",,,False
sample_000139,FRB,FRB,NON_FRB,FRB,False,True,0.95,0.9999998807907104,0.15,0.9999998807907104,2,max,"{""broadband"":false,""frequency_dependent_delay"":false,""localized_transient"":false,""persistent_bands"":false,""random_background_texture"":true,""repeating_pattern"":false,""saturated_or_clipped"":false,""uniform_or_constant_background"":false,""visible_structure"":false}",,,False
sample_000144,FRB,FRB,NON_FRB,FRB,False,True,0.95,1.0,0.15,1.0,2,max,"{""broadband"":false,""frequency_dependent_delay"":false,""localized_transient"":false,""persistent_bands"":false,""random_background_texture"":true,""repeating_pattern"":false,""saturated_or_clipped"":false,""uniform_or_constant_background"":false,""visible_structure"":false}",,,False
sample_000170,FRB,FRB,NON_FRB,FRB,False,True,0.95,1.0,0.15,1.0,2,max,"{""broadband"":false,""frequency_dependent_delay"":false,""localized_transient"":false,""persistent_bands"":false,""random_background_texture"":true,""repeating_pattern"":false,""saturated_or_clipped"":false,""uniform_or_constant_background"":false,""visible_structure"":false}",,,False
sample_000171,FRB,FRB,NON_FRB,FRB,False,True,0.95,1.0,0.15,1.0,2,max,"{""broadband"":false,""frequency_dependent_delay"":false,""localized_transient"":false,""persistent_bands"":false,""random_background_texture"":true,""repeating_pattern"":false,""saturated_or_clipped"":false,""uniform_or_constant_background"":false,""visible_structure"":false}",,,False
sample_000172,FRB,FRB,NON_FRB,FRB,False,True,0.95,1.0,0.15,1.0,2,max,"{""broadband"":false,""frequency_dependent_delay"":false,""localized_transient"":false,""persistent_bands"":false,""random_background_texture"":true,""repeating_pattern"":false,""saturated_or_clipped"":false,""uniform_or_constant_background"":false,""visible_structure"":false}",,,False
sample_000182,FRB,FRB,NON_FRB,FRB,False,True,0.95,1.0,0.15,1.0,2,max,"{""broadband"":false,""frequency_dependent_delay"":false,""localized_transient"":false,""persistent_bands"":false,""random_background_texture"":true,""repeating_pattern"":false,""saturated_or_clipped"":false,""uniform_or_constant_background"":false,""visible_structure"":false}",,,False
sample_000187,FRB,FRB,NON_FRB,FRB,False,True,0.95,1.0,0.15,1.0,2,max,"{""broadband"":false,""frequency_dependent_delay"":false,""localized_transient"":false,""persistent_bands"":false,""random_background_texture"":true,""repeating_pattern"":false,""saturated_or_clipped"":false,""uniform_or_constant_background"":false,""visible_structure"":false}",,,False
sample_000189,FRB,FRB,NON_FRB,FRB,False,True,0.95,1.0,0.15,1.0,2,max,"{""broadband"":false,""frequency_dependent_delay"":false,""localized_transient"":false,""persistent_bands"":false,""random_background_texture"":true,""repeating_pattern"":false,""saturated_or_clipped"":false,""uniform_or_constant_background"":false,""visible_structure"":false}",,,False
sample_000190,FRB,FRB,NON_FRB,FRB,False,True,0.95,1.0,0.15,1.0,2,max,"{""broadband"":false,""frequency_dependent_delay"":false,""localized_transient"":false,""persistent_bands"":false,""random_background_texture"":true,""repeating_pattern"":false,""saturated_or_clipped"":false,""uniform_or_constant_background"":false,""visible_structure"":false}",,,False
sample_000191,FRB,FRB,NON_FRB,FRB,False,True,0.95,1.0,0.15,1.0,2,max,"{""broadband"":false,""frequency_dependent_delay"":false,""localized_transient"":false,""persistent_bands"":false,""random_background_texture"":true,""repeating_pattern"":false,""saturated_or_clipped"":false,""uniform_or_constant_background"":false,""visible_structure"":false}",,,False
sample_000193,FRB,FRB,NON_FRB,FRB,False,True,0.95,1.0,0.15,1.0,2,max,"{""broadband"":true,""frequency_dependent_delay"":false,""localized_transient"":false,""persistent_bands"":false,""random_background_texture"":true,""repeating_pattern"":false,""saturated_or_clipped"":false,""uniform_or_constant_background"":false,""visible_structure"":true}",,,False
sample_000199,FRB,FRB,NON_FRB,FRB,False,True,0.95,1.0,0.15,1.0,2,max,"{""broadband"":false,""frequency_dependent_delay"":false,""localized_transient"":false,""persistent_bands"":false,""random_background_texture"":true,""repeating_pattern"":false,""saturated_or_clipped"":false,""uniform_or_constant_background"":false,""visible_structure"":false}",,,False
sample_000204,FRB,FRB,NON_FRB,FRB,False,True,0.95,1.0,0.15,1.0,2,max,"{""broadband"":true,""frequency_dependent_delay"":false,""localized_transient"":false,""persistent_bands"":false,""random_background_texture"":true,""repeating_pattern"":false,""saturated_or_clipped"":false,""uniform_or_constant_background"":false,""visible_structure"":true}",,,False
sample_000210,FRB,FRB,NON_FRB,FRB,False,True,0.95,1.0,0.15,1.0,2,max,"{""broadband"":true,""frequency_dependent_delay"":false,""localized_transient"":false,""persistent_bands"":false,""random_background_texture"":true,""repeating_pattern"":false,""saturated_or_clipped"":false,""uniform_or_constant_background"":false,""visible_structure"":true}",,,False
sample_000217,FRB,FRB,NON_FRB,FRB,False,True,0.95,0.9999995231628418,0.15,0.9999995231628418,2,max,"{""broadband"":false,""frequency_dependent_delay"":false,""localized_transient"":false,""persistent_bands"":false,""random_background_texture"":true,""repeating_pattern"":false,""saturated_or_clipped"":false,""uniform_or_constant_background"":false,""visible_structure"":false}",,,False
sample_000220,FRB,FRB,NON_FRB,FRB,False,True,0.95,1.0,0.15,1.0,2,max,"{""broadband"":false,""frequency_dependent_delay"":false,""localized_transient"":false,""persistent_bands"":false,""random_background_texture"":true,""repeating_pattern"":false,""saturated_or_clipped"":false,""uniform_or_constant_background"":false,""visible_structure"":false}",,,False
sample_000228,FRB,FRB,NON_FRB,FRB,False,True,0.95,1.0,0.15,1.0,2,max,"{""broadband"":false,""frequency_dependent_delay"":false,""localized_transient"":false,""persistent_bands"":false,""random_background_texture"":true,""repeating_pattern"":false,""saturated_or_clipped"":false,""uniform_or_constant_background"":false,""visible_structure"":false}",,,False
sample_000229,FRB,FRB,NON_FRB,FRB,False,True,0.95,1.0,0.15,1.0,2,max,"{""broadband"":true,""frequency_dependent_delay"":false,""localized_transient"":false,""persistent_bands"":false,""random_background_texture"":true,""repeating_pattern"":false,""saturated_or_clipped"":false,""uniform_or_constant_background"":false,""visible_structure"":true}",,,False
sample_000242,FRB,FRB,NON_FRB,FRB,False,True,0.95,1.0,0.15,1.0,2,max,"{""broadband"":false,""frequency_dependent_delay"":false,""localized_transient"":false,""persistent_bands"":false,""random_background_texture"":true,""repeating_pattern"":false,""saturated_or_clipped"":false,""uniform_or_constant_background"":false,""visible_structure"":false}",,,False
sample_000244,FRB,FRB,NON_FRB,FRB,False,True,0.95,1.0,0.15,1.0,2,max,"{""broadband"":false,""frequency_dependent_delay"":false,""localized_transient"":false,""persistent_bands"":false,""random_background_texture"":true,""repeating_pattern"":false,""saturated_or_clipped"":false,""uniform_or_constant_background"":false,""visible_structure"":false}",,,False
sample_000251,FRB,FRB,NON_FRB,FRB,False,True,0.95,1.0,0.15,1.0,2,max,"{""broadband"":false,""frequency_dependent_delay"":false,""localized_transient"":false,""persistent_bands"":false,""random_background_texture"":true,""repeating_pattern"":false,""saturated_or_clipped"":false,""uniform_or_constant_background"":false,""visible_structure"":false}",,,False
sample_000253,FRB,FRB,NON_FRB,FRB,False,True,0.95,1.0,0.15,1.0,2,max,"{""broadband"":false,""frequency_dependent_delay"":false,""localized_transient"":false,""persistent_bands"":false,""random_background_texture"":true,""repeating_pattern"":false,""saturated_or_clipped"":false,""uniform_or_constant_background"":false,""visible_structure"":false}",,,False
sample_000261,FRB,FRB,NON_FRB,FRB,False,True,0.95,0.9999997615814209,0.15,0.9999997615814209,2,max,"{""broadband"":false,""frequency_dependent_delay"":false,""localized_transient"":false,""persistent_bands"":false,""random_background_texture"":true,""repeating_pattern"":false,""saturated_or_clipped"":false,""uniform_or_constant_background"":false,""visible_structure"":false}",,,False
sample_000270,FRB,FRB,NON_FRB,FRB,False,True,0.95,1.0,0.15,1.0,2,max,"{""broadband"":false,""frequency_dependent_delay"":false,""localized_transient"":false,""persistent_bands"":false,""random_background_texture"":true,""repeating_pattern"":false,""saturated_or_clipped"":false,""uniform_or_constant_background"":false,""visible_structure"":false}",,,False
sample_000273,FRB,FRB,NON_FRB,FRB,False,True,0.95,1.0,0.15,1.0,2,max,"{""broadband"":true,""frequency_dependent_delay"":false,""localized_transient"":false,""persistent_bands"":false,""random_background_texture"":true,""repeating_pattern"":false,""saturated_or_clipped"":false,""uniform_or_constant_background"":false,""visible_structure"":true}",,,False
sample_000282,FRB,FRB,NON_FRB,FRB,False,True,0.95,1.0,0.15,1.0,2,max,"{""broadband"":false,""frequency_dependent_delay"":false,""localized_transient"":false,""persistent_bands"":false,""random_background_texture"":true,""repeating_pattern"":false,""saturated_or_clipped"":false,""uniform_or_constant_background"":false,""visible_structure"":false}",,,False
sample_000287,FRB,FRB,NON_FRB,FRB,False,True,0.95,1.0,0.15,1.0,2,max,"{""broadband"":true,""frequency_dependent_delay"":false,""localized_transient"":false,""persistent_bands"":false,""random_background_texture"":true,""repeating_pattern"":false,""saturated_or_clipped"":false,""uniform_or_constant_background"":false,""visible_structure"":true}",,,False
sample_000289,FRB,FRB,NON_FRB,FRB,False,True,0.95,1.0,0.15,1.0,2,max,"{""broadband"":true,""frequency_dependent_delay"":false,""localized_transient"":false,""persistent_bands"":false,""random_background_texture"":true,""repeating_pattern"":false,""saturated_or_clipped"":false,""uniform_or_constant_background"":false,""visible_structure"":true}",,,False
sample_000300,FRB,FRB,NON_FRB,FRB,False,True,0.95,1.0,0.15,1.0,2,max,"{""broadband"":false,""frequency_dependent_delay"":false,""localized_transient"":false,""persistent_bands"":false,""random_background_texture"":true,""repeating_pattern"":false,""saturated_or_clipped"":false,""uniform_or_constant_background"":false,""visible_structure"":false}",,,False
sample_000303,FRB,FRB,NON_FRB,FRB,False,True,0.95,1.0,0.15,1.0,2,max,"{""broadband"":true,""frequency_dependent_delay"":false,""localized_transient"":false,""persistent_bands"":false,""random_background_texture"":true,""repeating_pattern"":false,""saturated_or_clipped"":false,""uniform_or_constant_background"":false,""visible_structure"":true}",,,False
sample_000309,FRB,FRB,NON_FRB,FRB,False,True,0.95,1.0,0.15,1.0,2,max,"{""broadband"":false,""frequency_dependent_delay"":false,""localized_transient"":false,""persistent_bands"":false,""random_background_texture"":true,""repeating_pattern"":false,""saturated_or_clipped"":false,""uniform_or_constant_background"":true,""visible_structure"":false}",,,False
sample_000315,FRB,FRB,NON_FRB,FRB,False,True,0.95,1.0,0.15,1.0,2,max,"{""broadband"":false,""frequency_dependent_delay"":false,""localized_transient"":false,""persistent_bands"":false,""random_background_texture"":true,""repeating_pattern"":false,""saturated_or_clipped"":false,""uniform_or_constant_background"":false,""visible_structure"":false}",,,False
sample_000334,FRB,FRB,NON_FRB,FRB,False,True,0.95,1.0,0.15,1.0,2,max,"{""broadband"":false,""frequency_dependent_delay"":false,""localized_transient"":false,""persistent_bands"":false,""random_background_texture"":true,""repeating_pattern"":false,""saturated_or_clipped"":false,""uniform_or_constant_background"":false,""visible_structure"":false}",,,False
sample_000336,FRB,FRB,NON_FRB,FRB,False,True,0.95,1.0,0.15,1.0,2,max,"{""broadband"":false,""frequency_dependent_delay"":false,""localized_transient"":false,""persistent_bands"":false,""random_background_texture"":true,""repeating_pattern"":false,""saturated_or_clipped"":false,""uniform_or_constant_background"":false,""visible_structure"":false}",,,False
sample_000347,FRB,FRB,NON_FRB,FRB,False,True,0.95,1.0,0.15,1.0,2,max,"{""broadband"":true,""frequency_dependent_delay"":false,""localized_transient"":false,""persistent_bands"":false,""random_background_texture"":true,""repeating_pattern"":false,""saturated_or_clipped"":false,""uniform_or_constant_background"":false,""visible_structure"":true}",,,False
sample_000350,FRB,FRB,NON_FRB,FRB,False,True,0.95,1.0,0.15,1.0,2,max,"{""broadband"":false,""frequency_dependent_delay"":false,""localized_transient"":false,""persistent_bands"":false,""random_background_texture"":true,""repeating_pattern"":false,""saturated_or_clipped"":false,""uniform_or_constant_background"":false,""visible_structure"":false}",,,False
sample_000356,FRB,FRB,NON_FRB,FRB,False,True,0.95,1.0,0.15,1.0,2,max,"{""broadband"":false,""frequency_dependent_delay"":false,""localized_transient"":false,""persistent_bands"":false,""random_background_texture"":true,""repeating_pattern"":false,""saturated_or_clipped"":false,""uniform_or_constant_background"":false,""visible_structure"":false}",,,False
sample_000363,FRB,FRB,NON_FRB,FRB,False,True,0.95,1.0,0.1,1.0,2,max,"{""broadband"":false,""frequency_dependent_delay"":false,""localized_transient"":false,""persistent_bands"":false,""random_background_texture"":true,""repeating_pattern"":false,""saturated_or_clipped"":false,""uniform_or_constant_background"":true,""visible_structure"":false}",,,False
sample_000385,FRB,FRB,NON_FRB,FRB,False,True,0.95,1.0,0.15,1.0,2,max,"{""broadband"":false,""frequency_dependent_delay"":false,""localized_transient"":false,""persistent_bands"":false,""random_background_texture"":true,""repeating_pattern"":false,""saturated_or_clipped"":false,""uniform_or_constant_background"":false,""visible_structure"":false}",,,False
sample_000388,FRB,FRB,NON_FRB,FRB,False,True,0.95,1.0,0.15,1.0,2,max,"{""broadband"":false,""frequency_dependent_delay"":false,""localized_transient"":false,""persistent_bands"":false,""random_background_texture"":true,""repeating_pattern"":false,""saturated_or_clipped"":false,""uniform_or_constant_background"":true,""visible_structure"":false}",,,False
sample_000389,FRB,FRB,NON_FRB,FRB,False,True,0.95,1.0,0.15,1.0,2,max,"{""broadband"":false,""frequency_dependent_delay"":false,""localized_transient"":false,""persistent_bands"":false,""random_background_texture"":true,""repeating_pattern"":false,""saturated_or_clipped"":false,""uniform_or_constant_background"":true,""visible_structure"":false}",,,False
sample_000395,FRB,FRB,NON_FRB,FRB,False,True,0.95,1.0,0.15,1.0,2,max,"{""broadband"":false,""frequency_dependent_delay"":false,""localized_transient"":false,""persistent_bands"":false,""random_background_texture"":true,""repeating_pattern"":false,""saturated_or_clipped"":false,""uniform_or_constant_background"":false,""visible_structure"":false}",,,False
sample_000401,FRB,FRB,NON_FRB,FRB,False,True,0.95,1.0,0.15,1.0,2,max,"{""broadband"":false,""frequency_dependent_delay"":false,""localized_transient"":false,""persistent_bands"":false,""random_background_texture"":true,""repeating_pattern"":false,""saturated_or_clipped"":false,""uniform_or_constant_background"":false,""visible_structure"":false}",,,False
sample_000408,FRB,FRB,NON_FRB,FRB,False,True,0.95,1.0,0.15,1.0,2,max,"{""broadband"":false,""frequency_dependent_delay"":false,""localized_transient"":false,""persistent_bands"":false,""random_background_texture"":true,""repeating_pattern"":false,""saturated_or_clipped"":false,""uniform_or_constant_background"":false,""visible_structure"":false}",,,False
sample_000410,FRB,FRB,NON_FRB,FRB,False,True,0.95,1.0,0.15,1.0,2,max,"{""broadband"":false,""frequency_dependent_delay"":false,""localized_transient"":false,""persistent_bands"":false,""random_background_texture"":true,""repeating_pattern"":false,""saturated_or_clipped"":false,""uniform_or_constant_background"":false,""visible_structure"":false}",,,False
sample_000413,FRB,FRB,NON_FRB,FRB,False,True,0.95,0.9999998807907104,0.15,0.9999998807907104,2,max,"{""broadband"":false,""frequency_dependent_delay"":false,""localized_transient"":false,""persistent_bands"":false,""random_background_texture"":true,""repeating_pattern"":false,""saturated_or_clipped"":false,""uniform_or_constant_background"":false,""visible_structure"":false}",,,False
sample_000431,FRB,FRB,NON_FRB,FRB,False,True,0.95,1.0,0.15,1.0,2,max,"{""broadband"":false,""frequency_dependent_delay"":false,""localized_transient"":false,""persistent_bands"":false,""random_background_texture"":true,""repeating_pattern"":false,""saturated_or_clipped"":false,""uniform_or_constant_background"":false,""visible_structure"":false}",,,False
sample_000433,FRB,FRB,NON_FRB,FRB,False,True,0.95,1.0,0.15,1.0,2,max,"{""broadband"":false,""frequency_dependent_delay"":false,""localized_transient"":false,""persistent_bands"":false,""random_background_texture"":true,""repeating_pattern"":false,""saturated_or_clipped"":false,""uniform_or_constant_background"":true,""visible_structure"":false}",,,False
sample_000441,FRB,FRB,NON_FRB,FRB,False,True,0.95,1.0,0.15,1.0,2,max,"{""broadband"":false,""frequency_dependent_delay"":false,""localized_transient"":false,""persistent_bands"":false,""random_background_texture"":true,""repeating_pattern"":false,""saturated_or_clipped"":false,""uniform_or_constant_background"":false,""visible_structure"":false}",,,False
sample_000443,FRB,FRB,NON_FRB,FRB,False,True,0.95,1.0,0.15,1.0,2,max,"{""broadband"":true,""frequency_dependent_delay"":false,""localized_transient"":false,""persistent_bands"":false,""random_background_texture"":true,""repeating_pattern"":false,""saturated_or_clipped"":false,""uniform_or_constant_background"":false,""visible_structure"":true}",,,False
sample_000444,FRB,FRB,NON_FRB,FRB,False,True,0.95,1.0,0.15,1.0,2,max,"{""broadband"":false,""frequency_dependent_delay"":false,""localized_transient"":false,""persistent_bands"":false,""random_background_texture"":true,""repeating_pattern"":false,""saturated_or_clipped"":false,""uniform_or_constant_background"":false,""visible_structure"":false}",,,False
sample_000451,FRB,FRB,NON_FRB,FRB,False,True,0.95,1.0,0.15,1.0,2,max,"{""broadband"":true,""frequency_dependent_delay"":false,""localized_transient"":false,""persistent_bands"":false,""random_background_texture"":true,""repeating_pattern"":false,""saturated_or_clipped"":false,""uniform_or_constant_background"":false,""visible_structure"":true}",,,False
sample_000459,FRB,FRB,NON_FRB,FRB,False,True,0.95,1.0,0.15,1.0,2,max,"{""broadband"":false,""frequency_dependent_delay"":false,""localized_transient"":false,""persistent_bands"":false,""random_background_texture"":true,""repeating_pattern"":false,""saturated_or_clipped"":false,""uniform_or_constant_background"":true,""visible_structure"":false}",,,False
sample_000469,FRB,FRB,NON_FRB,FRB,False,True,0.95,1.0,0.15,1.0,2,max,"{""broadband"":true,""frequency_dependent_delay"":false,""localized_transient"":false,""persistent_bands"":false,""random_background_texture"":true,""repeating_pattern"":false,""saturated_or_clipped"":false,""uniform_or_constant_background"":false,""visible_structure"":true}",,,False
sample_000481,FRB,FRB,NON_FRB,FRB,False,True,0.95,1.0,0.15,1.0,2,max,"{""broadband"":true,""frequency_dependent_delay"":false,""localized_transient"":false,""persistent_bands"":false,""random_background_texture"":true,""repeating_pattern"":false,""saturated_or_clipped"":false,""uniform_or_constant_background"":false,""visible_structure"":true}",,,False
sample_000486,FRB,FRB,NON_FRB,FRB,False,True,0.95,1.0,0.15,1.0,2,max,"{""broadband"":false,""frequency_dependent_delay"":false,""localized_transient"":false,""persistent_bands"":false,""random_background_texture"":true,""repeating_pattern"":false,""saturated_or_clipped"":false,""uniform_or_constant_background"":false,""visible_structure"":false}",,,False
sample_000492,FRB,FRB,NON_FRB,FRB,False,True,0.95,1.0,0.15,1.0,2,max,"{""broadband"":false,""frequency_dependent_delay"":false,""localized_transient"":false,""persistent_bands"":false,""random_background_texture"":true,""repeating_pattern"":false,""saturated_or_clipped"":false,""uniform_or_constant_background"":false,""visible_structure"":false}",,,False
sample_000493,FRB,FRB,NON_FRB,FRB,False,True,0.95,1.0,0.15,1.0,2,max,"{""broadband"":false,""frequency_dependent_delay"":false,""localized_transient"":false,""persistent_bands"":false,""random_background_texture"":true,""repeating_pattern"":false,""saturated_or_clipped"":false,""uniform_or_constant_background"":true,""visible_structure"":false}",,,False
sample_000495,FRB,FRB,NON_FRB,FRB,False,True,0.95,1.0,0.15,1.0,2,max,"{""broadband"":false,""frequency_dependent_delay"":false,""localized_transient"":false,""persistent_bands"":false,""random_background_texture"":true,""repeating_pattern"":false,""saturated_or_clipped"":false,""uniform_or_constant_background"":false,""visible_structure"":false}",,,False
sample_000502,FRB,FRB,NON_FRB,FRB,False,True,0.95,1.0,0.15,1.0,2,max,"{""broadband"":false,""frequency_dependent_delay"":false,""localized_transient"":false,""persistent_bands"":false,""random_background_texture"":true,""repeating_pattern"":false,""saturated_or_clipped"":false,""uniform_or_constant_background"":false,""visible_structure"":false}",,,False
sample_000510,FRB,FRB,NON_FRB,FRB,False,True,0.95,1.0,0.15,1.0,2,max,"{""broadband"":false,""frequency_dependent_delay"":false,""localized_transient"":false,""persistent_bands"":false,""random_background_texture"":true,""repeating_pattern"":false,""saturated_or_clipped"":false,""uniform_or_constant_background"":false,""visible_structure"":false}",,,False
sample_000511,FRB,FRB,NON_FRB,FRB,False,True,0.95,1.0,0.1,1.0,2,max,"{""broadband"":false,""frequency_dependent_delay"":false,""localized_transient"":false,""persistent_bands"":false,""random_background_texture"":true,""repeating_pattern"":false,""saturated_or_clipped"":false,""uniform_or_constant_background"":true,""visible_structure"":false}",,,False
sample_000526,FRB,FRB,NON_FRB,FRB,False,True,0.95,1.0,0.15,1.0,2,max,"{""broadband"":false,""frequency_dependent_delay"":false,""localized_transient"":false,""persistent_bands"":false,""random_background_texture"":true,""repeating_pattern"":false,""saturated_or_clipped"":false,""uniform_or_constant_background"":false,""visible_structure"":false}",,,False
sample_000531,FRB,FRB,NON_FRB,FRB,False,True,0.95,1.0,0.15,1.0,2,max,"{""broadband"":false,""frequency_dependent_delay"":false,""localized_transient"":false,""persistent_bands"":false,""random_background_texture"":true,""repeating_pattern"":false,""saturated_or_clipped"":false,""uniform_or_constant_background"":false,""visible_structure"":false}",,,False
sample_000532,FRB,FRB,NON_FRB,FRB,False,True,0.95,1.0,0.15,1.0,2,max,"{""broadband"":false,""frequency_dependent_delay"":false,""localized_transient"":false,""persistent_bands"":false,""random_background_texture"":true,""repeating_pattern"":false,""saturated_or_clipped"":false,""uniform_or_constant_background"":false,""visible_structure"":false}",,,False
sample_000534,FRB,FRB,NON_FRB,FRB,False,True,0.95,1.0,0.15,1.0,2,max,"{""broadband"":false,""frequency_dependent_delay"":false,""localized_transient"":false,""persistent_bands"":false,""random_background_texture"":true,""repeating_pattern"":false,""saturated_or_clipped"":false,""uniform_or_constant_background"":false,""visible_structure"":false}",,,False
sample_000537,FRB,FRB,NON_FRB,FRB,False,True,0.95,1.0,0.15,1.0,2,max,"{""broadband"":false,""frequency_dependent_delay"":false,""localized_transient"":false,""persistent_bands"":false,""random_background_texture"":true,""repeating_pattern"":false,""saturated_or_clipped"":false,""uniform_or_constant_background"":false,""visible_structure"":false}",,,False
sample_000539,FRB,FRB,NON_FRB,FRB,False,True,0.95,1.0,0.15,1.0,2,max,"{""broadband"":true,""frequency_dependent_delay"":false,""localized_transient"":false,""persistent_bands"":false,""random_background_texture"":true,""repeating_pattern"":false,""saturated_or_clipped"":false,""uniform_or_constant_background"":false,""visible_structure"":true}",,,False
sample_000555,FRB,FRB,NON_FRB,FRB,False,True,0.95,1.0,0.15,1.0,2,max,"{""broadband"":false,""frequency_dependent_delay"":false,""localized_transient"":false,""persistent_bands"":false,""random_background_texture"":true,""repeating_pattern"":false,""saturated_or_clipped"":false,""uniform_or_constant_background"":false,""visible_structure"":false}",,,False
sample_000556,FRB,FRB,NON_FRB,FRB,False,True,0.95,1.0,0.15,1.0,2,max,"{""broadband"":false,""frequency_dependent_delay"":false,""localized_transient"":false,""persistent_bands"":false,""random_background_texture"":true,""repeating_pattern"":false,""saturated_or_clipped"":false,""uniform_or_constant_background"":false,""visible_structure"":false}",,,False
sample_000558,FRB,FRB,NON_FRB,FRB,False,True,0.95,1.0,0.15,1.0,2,max,"{""broadband"":false,""frequency_dependent_delay"":false,""localized_transient"":false,""persistent_bands"":false,""random_background_texture"":true,""repeating_pattern"":false,""saturated_or_clipped"":false,""uniform_or_constant_background"":false,""visible_structure"":false}",,,False
sample_000561,FRB,FRB,NON_FRB,FRB,False,True,0.95,1.0,0.15,1.0,2,max,"{""broadband"":false,""frequency_dependent_delay"":false,""localized_transient"":false,""persistent_bands"":false,""random_background_texture"":true,""repeating_pattern"":false,""saturated_or_clipped"":false,""uniform_or_constant_background"":false,""visible_structure"":false}",,,False
sample_000564,FRB,FRB,NON_FRB,FRB,False,True,0.95,1.0,0.15,1.0,2,max,"{""broadband"":false,""frequency_dependent_delay"":false,""localized_transient"":false,""persistent_bands"":false,""random_background_texture"":true,""repeating_pattern"":false,""saturated_or_clipped"":false,""uniform_or_constant_background"":true,""visible_structure"":false}",,,False
sample_000567,FRB,FRB,NON_FRB,FRB,False,True,0.95,1.0,0.15,1.0,2,max,"{""broadband"":true,""frequency_dependent_delay"":false,""localized_transient"":false,""persistent_bands"":false,""random_background_texture"":true,""repeating_pattern"":false,""saturated_or_clipped"":false,""uniform_or_constant_background"":false,""visible_structure"":true}",,,False
sample_000569,FRB,FRB,NON_FRB,FRB,False,True,0.95,1.0,0.15,1.0,2,max,"{""broadband"":false,""frequency_dependent_delay"":false,""localized_transient"":false,""persistent_bands"":false,""random_background_texture"":true,""repeating_pattern"":false,""saturated_or_clipped"":false,""uniform_or_constant_background"":false,""visible_structure"":false}",,,False
sample_000574,FRB,FRB,NON_FRB,FRB,False,True,0.95,1.0,0.15,1.0,2,max,"{""broadband"":false,""frequency_dependent_delay"":false,""localized_transient"":false,""persistent_bands"":false,""random_background_texture"":true,""repeating_pattern"":false,""saturated_or_clipped"":false,""uniform_or_constant_background"":true,""visible_structure"":false}",,,False
sample_000575,FRB,FRB,NON_FRB,FRB,False,True,0.95,1.0,0.15,1.0,2,max,"{""broadband"":false,""frequency_dependent_delay"":false,""localized_transient"":false,""persistent_bands"":false,""random_background_texture"":true,""repeating_pattern"":false,""saturated_or_clipped"":false,""uniform_or_constant_background"":false,""visible_structure"":false}",,,False
sample_000577,FRB,FRB,NON_FRB,FRB,False,True,0.95,1.0,0.15,1.0,2,max,"{""broadband"":true,""frequency_dependent_delay"":false,""localized_transient"":false,""persistent_bands"":false,""random_background_texture"":true,""repeating_pattern"":false,""saturated_or_clipped"":false,""uniform_or_constant_background"":false,""visible_structure"":true}",,,False
sample_000578,FRB,FRB,NON_FRB,FRB,False,True,0.95,1.0,0.15,1.0,2,max,"{""broadband"":false,""frequency_dependent_delay"":false,""localized_transient"":false,""persistent_bands"":false,""random_background_texture"":true,""repeating_pattern"":false,""saturated_or_clipped"":false,""uniform_or_constant_background"":false,""visible_structure"":false}",,,False
sample_000601,FRB,FRB,NON_FRB,FRB,False,True,0.95,1.0,0.15,1.0,2,max,"{""broadband"":true,""frequency_dependent_delay"":false,""localized_transient"":false,""persistent_bands"":false,""random_background_texture"":true,""repeating_pattern"":false,""saturated_or_clipped"":false,""uniform_or_constant_background"":false,""visible_structure"":true}",,,False
sample_000602,FRB,FRB,NON_FRB,FRB,False,True,0.95,1.0,0.15,1.0,2,max,"{""broadband"":false,""frequency_dependent_delay"":false,""localized_transient"":false,""persistent_bands"":false,""random_background_texture"":true,""repeating_pattern"":false,""saturated_or_clipped"":false,""uniform_or_constant_background"":false,""visible_structure"":false}",,,False
sample_000603,FRB,FRB,NON_FRB,FRB,False,True,0.95,1.0,0.15,1.0,2,max,"{""broadband"":false,""frequency_dependent_delay"":false,""localized_transient"":false,""persistent_bands"":false,""random_background_texture"":true,""repeating_pattern"":false,""saturated_or_clipped"":false,""uniform_or_constant_background"":false,""visible_structure"":false}",,,False
sample_000605,FRB,FRB,NON_FRB,FRB,False,True,0.95,1.0,0.15,1.0,2,max,"{""broadband"":false,""frequency_dependent_delay"":false,""localized_transient"":false,""persistent_bands"":false,""random_background_texture"":true,""repeating_pattern"":false,""saturated_or_clipped"":false,""uniform_or_constant_background"":true,""visible_structure"":false}",,,False
sample_000609,FRB,FRB,NON_FRB,FRB,False,True,0.95,1.0,0.15,1.0,2,max,"{""broadband"":false,""frequency_dependent_delay"":false,""localized_transient"":false,""persistent_bands"":false,""random_background_texture"":true,""repeating_pattern"":false,""saturated_or_clipped"":false,""uniform_or_constant_background"":false,""visible_structure"":false}",,,False
sample_000611,FRB,FRB,NON_FRB,FRB,False,True,0.95,1.0,0.15,1.0,2,max,"{""broadband"":false,""frequency_dependent_delay"":false,""localized_transient"":false,""persistent_bands"":false,""random_background_texture"":true,""repeating_pattern"":false,""saturated_or_clipped"":false,""uniform_or_constant_background"":false,""visible_structure"":false}",,,False
sample_000616,FRB,FRB,NON_FRB,FRB,False,True,0.95,1.0,0.15,1.0,2,max,"{""broadband"":false,""frequency_dependent_delay"":false,""localized_transient"":false,""persistent_bands"":false,""random_background_texture"":true,""repeating_pattern"":false,""saturated_or_clipped"":false,""uniform_or_constant_background"":false,""visible_structure"":false}",,,False
sample_000617,FRB,FRB,NON_FRB,FRB,False,True,0.95,0.9999997615814209,0.15,0.9999997615814209,2,max,"{""broadband"":false,""frequency_dependent_delay"":false,""localized_transient"":false,""persistent_bands"":false,""random_background_texture"":true,""repeating_pattern"":false,""saturated_or_clipped"":false,""uniform_or_constant_background"":false,""visible_structure"":false}",,,False
sample_000621,FRB,FRB,NON_FRB,FRB,False,True,0.95,1.0,0.15,1.0,2,max,"{""broadband"":true,""frequency_dependent_delay"":false,""localized_transient"":false,""persistent_bands"":false,""random_background_texture"":true,""repeating_pattern"":false,""saturated_or_clipped"":false,""uniform_or_constant_background"":false,""visible_structure"":true}",,,False
sample_000628,FRB,FRB,NON_FRB,FRB,False,True,0.95,1.0,0.15,1.0,2,max,"{""broadband"":true,""frequency_dependent_delay"":false,""localized_transient"":false,""persistent_bands"":false,""random_background_texture"":true,""repeating_pattern"":false,""saturated_or_clipped"":false,""uniform_or_constant_background"":false,""visible_structure"":true}",,,False
sample_000645,FRB,FRB,NON_FRB,FRB,False,True,0.95,1.0,0.15,1.0,2,max,"{""broadband"":false,""frequency_dependent_delay"":false,""localized_transient"":false,""persistent_bands"":false,""random_background_texture"":true,""repeating_pattern"":false,""saturated_or_clipped"":false,""uniform_or_constant_background"":false,""visible_structure"":false}",,,False
sample_000648,FRB,FRB,NON_FRB,FRB,False,True,0.95,1.0,0.15,1.0,2,max,"{""broadband"":false,""frequency_dependent_delay"":false,""localized_transient"":false,""persistent_bands"":false,""random_background_texture"":true,""repeating_pattern"":false,""saturated_or_clipped"":false,""uniform_or_constant_background"":true,""visible_structure"":false}",,,False
sample_000652,FRB,FRB,NON_FRB,FRB,False,True,0.95,1.0,0.15,1.0,2,max,"{""broadband"":false,""frequency_dependent_delay"":false,""localized_transient"":false,""persistent_bands"":false,""random_background_texture"":true,""repeating_pattern"":false,""saturated_or_clipped"":false,""uniform_or_constant_background"":true,""visible_structure"":false}",,,False
sample_000653,FRB,FRB,NON_FRB,FRB,False,True,0.95,1.0,0.15,1.0,2,max,"{""broadband"":false,""frequency_dependent_delay"":false,""localized_transient"":false,""persistent_bands"":false,""random_background_texture"":true,""repeating_pattern"":false,""saturated_or_clipped"":false,""uniform_or_constant_background"":false,""visible_structure"":false}",,,False
sample_000654,FRB,FRB,NON_FRB,FRB,False,True,0.95,0.9999998807907104,0.15,0.9999998807907104,2,max,"{""broadband"":false,""frequency_dependent_delay"":false,""localized_transient"":false,""persistent_bands"":false,""random_background_texture"":true,""repeating_pattern"":false,""saturated_or_clipped"":false,""uniform_or_constant_background"":false,""visible_structure"":false}",,,False
sample_000659,FRB,FRB,NON_FRB,FRB,False,True,0.95,1.0,0.15,1.0,2,max,"{""broadband"":false,""frequency_dependent_delay"":false,""localized_transient"":false,""persistent_bands"":false,""random_background_texture"":true,""repeating_pattern"":false,""saturated_or_clipped"":false,""uniform_or_constant_background"":false,""visible_structure"":false}",,,False
sample_000662,FRB,FRB,NON_FRB,FRB,False,True,0.95,1.0,0.15,1.0,2,max,"{""broadband"":false,""frequency_dependent_delay"":false,""localized_transient"":false,""persistent_bands"":false,""random_background_texture"":true,""repeating_pattern"":false,""saturated_or_clipped"":false,""uniform_or_constant_background"":false,""visible_structure"":false}",,,False
sample_000663,FRB,FRB,NON_FRB,FRB,False,True,0.95,1.0,0.15,1.0,2,max,"{""broadband"":true,""frequency_dependent_delay"":false,""localized_transient"":false,""persistent_bands"":false,""random_background_texture"":true,""repeating_pattern"":false,""saturated_or_clipped"":false,""uniform_or_constant_background"":false,""visible_structure"":true}",,,False
sample_000664,FRB,FRB,NON_FRB,FRB,False,True,0.95,1.0,0.15,1.0,2,max,"{""broadband"":false,""frequency_dependent_delay"":false,""localized_transient"":false,""persistent_bands"":false,""random_background_texture"":true,""repeating_pattern"":false,""saturated_or_clipped"":false,""uniform_or_constant_background"":false,""visible_structure"":false}",,,False
sample_000669,FRB,FRB,NON_FRB,FRB,False,True,0.95,1.0,0.15,1.0,2,max,"{""broadband"":false,""frequency_dependent_delay"":false,""localized_transient"":false,""persistent_bands"":false,""random_background_texture"":true,""repeating_pattern"":false,""saturated_or_clipped"":false,""uniform_or_constant_background"":false,""visible_structure"":false}",,,False
sample_000673,FRB,FRB,NON_FRB,FRB,False,True,0.95,1.0,0.15,1.0,2,max,"{""broadband"":true,""frequency_dependent_delay"":false,""localized_transient"":false,""persistent_bands"":false,""random_background_texture"":true,""repeating_pattern"":false,""saturated_or_clipped"":false,""uniform_or_constant_background"":false,""visible_structure"":true}",,,False
sample_000678,FRB,FRB,NON_FRB,FRB,False,True,0.95,1.0,0.15,1.0,2,max,"{""broadband"":false,""frequency_dependent_delay"":false,""localized_transient"":false,""persistent_bands"":false,""random_background_texture"":true,""repeating_pattern"":false,""saturated_or_clipped"":false,""uniform_or_constant_background"":false,""visible_structure"":false}",,,False
sample_000680,FRB,FRB,NON_FRB,FRB,False,True,0.95,1.0,0.15,1.0,2,max,"{""broadband"":true,""frequency_dependent_delay"":false,""localized_transient"":false,""persistent_bands"":false,""random_background_texture"":true,""repeating_pattern"":false,""saturated_or_clipped"":false,""uniform_or_constant_background"":false,""visible_structure"":true}",,,False
sample_000681,FRB,FRB,NON_FRB,FRB,False,True,0.95,1.0,0.15,1.0,2,max,"{""broadband"":false,""frequency_dependent_delay"":false,""localized_transient"":false,""persistent_bands"":false,""random_background_texture"":true,""repeating_pattern"":false,""saturated_or_clipped"":false,""uniform_or_constant_background"":false,""visible_structure"":false}",,,False
sample_000697,FRB,FRB,NON_FRB,FRB,False,True,0.95,0.9999998807907104,0.15,0.9999998807907104,2,max,"{""broadband"":false,""frequency_dependent_delay"":false,""localized_transient"":false,""persistent_bands"":false,""random_background_texture"":true,""repeating_pattern"":false,""saturated_or_clipped"":false,""uniform_or_constant_background"":false,""visible_structure"":false}",,,False
sample_000703,FRB,FRB,NON_FRB,FRB,False,True,0.95,1.0,0.15,1.0,2,max,"{""broadband"":false,""frequency_dependent_delay"":false,""localized_transient"":false,""persistent_bands"":false,""random_background_texture"":true,""repeating_pattern"":false,""saturated_or_clipped"":false,""uniform_or_constant_background"":false,""visible_structure"":false}",,,False
sample_000707,FRB,FRB,NON_FRB,FRB,False,True,0.95,1.0,0.15,1.0,2,max,"{""broadband"":false,""frequency_dependent_delay"":false,""localized_transient"":false,""persistent_bands"":false,""random_background_texture"":true,""repeating_pattern"":false,""saturated_or_clipped"":false,""uniform_or_constant_background"":false,""visible_structure"":false}",,,False
sample_000710,FRB,FRB,NON_FRB,FRB,False,True,0.95,1.0,0.15,1.0,2,max,"{""broadband"":false,""frequency_dependent_delay"":false,""localized_transient"":false,""persistent_bands"":false,""random_background_texture"":true,""repeating_pattern"":false,""saturated_or_clipped"":false,""uniform_or_constant_background"":false,""visible_structure"":false}",,,False
sample_000713,FRB,FRB,NON_FRB,FRB,False,True,0.95,1.0,0.15,1.0,2,max,"{""broadband"":false,""frequency_dependent_delay"":false,""localized_transient"":false,""persistent_bands"":false,""random_background_texture"":true,""repeating_pattern"":false,""saturated_or_clipped"":false,""uniform_or_constant_background"":false,""visible_structure"":false}",,,False
sample_000731,FRB,FRB,NON_FRB,FRB,False,True,0.95,1.0,0.15,1.0,2,max,"{""broadband"":false,""frequency_dependent_delay"":false,""localized_transient"":false,""persistent_bands"":false,""random_background_texture"":true,""repeating_pattern"":false,""saturated_or_clipped"":false,""uniform_or_constant_background"":false,""visible_structure"":false}",,,False
sample_000732,FRB,FRB,NON_FRB,FRB,False,True,0.95,1.0,0.15,1.0,2,max,"{""broadband"":false,""frequency_dependent_delay"":false,""localized_transient"":false,""persistent_bands"":false,""random_background_texture"":true,""repeating_pattern"":false,""saturated_or_clipped"":false,""uniform_or_constant_background"":false,""visible_structure"":false}",,,False
sample_000733,FRB,FRB,NON_FRB,FRB,False,True,0.95,1.0,0.15,1.0,2,max,"{""broadband"":true,""frequency_dependent_delay"":false,""localized_transient"":false,""persistent_bands"":false,""random_background_texture"":true,""repeating_pattern"":false,""saturated_or_clipped"":false,""uniform_or_constant_background"":false,""visible_structure"":true}",,,False
sample_000738,FRB,FRB,NON_FRB,FRB,False,True,0.95,1.0,0.15,1.0,2,max,"{""broadband"":false,""frequency_dependent_delay"":false,""localized_transient"":false,""persistent_bands"":false,""random_background_texture"":true,""repeating_pattern"":false,""saturated_or_clipped"":false,""uniform_or_constant_background"":false,""visible_structure"":false}",,,False
sample_000749,FRB,FRB,NON_FRB,FRB,False,True,0.95,1.0,0.15,1.0,2,max,"{""broadband"":false,""frequency_dependent_delay"":false,""localized_transient"":false,""persistent_bands"":false,""random_background_texture"":true,""repeating_pattern"":false,""saturated_or_clipped"":false,""uniform_or_constant_background"":false,""visible_structure"":false}",,,False
sample_000750,FRB,FRB,NON_FRB,FRB,False,True,0.95,1.0,0.15,1.0,2,max,"{""broadband"":false,""frequency_dependent_delay"":false,""localized_transient"":false,""persistent_bands"":false,""random_background_texture"":true,""repeating_pattern"":false,""saturated_or_clipped"":false,""uniform_or_constant_background"":false,""visible_structure"":false}",,,False
sample_000753,FRB,FRB,NON_FRB,FRB,False,True,0.95,1.0,0.15,1.0,2,max,"{""broadband"":true,""frequency_dependent_delay"":false,""localized_transient"":false,""persistent_bands"":false,""random_background_texture"":true,""repeating_pattern"":false,""saturated_or_clipped"":false,""uniform_or_constant_background"":false,""visible_structure"":true}",,,False
sample_000754,FRB,FRB,NON_FRB,FRB,False,True,0.95,1.0,0.15,1.0,2,max,"{""broadband"":false,""frequency_dependent_delay"":false,""localized_transient"":false,""persistent_bands"":false,""random_background_texture"":true,""repeating_pattern"":false,""saturated_or_clipped"":false,""uniform_or_constant_background"":true,""visible_structure"":false}",,,False
sample_000764,FRB,FRB,NON_FRB,FRB,False,True,0.95,1.0,0.15,1.0,2,max,"{""broadband"":false,""frequency_dependent_delay"":false,""localized_transient"":false,""persistent_bands"":false,""random_background_texture"":true,""repeating_pattern"":false,""saturated_or_clipped"":false,""uniform_or_constant_background"":false,""visible_structure"":false}",,,False
sample_000769,FRB,FRB,NON_FRB,FRB,False,True,0.95,1.0,0.15,1.0,2,max,"{""broadband"":true,""frequency_dependent_delay"":false,""localized_transient"":false,""persistent_bands"":false,""random_background_texture"":true,""repeating_pattern"":false,""saturated_or_clipped"":false,""uniform_or_constant_background"":false,""visible_structure"":true}",,,False
sample_000777,FRB,FRB,NON_FRB,FRB,False,True,0.95,1.0,0.15,1.0,2,max,"{""broadband"":false,""frequency_dependent_delay"":false,""localized_transient"":false,""persistent_bands"":false,""random_background_texture"":true,""repeating_pattern"":false,""saturated_or_clipped"":false,""uniform_or_constant_background"":true,""visible_structure"":false}",,,False
sample_000784,FRB,FRB,NON_FRB,FRB,False,True,0.95,1.0,0.15,1.0,2,max,"{""broadband"":false,""frequency_dependent_delay"":false,""localized_transient"":false,""persistent_bands"":false,""random_background_texture"":true,""repeating_pattern"":false,""saturated_or_clipped"":false,""uniform_or_constant_background"":false,""visible_structure"":false}",,,False
sample_000792,FRB,FRB,NON_FRB,FRB,False,True,0.95,1.0,0.15,1.0,2,max,"{""broadband"":false,""frequency_dependent_delay"":false,""localized_transient"":false,""persistent_bands"":false,""random_background_texture"":true,""repeating_pattern"":false,""saturated_or_clipped"":false,""uniform_or_constant_background"":false,""visible_structure"":false}",,,False
sample_000801,FRB,FRB,NON_FRB,FRB,False,True,0.95,1.0,0.15,1.0,2,max,"{""broadband"":false,""frequency_dependent_delay"":false,""localized_transient"":false,""persistent_bands"":false,""random_background_texture"":true,""repeating_pattern"":false,""saturated_or_clipped"":false,""uniform_or_constant_background"":false,""visible_structure"":false}",,,False
sample_000805,FRB,FRB,NON_FRB,FRB,False,True,0.95,1.0,0.15,1.0,2,max,"{""broadband"":false,""frequency_dependent_delay"":false,""localized_transient"":false,""persistent_bands"":false,""random_background_texture"":true,""repeating_pattern"":false,""saturated_or_clipped"":false,""uniform_or_constant_background"":false,""visible_structure"":false}",,,False
sample_000809,FRB,FRB,NON_FRB,FRB,False,True,0.95,1.0,0.15,1.0,2,max,"{""broadband"":false,""frequency_dependent_delay"":false,""localized_transient"":false,""persistent_bands"":false,""random_background_texture"":true,""repeating_pattern"":false,""saturated_or_clipped"":false,""uniform_or_constant_background"":false,""visible_structure"":false}",,,False
sample_000812,FRB,FRB,NON_FRB,FRB,False,True,0.95,1.0,0.15,1.0,2,max,"{""broadband"":false,""frequency_dependent_delay"":false,""localized_transient"":false,""persistent_bands"":false,""random_background_texture"":true,""repeating_pattern"":false,""saturated_or_clipped"":false,""uniform_or_constant_background"":false,""visible_structure"":false}",,,False
sample_000818,FRB,FRB,NON_FRB,FRB,False,True,0.95,1.0,0.15,1.0,2,max,"{""broadband"":false,""frequency_dependent_delay"":false,""localized_transient"":false,""persistent_bands"":false,""random_background_texture"":true,""repeating_pattern"":false,""saturated_or_clipped"":false,""uniform_or_constant_background"":false,""visible_structure"":false}",,,False
sample_000820,FRB,FRB,NON_FRB,FRB,False,True,0.95,1.0,0.1,1.0,2,max,"{""broadband"":false,""frequency_dependent_delay"":false,""localized_transient"":false,""persistent_bands"":false,""random_background_texture"":true,""repeating_pattern"":false,""saturated_or_clipped"":false,""uniform_or_constant_background"":true,""visible_structure"":false}",,,False
sample_000824,FRB,FRB,NON_FRB,FRB,False,True,0.95,1.0,0.15,1.0,2,max,"{""broadband"":false,""frequency_dependent_delay"":false,""localized_transient"":false,""persistent_bands"":false,""random_background_texture"":true,""repeating_pattern"":false,""saturated_or_clipped"":false,""uniform_or_constant_background"":false,""visible_structure"":false}",,,False
sample_000832,FRB,FRB,NON_FRB,FRB,False,True,0.95,1.0,0.15,1.0,2,max,"{""broadband"":false,""frequency_dependent_delay"":false,""localized_transient"":false,""persistent_bands"":false,""random_background_texture"":true,""repeating_pattern"":false,""saturated_or_clipped"":false,""uniform_or_constant_background"":false,""visible_structure"":false}",,,False
sample_000838,FRB,FRB,NON_FRB,FRB,False,True,0.95,1.0,0.15,1.0,2,max,"{""broadband"":false,""frequency_dependent_delay"":false,""localized_transient"":false,""persistent_bands"":false,""random_background_texture"":true,""repeating_pattern"":false,""saturated_or_clipped"":false,""uniform_or_constant_background"":false,""visible_structure"":false}",,,False
sample_000845,FRB,FRB,NON_FRB,FRB,False,True,0.95,1.0,0.15,1.0,2,max,"{""broadband"":false,""frequency_dependent_delay"":false,""localized_transient"":false,""persistent_bands"":false,""random_background_texture"":true,""repeating_pattern"":false,""saturated_or_clipped"":false,""uniform_or_constant_background"":false,""visible_structure"":false}",,,False
sample_000849,FRB,FRB,NON_FRB,FRB,False,True,0.95,1.0,0.15,1.0,2,max,"{""broadband"":false,""frequency_dependent_delay"":false,""localized_transient"":false,""persistent_bands"":false,""random_background_texture"":true,""repeating_pattern"":false,""saturated_or_clipped"":false,""uniform_or_constant_background"":false,""visible_structure"":false}",,,False
sample_000850,FRB,FRB,NON_FRB,FRB,False,True,0.95,1.0,0.15,1.0,2,max,"{""broadband"":false,""frequency_dependent_delay"":false,""localized_transient"":false,""persistent_bands"":false,""random_background_texture"":true,""repeating_pattern"":false,""saturated_or_clipped"":false,""uniform_or_constant_background"":false,""visible_structure"":false}",,,False
sample_000851,FRB,FRB,NON_FRB,FRB,False,True,0.95,1.0,0.15,1.0,2,max,"{""broadband"":false,""frequency_dependent_delay"":false,""localized_transient"":false,""persistent_bands"":false,""random_background_texture"":true,""repeating_pattern"":false,""saturated_or_clipped"":false,""uniform_or_constant_background"":true,""visible_structure"":false}",,,False
sample_000859,FRB,FRB,NON_FRB,FRB,False,True,0.95,1.0,0.15,1.0,2,max,"{""broadband"":false,""frequency_dependent_delay"":false,""localized_transient"":false,""persistent_bands"":false,""random_background_texture"":true,""repeating_pattern"":false,""saturated_or_clipped"":false,""uniform_or_constant_background"":false,""visible_structure"":false}",,,False
sample_000868,FRB,FRB,NON_FRB,FRB,False,True,0.95,1.0,0.15,1.0,2,max,"{""broadband"":true,""frequency_dependent_delay"":false,""localized_transient"":false,""persistent_bands"":false,""random_background_texture"":true,""repeating_pattern"":false,""saturated_or_clipped"":false,""uniform_or_constant_background"":false,""visible_structure"":true}",,,False
sample_000871,FRB,FRB,NON_FRB,FRB,False,True,0.95,1.0,0.15,1.0,2,max,"{""broadband"":false,""frequency_dependent_delay"":false,""localized_transient"":false,""persistent_bands"":false,""random_background_texture"":true,""repeating_pattern"":false,""saturated_or_clipped"":false,""uniform_or_constant_background"":false,""visible_structure"":false}",,,False
sample_000898,FRB,FRB,NON_FRB,FRB,False,True,0.95,1.0,0.15,1.0,2,max,"{""broadband"":false,""frequency_dependent_delay"":false,""localized_transient"":false,""persistent_bands"":false,""random_background_texture"":true,""repeating_pattern"":false,""saturated_or_clipped"":false,""uniform_or_constant_background"":false,""visible_structure"":false}",,,False
sample_000900,FRB,FRB,NON_FRB,FRB,False,True,0.95,1.0,0.15,1.0,2,max,"{""broadband"":false,""frequency_dependent_delay"":false,""localized_transient"":false,""persistent_bands"":false,""random_background_texture"":true,""repeating_pattern"":false,""saturated_or_clipped"":false,""uniform_or_constant_background"":false,""visible_structure"":false}",,,False
sample_000910,FRB,FRB,NON_FRB,FRB,False,True,0.95,1.0,0.15,1.0,2,max,"{""broadband"":false,""frequency_dependent_delay"":false,""localized_transient"":false,""persistent_bands"":false,""random_background_texture"":true,""repeating_pattern"":false,""saturated_or_clipped"":false,""uniform_or_constant_background"":false,""visible_structure"":false}",,,False
sample_000911,FRB,FRB,NON_FRB,FRB,False,True,0.95,1.0,0.15,1.0,2,max,"{""broadband"":false,""frequency_dependent_delay"":false,""localized_transient"":false,""persistent_bands"":false,""random_background_texture"":true,""repeating_pattern"":false,""saturated_or_clipped"":false,""uniform_or_constant_background"":false,""visible_structure"":false}",,,False
sample_000914,FRB,FRB,NON_FRB,FRB,False,True,0.95,1.0,0.15,1.0,2,max,"{""broadband"":false,""frequency_dependent_delay"":false,""localized_transient"":false,""persistent_bands"":false,""random_background_texture"":true,""repeating_pattern"":false,""saturated_or_clipped"":false,""uniform_or_constant_background"":false,""visible_structure"":false}",,,False
sample_000927,FRB,FRB,NON_FRB,FRB,False,True,0.95,1.0,0.15,1.0,2,max,"{""broadband"":false,""frequency_dependent_delay"":false,""localized_transient"":false,""persistent_bands"":false,""random_background_texture"":true,""repeating_pattern"":false,""saturated_or_clipped"":false,""uniform_or_constant_background"":true,""visible_structure"":false}",,,False
sample_000930,FRB,FRB,NON_FRB,FRB,False,True,0.95,1.0,0.15,1.0,2,max,"{""broadband"":false,""frequency_dependent_delay"":false,""localized_transient"":false,""persistent_bands"":false,""random_background_texture"":true,""repeating_pattern"":false,""saturated_or_clipped"":false,""uniform_or_constant_background"":false,""visible_structure"":false}",,,False
sample_000938,FRB,FRB,NON_FRB,FRB,False,True,0.95,1.0,0.15,1.0,2,max,"{""broadband"":false,""frequency_dependent_delay"":false,""localized_transient"":false,""persistent_bands"":false,""random_background_texture"":true,""repeating_pattern"":false,""saturated_or_clipped"":false,""uniform_or_constant_background"":false,""visible_structure"":false}",,,False
sample_000940,FRB,FRB,NON_FRB,FRB,False,True,0.95,1.0,0.15,1.0,2,max,"{""broadband"":false,""frequency_dependent_delay"":false,""localized_transient"":false,""persistent_bands"":false,""random_background_texture"":true,""repeating_pattern"":false,""saturated_or_clipped"":false,""uniform_or_constant_background"":false,""visible_structure"":false}",,,False
sample_000946,FRB,FRB,NON_FRB,FRB,False,True,0.95,1.0,0.15,1.0,2,max,"{""broadband"":false,""frequency_dependent_delay"":false,""localized_transient"":false,""persistent_bands"":false,""random_background_texture"":true,""repeating_pattern"":false,""saturated_or_clipped"":false,""uniform_or_constant_background"":false,""visible_structure"":false}",,,False
sample_000955,FRB,FRB,NON_FRB,FRB,False,True,0.95,1.0,0.15,1.0,2,max,"{""broadband"":false,""frequency_dependent_delay"":false,""localized_transient"":false,""persistent_bands"":false,""random_background_texture"":true,""repeating_pattern"":false,""saturated_or_clipped"":false,""uniform_or_constant_background"":false,""visible_structure"":false}",,,False
sample_000960,FRB,FRB,NON_FRB,FRB,False,True,0.95,1.0,0.15,1.0,2,max,"{""broadband"":false,""frequency_dependent_delay"":false,""localized_transient"":false,""persistent_bands"":false,""random_background_texture"":true,""repeating_pattern"":false,""saturated_or_clipped"":false,""uniform_or_constant_background"":false,""visible_structure"":false}",,,False
sample_000968,FRB,FRB,NON_FRB,FRB,False,True,0.95,1.0,0.15,1.0,2,max,"{""broadband"":false,""frequency_dependent_delay"":false,""localized_transient"":false,""persistent_bands"":false,""random_background_texture"":true,""repeating_pattern"":false,""saturated_or_clipped"":false,""uniform_or_constant_background"":true,""visible_structure"":false}",,,False
sample_000969,FRB,FRB,NON_FRB,FRB,False,True,0.95,0.9999998807907104,0.15,0.9999998807907104,2,max,"{""broadband"":true,""frequency_dependent_delay"":false,""localized_transient"":false,""persistent_bands"":false,""random_background_texture"":true,""repeating_pattern"":false,""saturated_or_clipped"":false,""uniform_or_constant_background"":false,""visible_structure"":true}",,,False
sample_000977,FRB,FRB,NON_FRB,FRB,False,True,0.95,1.0,0.15,1.0,2,max,"{""broadband"":false,""frequency_dependent_delay"":false,""localized_transient"":false,""persistent_bands"":false,""random_background_texture"":true,""repeating_pattern"":false,""saturated_or_clipped"":false,""uniform_or_constant_background"":false,""visible_structure"":false}",,,False
sample_000982,FRB,FRB,NON_FRB,FRB,False,True,0.95,1.0,0.15,1.0,2,max,"{""broadband"":false,""frequency_dependent_delay"":false,""localized_transient"":false,""persistent_bands"":false,""random_background_texture"":true,""repeating_pattern"":false,""saturated_or_clipped"":false,""uniform_or_constant_background"":false,""visible_structure"":false}",,,False
sample_000985,FRB,FRB,NON_FRB,FRB,False,True,0.95,1.0,0.15,1.0,2,max,"{""broadband"":false,""frequency_dependent_delay"":false,""localized_transient"":false,""persistent_bands"":false,""random_background_texture"":true,""repeating_pattern"":false,""saturated_or_clipped"":false,""uniform_or_constant_background"":false,""visible_structure"":false}",,,False
sample_000992,FRB,FRB,NON_FRB,FRB,False,True,0.95,1.0,0.15,1.0,2,max,"{""broadband"":false,""frequency_dependent_delay"":false,""localized_transient"":false,""persistent_bands"":false,""random_background_texture"":true,""repeating_pattern"":false,""saturated_or_clipped"":false,""uniform_or_constant_background"":false,""visible_structure"":false}",,,False
sample_000997,FRB,FRB,NON_FRB,FRB,False,True,0.95,1.0,0.15,1.0,2,max,"{""broadband"":false,""frequency_dependent_delay"":false,""localized_transient"":false,""persistent_bands"":false,""random_background_texture"":true,""repeating_pattern"":false,""saturated_or_clipped"":false,""uniform_or_constant_background"":false,""visible_structure"":false}",,,False
sample_001002,NON_FRB,RFI,NON_FRB,FRB,True,False,0.95,0.927507221698761,0.1,0.927507221698761,7,max,"{""broadband"":true,""frequency_dependent_delay"":false,""localized_transient"":false,""persistent_bands"":true,""random_background_texture"":false,""repeating_pattern"":false,""saturated_or_clipped"":false,""uniform_or_constant_background"":false,""visible_structure"":true}",,,False
sample_001008,NON_FRB,RFI,NON_FRB,FRB,True,False,0.95,0.9150672554969788,0.1,0.9150672554969788,5,max,"{""broadband"":true,""frequency_dependent_delay"":false,""localized_transient"":false,""persistent_bands"":true,""random_background_texture"":false,""repeating_pattern"":false,""saturated_or_clipped"":false,""uniform_or_constant_background"":false,""visible_structure"":true}",,,False
sample_001016,NON_FRB,RFI,NON_FRB,FRB,True,False,0.95,0.7360764145851135,0.15,0.7360764145851135,2,max,"{""broadband"":false,""frequency_dependent_delay"":false,""localized_transient"":false,""persistent_bands"":false,""random_background_texture"":true,""repeating_pattern"":false,""saturated_or_clipped"":false,""uniform_or_constant_background"":false,""visible_structure"":false}",,,False
sample_001017,NON_FRB,RFI,NON_FRB,FRB,True,False,0.95,0.7262543439865112,0.15,0.7262543439865112,1,max,"{""broadband"":false,""frequency_dependent_delay"":false,""localized_transient"":false,""persistent_bands"":false,""random_background_texture"":true,""repeating_pattern"":false,""saturated_or_clipped"":false,""uniform_or_constant_background"":true,""visible_structure"":false}",,,False
sample_001022,NON_FRB,RFI,NON_FRB,FRB,True,False,0.95,0.5596553683280945,0.1,0.5596553683280945,1,max,"{""broadband"":true,""frequency_dependent_delay"":false,""localized_transient"":false,""persistent_bands"":true,""random_background_texture"":false,""repeating_pattern"":false,""saturated_or_clipped"":false,""uniform_or_constant_background"":false,""visible_structure"":true}",,,False
sample_001024,NON_FRB,RFI,NON_FRB,FRB,True,False,0.95,0.987767219543457,0.15,0.987767219543457,2,max,"{""broadband"":true,""frequency_dependent_delay"":false,""localized_transient"":false,""persistent_bands"":true,""random_background_texture"":false,""repeating_pattern"":false,""saturated_or_clipped"":false,""uniform_or_constant_background"":false,""visible_structure"":true}",,,False
sample_001025,NON_FRB,RFI,NON_FRB,FRB,True,False,0.95,0.9695994853973389,0.1,0.9695994853973389,3,max,"{""broadband"":true,""frequency_dependent_delay"":false,""localized_transient"":false,""persistent_bands"":true,""random_background_texture"":false,""repeating_pattern"":false,""saturated_or_clipped"":false,""uniform_or_constant_background"":false,""visible_structure"":true}",,,False
sample_001027,NON_FRB,RFI,NON_FRB,FRB,True,False,0.95,0.8965469598770142,0.1,0.8965469598770142,2,max,"{""broadband"":true,""frequency_dependent_delay"":false,""localized_transient"":false,""persistent_bands"":true,""random_background_texture"":false,""repeating_pattern"":false,""saturated_or_clipped"":false,""uniform_or_constant_background"":false,""visible_structure"":true}",,,False
sample_001032,NON_FRB,RFI,NON_FRB,FRB,True,False,0.95,0.7598565816879272,0.1,0.7598565816879272,2,max,"{""broadband"":true,""frequency_dependent_delay"":false,""localized_transient"":false,""persistent_bands"":true,""random_background_texture"":false,""repeating_pattern"":false,""saturated_or_clipped"":false,""uniform_or_constant_background"":false,""visible_structure"":true}",,,False
sample_001034,NON_FRB,RFI,NON_FRB,FRB,True,False,0.95,0.8957847952842712,0.1,0.8957847952842712,2,max,"{""broadband"":true,""frequency_dependent_delay"":false,""localized_transient"":false,""persistent_bands"":true,""random_background_texture"":false,""repeating_pattern"":false,""saturated_or_clipped"":false,""uniform_or_constant_background"":false,""visible_structure"":true}",,,False
sample_001035,NON_FRB,RFI,NON_FRB,FRB,True,False,0.95,0.7579323053359985,0.15,0.7579323053359985,2,max,"{""broadband"":false,""frequency_dependent_delay"":false,""localized_transient"":true,""persistent_bands"":false,""random_background_texture"":false,""repeating_pattern"":false,""saturated_or_clipped"":false,""uniform_or_constant_background"":false,""visible_structure"":true}",,,False
sample_001043,NON_FRB,RFI,NON_FRB,FRB,True,False,0.95,0.7517554759979248,0.1,0.7517554759979248,2,max,"{""broadband"":true,""frequency_dependent_delay"":false,""localized_transient"":false,""persistent_bands"":true,""random_background_texture"":false,""repeating_pattern"":false,""saturated_or_clipped"":false,""uniform_or_constant_background"":false,""visible_structure"":true}",,,False
sample_001050,NON_FRB,RFI,NON_FRB,FRB,True,False,0.95,0.5769966840744019,0.15,0.5769966840744019,1,max,"{""broadband"":false,""frequency_dependent_delay"":false,""localized_transient"":false,""persistent_bands"":false,""random_background_texture"":true,""repeating_pattern"":false,""saturated_or_clipped"":false,""uniform_or_constant_background"":false,""visible_structure"":false}",,,False
sample_001057,NON_FRB,RFI,NON_FRB,FRB,True,False,0.95,0.5977194905281067,0.1,0.5977194905281067,1,max,"{""broadband"":false,""frequency_dependent_delay"":false,""localized_transient"":false,""persistent_bands"":false,""random_background_texture"":true,""repeating_pattern"":false,""saturated_or_clipped"":false,""uniform_or_constant_background"":false,""visible_structure"":false}",,,False
sample_001058,NON_FRB,RFI,NON_FRB,FRB,True,False,0.95,0.6358623504638672,0.15,0.6358623504638672,2,max,"{""broadband"":true,""frequency_dependent_delay"":false,""localized_transient"":false,""persistent_bands"":true,""random_background_texture"":false,""repeating_pattern"":false,""saturated_or_clipped"":false,""uniform_or_constant_background"":false,""visible_structure"":true}",,,False
sample_001064,NON_FRB,RFI,NON_FRB,FRB,True,False,0.95,0.6333479881286621,0.1,0.6333479881286621,2,max,"{""broadband"":true,""frequency_dependent_delay"":false,""localized_transient"":false,""persistent_bands"":true,""random_background_texture"":false,""repeating_pattern"":false,""saturated_or_clipped"":false,""uniform_or_constant_background"":false,""visible_structure"":true}",,,False
sample_001070,NON_FRB,RFI,NON_FRB,FRB,True,False,0.95,0.9490669369697571,0.1,0.9490669369697571,3,max,"{""broadband"":true,""frequency_dependent_delay"":false,""localized_transient"":false,""persistent_bands"":true,""random_background_texture"":false,""repeating_pattern"":false,""saturated_or_clipped"":false,""uniform_or_constant_background"":false,""visible_structure"":true}",,,False
sample_001074,NON_FRB,RFI,NON_FRB,FRB,True,False,0.95,0.7598363161087036,0.1,0.7598363161087036,2,max,"{""broadband"":true,""frequency_dependent_delay"":false,""localized_transient"":false,""persistent_bands"":true,""random_background_texture"":false,""repeating_pattern"":false,""saturated_or_clipped"":false,""uniform_or_constant_background"":false,""visible_structure"":true}",,,False
sample_001088,NON_FRB,RFI,NON_FRB,FRB,True,False,0.95,0.8018252849578857,0.1,0.8018252849578857,6,max,"{""broadband"":true,""frequency_dependent_delay"":false,""localized_transient"":false,""persistent_bands"":true,""random_background_texture"":false,""repeating_pattern"":false,""saturated_or_clipped"":false,""uniform_or_constant_background"":false,""visible_structure"":true}",,,False
sample_001089,NON_FRB,RFI,NON_FRB,FRB,True,False,0.95,0.7301068305969238,0.15,0.7301068305969238,2,max,"{""broadband"":true,""frequency_dependent_delay"":false,""localized_transient"":true,""persistent_bands"":true,""random_background_texture"":false,""repeating_pattern"":false,""saturated_or_clipped"":false,""uniform_or_constant_background"":false,""visible_structure"":true}",,,False
sample_001091,NON_FRB,RFI,NON_FRB,FRB,True,False,0.95,0.901145339012146,0.1,0.901145339012146,4,max,"{""broadband"":true,""frequency_dependent_delay"":false,""localized_transient"":false,""persistent_bands"":true,""random_background_texture"":false,""repeating_pattern"":false,""saturated_or_clipped"":false,""uniform_or_constant_background"":false,""visible_structure"":true}",,,False
sample_001093,NON_FRB,RFI,NON_FRB,FRB,True,False,0.95,0.9530993700027466,0.1,0.9530993700027466,2,max,"{""broadband"":true,""frequency_dependent_delay"":false,""localized_transient"":false,""persistent_bands"":true,""random_background_texture"":false,""repeating_pattern"":false,""saturated_or_clipped"":false,""uniform_or_constant_background"":false,""visible_structure"":true}",,,False
sample_001101,NON_FRB,RFI,NON_FRB,FRB,True,False,0.95,0.8030489683151245,0.1,0.8030489683151245,2,max,"{""broadband"":true,""frequency_dependent_delay"":false,""localized_transient"":false,""persistent_bands"":true,""random_background_texture"":false,""repeating_pattern"":false,""saturated_or_clipped"":false,""uniform_or_constant_background"":false,""visible_structure"":true}",,,False
sample_001102,NON_FRB,RFI,NON_FRB,FRB,True,False,0.95,0.7662484049797058,0.1,0.7662484049797058,2,max,"{""broadband"":true,""frequency_dependent_delay"":false,""localized_transient"":false,""persistent_bands"":true,""random_background_texture"":false,""repeating_pattern"":false,""saturated_or_clipped"":false,""uniform_or_constant_background"":false,""visible_structure"":true}",,,False
sample_001105,NON_FRB,RFI,NON_FRB,FRB,True,False,0.95,0.8322340250015259,0.1,0.8322340250015259,2,max,"{""broadband"":true,""frequency_dependent_delay"":false,""localized_transient"":false,""persistent_bands"":true,""random_background_texture"":false,""repeating_pattern"":false,""saturated_or_clipped"":false,""uniform_or_constant_background"":false,""visible_structure"":true}",,,False
sample_001109,NON_FRB,RFI,NON_FRB,FRB,True,False,0.95,0.8325262665748596,0.1,0.8325262665748596,2,max,"{""broadband"":true,""frequency_dependent_delay"":false,""localized_transient"":false,""persistent_bands"":true,""random_background_texture"":false,""repeating_pattern"":false,""saturated_or_clipped"":false,""uniform_or_constant_background"":false,""visible_structure"":true}",,,False
sample_001114,NON_FRB,RFI,NON_FRB,FRB,True,False,1.0,0.5189630389213562,0.05,0.5189630389213562,9,max,"{""broadband"":true,""frequency_dependent_delay"":false,""localized_transient"":false,""persistent_bands"":true,""random_background_texture"":false,""repeating_pattern"":false,""saturated_or_clipped"":false,""uniform_or_constant_background"":false,""visible_structure"":true}",,,False
sample_001119,NON_FRB,RFI,NON_FRB,FRB,True,False,1.0,0.6676766872406006,0.05,0.6676766872406006,24,max,"{""broadband"":true,""frequency_dependent_delay"":false,""localized_transient"":false,""persistent_bands"":true,""random_background_texture"":false,""repeating_pattern"":false,""saturated_or_clipped"":false,""uniform_or_constant_background"":false,""visible_structure"":true}",,,False
sample_001146,NON_FRB,RFI,NON_FRB,FRB,True,False,0.95,0.5978496074676514,0.15,0.5978496074676514,1,max,"{""broadband"":false,""frequency_dependent_delay"":false,""localized_transient"":false,""persistent_bands"":false,""random_background_texture"":true,""repeating_pattern"":false,""saturated_or_clipped"":false,""uniform_or_constant_background"":false,""visible_structure"":false}",,,False
sample_001149,NON_FRB,RFI,NON_FRB,FRB,True,False,0.95,0.8213260769844055,0.05,0.8213260769844055,2,max,"{""broadband"":true,""frequency_dependent_delay"":false,""localized_transient"":false,""persistent_bands"":true,""random_background_texture"":false,""repeating_pattern"":false,""saturated_or_clipped"":false,""uniform_or_constant_background"":false,""visible_structure"":true}",,,False
sample_001151,NON_FRB,RFI,NON_FRB,FRB,True,False,0.95,0.9407631158828735,0.1,0.9407631158828735,2,max,"{""broadband"":true,""frequency_dependent_delay"":false,""localized_transient"":false,""persistent_bands"":true,""random_background_texture"":false,""repeating_pattern"":false,""saturated_or_clipped"":false,""uniform_or_constant_background"":false,""visible_structure"":true}",,,False
sample_001157,NON_FRB,RFI,NON_FRB,FRB,True,False,0.95,0.8216463327407837,0.1,0.8216463327407837,2,max,"{""broadband"":true,""frequency_dependent_delay"":false,""localized_transient"":false,""persistent_bands"":true,""random_background_texture"":false,""repeating_pattern"":false,""saturated_or_clipped"":false,""uniform_or_constant_background"":false,""visible_structure"":true}",,,False
sample_001158,NON_FRB,RFI,NON_FRB,FRB,True,False,0.95,0.966281533241272,0.1,0.966281533241272,2,max,"{""broadband"":true,""frequency_dependent_delay"":false,""localized_transient"":true,""persistent_bands"":true,""random_background_texture"":false,""repeating_pattern"":false,""saturated_or_clipped"":false,""uniform_or_constant_background"":false,""visible_structure"":true}",,,False
sample_001159,NON_FRB,RFI,NON_FRB,FRB,True,False,0.95,0.8882623910903931,0.1,0.8882623910903931,2,max,"{""broadband"":true,""frequency_dependent_delay"":false,""localized_transient"":false,""persistent_bands"":true,""random_background_texture"":false,""repeating_pattern"":false,""saturated_or_clipped"":false,""uniform_or_constant_background"":false,""visible_structure"":true}",,,False
sample_001165,NON_FRB,RFI,NON_FRB,FRB,True,False,0.9,0.8998135328292847,0.15,0.8998135328292847,2,max,"{""broadband"":true,""frequency_dependent_delay"":false,""localized_transient"":false,""persistent_bands"":true,""random_background_texture"":false,""repeating_pattern"":false,""saturated_or_clipped"":false,""uniform_or_constant_background"":false,""visible_structure"":true}",,,False
sample_001167,NON_FRB,RFI,NON_FRB,FRB,True,False,0.95,0.5593271255493164,0.15,0.5593271255493164,1,max,"{""broadband"":false,""frequency_dependent_delay"":false,""localized_transient"":false,""persistent_bands"":false,""random_background_texture"":true,""repeating_pattern"":false,""saturated_or_clipped"":false,""uniform_or_constant_background"":true,""visible_structure"":false}",,,False
sample_001169,NON_FRB,RFI,NON_FRB,FRB,True,False,0.95,0.7365269660949707,0.15,0.7365269660949707,2,max,"{""broadband"":true,""frequency_dependent_delay"":false,""localized_transient"":true,""persistent_bands"":false,""random_background_texture"":false,""repeating_pattern"":true,""saturated_or_clipped"":false,""uniform_or_constant_background"":false,""visible_structure"":true}",,,False
sample_001170,NON_FRB,RFI,NON_FRB,FRB,True,False,0.95,0.9703251123428345,0.1,0.9703251123428345,2,max,"{""broadband"":true,""frequency_dependent_delay"":false,""localized_transient"":false,""persistent_bands"":true,""random_background_texture"":false,""repeating_pattern"":false,""saturated_or_clipped"":false,""uniform_or_constant_background"":false,""visible_structure"":true}",,,False
sample_001185,NON_FRB,RFI,NON_FRB,FRB,True,False,0.95,0.9125868678092957,0.1,0.9125868678092957,5,max,"{""broadband"":true,""frequency_dependent_delay"":false,""localized_transient"":false,""persistent_bands"":true,""random_background_texture"":false,""repeating_pattern"":false,""saturated_or_clipped"":false,""uniform_or_constant_background"":false,""visible_structure"":true}",,,False
sample_001187,NON_FRB,RFI,NON_FRB,FRB,True,False,0.95,0.8468623161315918,0.1,0.8468623161315918,2,max,"{""broadband"":true,""frequency_dependent_delay"":false,""localized_transient"":false,""persistent_bands"":true,""random_background_texture"":false,""repeating_pattern"":false,""saturated_or_clipped"":false,""uniform_or_constant_background"":false,""visible_structure"":true}",,,False
sample_001188,NON_FRB,RFI,NON_FRB,FRB,True,False,0.95,0.9860104322433472,0.1,0.9860104322433472,2,max,"{""broadband"":true,""frequency_dependent_delay"":false,""localized_transient"":false,""persistent_bands"":true,""random_background_texture"":false,""repeating_pattern"":false,""saturated_or_clipped"":false,""uniform_or_constant_background"":false,""visible_structure"":true}",,,False
sample_001201,NON_FRB,RFI,NON_FRB,FRB,True,False,0.95,0.9633121490478516,0.15,0.9633121490478516,2,max,"{""broadband"":true,""frequency_dependent_delay"":false,""localized_transient"":false,""persistent_bands"":true,""random_background_texture"":false,""repeating_pattern"":false,""saturated_or_clipped"":false,""uniform_or_constant_background"":false,""visible_structure"":true}",,,False
sample_001202,NON_FRB,RFI,NON_FRB,FRB,True,False,0.95,0.9727957248687744,0.1,0.9727957248687744,2,max,"{""broadband"":true,""frequency_dependent_delay"":false,""localized_transient"":false,""persistent_bands"":true,""random_background_texture"":false,""repeating_pattern"":false,""saturated_or_clipped"":false,""uniform_or_constant_background"":false,""visible_structure"":true}",,,False
sample_001204,NON_FRB,RFI,NON_FRB,FRB,True,False,0.95,0.5034645795822144,0.15,0.5034645795822144,1,max,"{""broadband"":false,""frequency_dependent_delay"":false,""localized_transient"":false,""persistent_bands"":false,""random_background_texture"":true,""repeating_pattern"":false,""saturated_or_clipped"":false,""uniform_or_constant_background"":true,""visible_structure"":false}",,,False
sample_001207,NON_FRB,RFI,NON_FRB,FRB,True,False,0.95,0.8071290254592896,0.1,0.8071290254592896,2,max,"{""broadband"":true,""frequency_dependent_delay"":false,""localized_transient"":false,""persistent_bands"":true,""random_background_texture"":false,""repeating_pattern"":false,""saturated_or_clipped"":false,""uniform_or_constant_background"":false,""visible_structure"":true}",,,False
sample_001213,NON_FRB,RFI,NON_FRB,FRB,True,False,0.95,0.5019944310188293,0.1,0.5019944310188293,1,max,"{""broadband"":false,""frequency_dependent_delay"":false,""localized_transient"":false,""persistent_bands"":false,""random_background_texture"":true,""repeating_pattern"":false,""saturated_or_clipped"":false,""uniform_or_constant_background"":false,""visible_structure"":false}",,,False
sample_001223,NON_FRB,RFI,FRB,NON_FRB,False,True,0.9,0.4631703495979309,0.85,0.4631703495979309,1,max,"{""broadband"":true,""frequency_dependent_delay"":true,""localized_transient"":true,""persistent_bands"":false,""random_background_texture"":false,""repeating_pattern"":false,""saturated_or_clipped"":false,""uniform_or_constant_background"":false,""visible_structure"":true}",,,False
sample_001226,NON_FRB,RFI,NON_FRB,FRB,True,False,0.95,0.736739456653595,0.1,0.736739456653595,6,max,"{""broadband"":true,""frequency_dependent_delay"":false,""localized_transient"":false,""persistent_bands"":true,""random_background_texture"":false,""repeating_pattern"":false,""saturated_or_clipped"":false,""uniform_or_constant_background"":false,""visible_structure"":true}",,,False
sample_001233,NON_FRB,RFI,NON_FRB,FRB,True,False,0.95,0.8460505604743958,0.1,0.8460505604743958,3,max,"{""broadband"":true,""frequency_dependent_delay"":false,""localized_transient"":false,""persistent_bands"":true,""random_background_texture"":false,""repeating_pattern"":false,""saturated_or_clipped"":false,""uniform_or_constant_background"":false,""visible_structure"":true}",,,False
sample_001237,NON_FRB,RFI,NON_FRB,FRB,True,False,0.95,0.5452548265457153,0.1,0.5452548265457153,2,max,"{""broadband"":false,""frequency_dependent_delay"":false,""localized_transient"":false,""persistent_bands"":false,""random_background_texture"":true,""repeating_pattern"":false,""saturated_or_clipped"":false,""uniform_or_constant_background"":false,""visible_structure"":false}",,,False
sample_001239,NON_FRB,RFI,NON_FRB,FRB,True,False,0.95,0.9128155708312988,0.1,0.9128155708312988,2,max,"{""broadband"":true,""frequency_dependent_delay"":false,""localized_transient"":false,""persistent_bands"":true,""random_background_texture"":false,""repeating_pattern"":false,""saturated_or_clipped"":false,""uniform_or_constant_background"":false,""visible_structure"":true}",,,False
sample_001241,NON_FRB,RFI,NON_FRB,FRB,True,False,0.95,0.6884418725967407,0.1,0.6884418725967407,4,max,"{""broadband"":true,""frequency_dependent_delay"":false,""localized_transient"":false,""persistent_bands"":true,""random_background_texture"":false,""repeating_pattern"":false,""saturated_or_clipped"":false,""uniform_or_constant_background"":false,""visible_structure"":true}",,,False
sample_001244,NON_FRB,RFI,NON_FRB,FRB,True,False,0.95,0.8043665289878845,0.1,0.8043665289878845,2,max,"{""broadband"":true,""frequency_dependent_delay"":false,""localized_transient"":false,""persistent_bands"":true,""random_background_texture"":false,""repeating_pattern"":false,""saturated_or_clipped"":false,""uniform_or_constant_background"":false,""visible_structure"":true}",,,False
sample_001246,NON_FRB,RFI,NON_FRB,FRB,True,False,0.9,0.8649245500564575,0.15,0.8649245500564575,4,max,"{""broadband"":true,""frequency_dependent_delay"":false,""localized_transient"":true,""persistent_bands"":false,""random_background_texture"":false,""repeating_pattern"":true,""saturated_or_clipped"":false,""uniform_or_constant_background"":false,""visible_structure"":true}",,,False
sample_001250,NON_FRB,RFI,NON_FRB,FRB,True,False,0.9,0.9081450700759888,0.15,0.9081450700759888,6,max,"{""broadband"":true,""frequency_dependent_delay"":false,""localized_transient"":true,""persistent_bands"":false,""random_background_texture"":false,""repeating_pattern"":true,""saturated_or_clipped"":false,""uniform_or_constant_background"":false,""visible_structure"":true}",,,False
sample_001254,NON_FRB,RFI,NON_FRB,FRB,True,False,1.0,0.8872696757316589,0.05,0.8872696757316589,1,max,"{""broadband"":true,""frequency_dependent_delay"":false,""localized_transient"":false,""persistent_bands"":true,""random_background_texture"":false,""repeating_pattern"":false,""saturated_or_clipped"":false,""uniform_or_constant_background"":false,""visible_structure"":true}",,,False
sample_001259,NON_FRB,RFI,NON_FRB,FRB,True,False,0.95,0.5921566486358643,0.15,0.5921566486358643,1,max,"{""broadband"":false,""frequency_dependent_delay"":false,""localized_transient"":false,""persistent_bands"":false,""random_background_texture"":true,""repeating_pattern"":false,""saturated_or_clipped"":false,""uniform_or_constant_background"":false,""visible_structure"":false}",,,False
sample_001262,NON_FRB,RFI,NON_FRB,FRB,True,False,0.95,0.9473307132720947,0.1,0.9473307132720947,2,max,"{""broadband"":true,""frequency_dependent_delay"":false,""localized_transient"":false,""persistent_bands"":true,""random_background_texture"":false,""repeating_pattern"":false,""saturated_or_clipped"":false,""uniform_or_constant_background"":false,""visible_structure"":true}",,,False
sample_001267,NON_FRB,RFI,NON_FRB,FRB,True,False,0.95,0.9753598570823669,0.15,0.9753598570823669,2,max,"{""broadband"":true,""frequency_dependent_delay"":false,""localized_transient"":false,""persistent_bands"":true,""random_background_texture"":false,""repeating_pattern"":false,""saturated_or_clipped"":false,""uniform_or_constant_background"":false,""visible_structure"":true}",,,False
sample_001272,NON_FRB,RFI,NON_FRB,FRB,True,False,0.95,0.9325361847877502,0.1,0.9325361847877502,4,max,"{""broadband"":true,""frequency_dependent_delay"":false,""localized_transient"":false,""persistent_bands"":true,""random_background_texture"":false,""repeating_pattern"":false,""saturated_or_clipped"":false,""uniform_or_constant_background"":false,""visible_structure"":true}",,,False
sample_001276,NON_FRB,RFI,NON_FRB,FRB,True,False,0.95,0.8650288581848145,0.15,0.8650288581848145,2,max,"{""broadband"":true,""frequency_dependent_delay"":false,""localized_transient"":false,""persistent_bands"":true,""random_background_texture"":false,""repeating_pattern"":false,""saturated_or_clipped"":false,""uniform_or_constant_background"":false,""visible_structure"":true}",,,False
sample_001282,NON_FRB,RFI,NON_FRB,FRB,True,False,0.95,0.8363991379737854,0.1,0.8363991379737854,2,max,"{""broadband"":true,""frequency_dependent_delay"":false,""localized_transient"":false,""persistent_bands"":true,""random_background_texture"":false,""repeating_pattern"":false,""saturated_or_clipped"":false,""uniform_or_constant_background"":false,""visible_structure"":true}",,,False
sample_001285,NON_FRB,RFI,NON_FRB,FRB,True,False,0.95,0.5574014782905579,0.05,0.5574014782905579,2,max,"{""broadband"":true,""frequency_dependent_delay"":false,""localized_transient"":false,""persistent_bands"":true,""random_background_texture"":false,""repeating_pattern"":false,""saturated_or_clipped"":false,""uniform_or_constant_background"":false,""visible_structure"":true}",,,False
sample_001293,NON_FRB,RFI,FRB,NON_FRB,False,True,0.95,0.39922961592674255,0.9,0.39922961592674255,1,max,"{""broadband"":true,""frequency_dependent_delay"":true,""localized_transient"":true,""persistent_bands"":false,""random_background_texture"":false,""repeating_pattern"":false,""saturated_or_clipped"":false,""uniform_or_constant_background"":false,""visible_structure"":true}",,,False
sample_001296,NON_FRB,RFI,NON_FRB,FRB,True,False,0.95,0.7995249032974243,0.1,0.7995249032974243,2,max,"{""broadband"":true,""frequency_dependent_delay"":false,""localized_transient"":false,""persistent_bands"":true,""random_background_texture"":false,""repeating_pattern"":false,""saturated_or_clipped"":false,""uniform_or_constant_background"":false,""visible_structure"":true}",,,False
sample_001299,NON_FRB,RFI,NON_FRB,FRB,True,False,0.95,0.5145890116691589,0.15,0.5145890116691589,1,max,"{""broadband"":false,""frequency_dependent_delay"":false,""localized_transient"":false,""persistent_bands"":false,""random_background_texture"":true,""repeating_pattern"":false,""saturated_or_clipped"":false,""uniform_or_constant_background"":false,""visible_structure"":false}",,,False
sample_001300,NON_FRB,RFI,NON_FRB,FRB,True,False,0.95,0.7034574151039124,0.1,0.7034574151039124,1,max,"{""broadband"":false,""frequency_dependent_delay"":false,""localized_transient"":false,""persistent_bands"":false,""random_background_texture"":true,""repeating_pattern"":false,""saturated_or_clipped"":false,""uniform_or_constant_background"":false,""visible_structure"":false}",,,False
sample_001305,NON_FRB,RFI,NON_FRB,FRB,True,False,1.0,0.7788451910018921,0.05,0.7788451910018921,2,max,"{""broadband"":true,""frequency_dependent_delay"":false,""localized_transient"":false,""persistent_bands"":true,""random_background_texture"":false,""repeating_pattern"":false,""saturated_or_clipped"":false,""uniform_or_constant_background"":false,""visible_structure"":true}",,,False
sample_001310,NON_FRB,RFI,NON_FRB,FRB,True,False,0.95,0.8572181463241577,0.1,0.8572181463241577,2,max,"{""broadband"":true,""frequency_dependent_delay"":false,""localized_transient"":false,""persistent_bands"":true,""random_background_texture"":false,""repeating_pattern"":false,""saturated_or_clipped"":false,""uniform_or_constant_background"":false,""visible_structure"":true}",,,False
sample_001311,NON_FRB,RFI,NON_FRB,FRB,True,False,0.95,0.8569406867027283,0.15,0.8569406867027283,1,max,"{""broadband"":false,""frequency_dependent_delay"":false,""localized_transient"":false,""persistent_bands"":false,""random_background_texture"":true,""repeating_pattern"":false,""saturated_or_clipped"":false,""uniform_or_constant_background"":true,""visible_structure"":false}",,,False
sample_001313,NON_FRB,RFI,NON_FRB,FRB,True,False,0.95,0.8680725693702698,0.1,0.8680725693702698,2,max,"{""broadband"":true,""frequency_dependent_delay"":false,""localized_transient"":false,""persistent_bands"":true,""random_background_texture"":false,""repeating_pattern"":false,""saturated_or_clipped"":false,""uniform_or_constant_background"":false,""visible_structure"":true}",,,False
sample_001316,NON_FRB,RFI,NON_FRB,FRB,True,False,0.95,0.7570832371711731,0.1,0.7570832371711731,2,max,"{""broadband"":true,""frequency_dependent_delay"":false,""localized_transient"":false,""persistent_bands"":true,""random_background_texture"":false,""repeating_pattern"":false,""saturated_or_clipped"":false,""uniform_or_constant_background"":false,""visible_structure"":true}",,,False
sample_001322,NON_FRB,RFI,NON_FRB,FRB,True,False,0.95,0.7394053339958191,0.1,0.7394053339958191,4,max,"{""broadband"":true,""frequency_dependent_delay"":false,""localized_transient"":false,""persistent_bands"":true,""random_background_texture"":false,""repeating_pattern"":false,""saturated_or_clipped"":false,""uniform_or_constant_background"":false,""visible_structure"":true}",,,False
sample_001326,NON_FRB,RFI,NON_FRB,FRB,True,False,0.95,0.9904378056526184,0.1,0.9904378056526184,2,max,"{""broadband"":true,""frequency_dependent_delay"":false,""localized_transient"":false,""persistent_bands"":true,""random_background_texture"":false,""repeating_pattern"":false,""saturated_or_clipped"":false,""uniform_or_constant_background"":false,""visible_structure"":true}",,,False
sample_001338,NON_FRB,RFI,NON_FRB,FRB,True,False,0.95,0.555945873260498,0.1,0.555945873260498,1,max,"{""broadband"":false,""frequency_dependent_delay"":false,""localized_transient"":false,""persistent_bands"":false,""random_background_texture"":true,""repeating_pattern"":false,""saturated_or_clipped"":false,""uniform_or_constant_background"":false,""visible_structure"":false}",,,False
sample_001344,NON_FRB,RFI,NON_FRB,FRB,True,False,1.0,0.5967990159988403,0.05,0.5967990159988403,22,max,"{""broadband"":true,""frequency_dependent_delay"":false,""localized_transient"":false,""persistent_bands"":true,""random_background_texture"":false,""repeating_pattern"":false,""saturated_or_clipped"":false,""uniform_or_constant_background"":false,""visible_structure"":true}",,,False
sample_001346,NON_FRB,RFI,NON_FRB,FRB,True,False,0.95,0.9621172547340393,0.1,0.9621172547340393,2,max,"{""broadband"":true,""frequency_dependent_delay"":false,""localized_transient"":false,""persistent_bands"":true,""random_background_texture"":false,""repeating_pattern"":false,""saturated_or_clipped"":false,""uniform_or_constant_background"":false,""visible_structure"":true}",,,False
sample_001356,NON_FRB,RFI,NON_FRB,FRB,True,False,0.95,0.9150567650794983,0.1,0.9150567650794983,2,max,"{""broadband"":true,""frequency_dependent_delay"":false,""localized_transient"":false,""persistent_bands"":true,""random_background_texture"":false,""repeating_pattern"":false,""saturated_or_clipped"":false,""uniform_or_constant_background"":false,""visible_structure"":true}",,,False
sample_001362,NON_FRB,RFI,NON_FRB,FRB,True,False,0.95,0.9712162017822266,0.1,0.9712162017822266,2,max,"{""broadband"":true,""frequency_dependent_delay"":false,""localized_transient"":false,""persistent_bands"":true,""random_background_texture"":false,""repeating_pattern"":false,""saturated_or_clipped"":false,""uniform_or_constant_background"":false,""visible_structure"":true}",,,False
sample_001365,NON_FRB,RFI,NON_FRB,FRB,True,False,1.0,0.7029899954795837,0.05,0.7029899954795837,24,max,"{""broadband"":true,""frequency_dependent_delay"":false,""localized_transient"":false,""persistent_bands"":true,""random_background_texture"":false,""repeating_pattern"":false,""saturated_or_clipped"":false,""uniform_or_constant_background"":false,""visible_structure"":true}",,,False
sample_001371,NON_FRB,RFI,NON_FRB,FRB,True,False,0.95,0.5271061062812805,0.15,0.5271061062812805,1,max,"{""broadband"":false,""frequency_dependent_delay"":false,""localized_transient"":false,""persistent_bands"":false,""random_background_texture"":true,""repeating_pattern"":false,""saturated_or_clipped"":false,""uniform_or_constant_background"":true,""visible_structure"":false}",,,False
sample_001372,NON_FRB,RFI,NON_FRB,FRB,True,False,0.95,0.7683699131011963,0.05,0.7683699131011963,2,max,"{""broadband"":true,""frequency_dependent_delay"":false,""localized_transient"":false,""persistent_bands"":true,""random_background_texture"":false,""repeating_pattern"":false,""saturated_or_clipped"":false,""uniform_or_constant_background"":false,""visible_structure"":true}",,,False
sample_001374,NON_FRB,RFI,NON_FRB,FRB,True,False,0.95,0.9934866428375244,0.1,0.9934866428375244,2,max,"{""broadband"":true,""frequency_dependent_delay"":false,""localized_transient"":false,""persistent_bands"":true,""random_background_texture"":false,""repeating_pattern"":false,""saturated_or_clipped"":false,""uniform_or_constant_background"":false,""visible_structure"":true}",,,False
sample_001376,NON_FRB,RFI,NON_FRB,FRB,True,False,0.95,0.9330780506134033,0.1,0.9330780506134033,2,max,"{""broadband"":true,""frequency_dependent_delay"":false,""localized_transient"":false,""persistent_bands"":true,""random_background_texture"":false,""repeating_pattern"":false,""saturated_or_clipped"":false,""uniform_or_constant_background"":false,""visible_structure"":true}",,,False
sample_001391,NON_FRB,RFI,NON_FRB,FRB,True,False,0.95,0.5331901907920837,0.1,0.5331901907920837,1,max,"{""broadband"":false,""frequency_dependent_delay"":false,""localized_transient"":false,""persistent_bands"":false,""random_background_texture"":true,""repeating_pattern"":false,""saturated_or_clipped"":false,""uniform_or_constant_background"":true,""visible_structure"":false}",,,False
sample_001392,NON_FRB,RFI,NON_FRB,FRB,True,False,0.95,0.7587643265724182,0.15,0.7587643265724182,13,max,"{""broadband"":true,""frequency_dependent_delay"":false,""localized_transient"":false,""persistent_bands"":true,""random_background_texture"":false,""repeating_pattern"":false,""saturated_or_clipped"":false,""uniform_or_constant_background"":false,""visible_structure"":true}",,,False
sample_001395,NON_FRB,RFI,NON_FRB,FRB,True,False,0.95,0.6491388082504272,0.15,0.6491388082504272,1,max,"{""broadband"":false,""frequency_dependent_delay"":false,""localized_transient"":false,""persistent_bands"":false,""random_background_texture"":true,""repeating_pattern"":false,""saturated_or_clipped"":false,""uniform_or_constant_background"":false,""visible_structure"":false}",,,False
sample_001397,NON_FRB,RFI,NON_FRB,FRB,True,False,0.95,0.8048447370529175,0.1,0.8048447370529175,2,max,"{""broadband"":true,""frequency_dependent_delay"":false,""localized_transient"":false,""persistent_bands"":true,""random_background_texture"":false,""repeating_pattern"":false,""saturated_or_clipped"":false,""uniform_or_constant_background"":false,""visible_structure"":true}",,,False
sample_001398,NON_FRB,RFI,NON_FRB,FRB,True,False,0.95,0.7489380836486816,0.1,0.7489380836486816,2,max,"{""broadband"":true,""frequency_dependent_delay"":false,""localized_transient"":false,""persistent_bands"":true,""random_background_texture"":false,""repeating_pattern"":false,""saturated_or_clipped"":false,""uniform_or_constant_background"":false,""visible_structure"":true}",,,False
sample_001405,NON_FRB,RFI,NON_FRB,FRB,True,False,0.95,0.7804989814758301,0.1,0.7804989814758301,4,max,"{""broadband"":true,""frequency_dependent_delay"":false,""localized_transient"":false,""persistent_bands"":true,""random_background_texture"":false,""repeating_pattern"":false,""saturated_or_clipped"":false,""uniform_or_constant_background"":false,""visible_structure"":true}",,,False
sample_001415,NON_FRB,RFI,NON_FRB,FRB,True,False,0.95,0.6524167656898499,0.15,0.6524167656898499,1,max,"{""broadband"":false,""frequency_dependent_delay"":false,""localized_transient"":false,""persistent_bands"":false,""random_background_texture"":true,""repeating_pattern"":false,""saturated_or_clipped"":false,""uniform_or_constant_background"":false,""visible_structure"":false}",,,False
sample_001421,NON_FRB,RFI,NON_FRB,FRB,True,False,0.95,0.7491257786750793,0.1,0.7491257786750793,2,max,"{""broadband"":true,""frequency_dependent_delay"":false,""localized_transient"":false,""persistent_bands"":true,""random_background_texture"":false,""repeating_pattern"":false,""saturated_or_clipped"":false,""uniform_or_constant_background"":false,""visible_structure"":true}",,,False
sample_001432,NON_FRB,RFI,NON_FRB,FRB,True,False,0.9,0.9941083192825317,0.15,0.9941083192825317,2,max,"{""broadband"":true,""frequency_dependent_delay"":false,""localized_transient"":false,""persistent_bands"":true,""random_background_texture"":false,""repeating_pattern"":false,""saturated_or_clipped"":false,""uniform_or_constant_background"":false,""visible_structure"":true}",,,False
sample_001438,NON_FRB,RFI,NON_FRB,FRB,True,False,0.95,0.9346237778663635,0.1,0.9346237778663635,3,max,"{""broadband"":true,""frequency_dependent_delay"":false,""localized_transient"":false,""persistent_bands"":true,""random_background_texture"":false,""repeating_pattern"":false,""saturated_or_clipped"":false,""uniform_or_constant_background"":false,""visible_structure"":true}",,,False
sample_001450,NON_FRB,RFI,NON_FRB,FRB,True,False,0.95,0.8193773031234741,0.15,0.8193773031234741,1,max,"{""broadband"":false,""frequency_dependent_delay"":false,""localized_transient"":false,""persistent_bands"":false,""random_background_texture"":true,""repeating_pattern"":false,""saturated_or_clipped"":false,""uniform_or_constant_background"":false,""visible_structure"":false}",,,False
sample_001451,NON_FRB,RFI,NON_FRB,FRB,True,False,0.95,0.619591474533081,0.1,0.619591474533081,1,max,"{""broadband"":true,""frequency_dependent_delay"":false,""localized_transient"":false,""persistent_bands"":true,""random_background_texture"":false,""repeating_pattern"":false,""saturated_or_clipped"":false,""uniform_or_constant_background"":false,""visible_structure"":true}",,,False
sample_001452,NON_FRB,RFI,NON_FRB,FRB,True,False,0.95,0.6790413856506348,0.1,0.6790413856506348,2,max,"{""broadband"":true,""frequency_dependent_delay"":false,""localized_transient"":false,""persistent_bands"":true,""random_background_texture"":false,""repeating_pattern"":false,""saturated_or_clipped"":false,""uniform_or_constant_background"":false,""visible_structure"":true}",,,False
sample_001465,NON_FRB,RFI,NON_FRB,FRB,True,False,0.95,0.9540250897407532,0.05,0.9540250897407532,2,max,"{""broadband"":true,""frequency_dependent_delay"":false,""localized_transient"":false,""persistent_bands"":true,""random_background_texture"":false,""repeating_pattern"":false,""saturated_or_clipped"":false,""uniform_or_constant_background"":false,""visible_structure"":true}",,,False
sample_001467,NON_FRB,RFI,NON_FRB,FRB,True,False,0.95,0.7786917090415955,0.15,0.7786917090415955,2,max,"{""broadband"":false,""frequency_dependent_delay"":false,""localized_transient"":false,""persistent_bands"":false,""random_background_texture"":true,""repeating_pattern"":false,""saturated_or_clipped"":false,""uniform_or_constant_background"":false,""visible_structure"":false}",,,False
sample_001476,NON_FRB,RFI,NON_FRB,FRB,True,False,0.95,0.7020568251609802,0.1,0.7020568251609802,2,max,"{""broadband"":true,""frequency_dependent_delay"":false,""localized_transient"":true,""persistent_bands"":false,""random_background_texture"":false,""repeating_pattern"":true,""saturated_or_clipped"":false,""uniform_or_constant_background"":false,""visible_structure"":true}",,,False
sample_001479,NON_FRB,RFI,NON_FRB,FRB,True,False,0.95,0.7285234928131104,0.1,0.7285234928131104,1,max,"{""broadband"":false,""frequency_dependent_delay"":false,""localized_transient"":false,""persistent_bands"":false,""random_background_texture"":true,""repeating_pattern"":false,""saturated_or_clipped"":false,""uniform_or_constant_background"":true,""visible_structure"":false}",,,False
sample_001485,NON_FRB,RFI,NON_FRB,FRB,True,False,0.95,0.5037127137184143,0.1,0.5037127137184143,1,max,"{""broadband"":true,""frequency_dependent_delay"":false,""localized_transient"":false,""persistent_bands"":true,""random_background_texture"":false,""repeating_pattern"":false,""saturated_or_clipped"":false,""uniform_or_constant_background"":false,""visible_structure"":true}",,,False
sample_001489,NON_FRB,RFI,NON_FRB,FRB,True,False,0.95,0.6147748231887817,0.1,0.6147748231887817,2,max,"{""broadband"":true,""frequency_dependent_delay"":false,""localized_transient"":false,""persistent_bands"":true,""random_background_texture"":false,""repeating_pattern"":false,""saturated_or_clipped"":false,""uniform_or_constant_background"":false,""visible_structure"":true}",,,False
sample_001495,NON_FRB,RFI,NON_FRB,FRB,True,False,0.95,0.792233943939209,0.1,0.792233943939209,2,max,"{""broadband"":true,""frequency_dependent_delay"":false,""localized_transient"":false,""persistent_bands"":true,""random_background_texture"":false,""repeating_pattern"":false,""saturated_or_clipped"":false,""uniform_or_constant_background"":false,""visible_structure"":true}",,,False
sample_001519,NON_FRB,NOISE,NON_FRB,FRB,True,False,0.95,0.7774363160133362,0.15,0.7774363160133362,2,max,"{""broadband"":false,""frequency_dependent_delay"":false,""localized_transient"":false,""persistent_bands"":false,""random_background_texture"":true,""repeating_pattern"":false,""saturated_or_clipped"":false,""uniform_or_constant_background"":false,""visible_structure"":false}",,,False
sample_001521,NON_FRB,NOISE,NON_FRB,FRB,True,False,0.95,0.723203182220459,0.15,0.723203182220459,1,max,"{""broadband"":false,""frequency_dependent_delay"":false,""localized_transient"":false,""persistent_bands"":false,""random_background_texture"":true,""repeating_pattern"":false,""saturated_or_clipped"":false,""uniform_or_constant_background"":false,""visible_structure"":false}",,,False
sample_001548,NON_FRB,NOISE,NON_FRB,FRB,True,False,0.95,0.6471415758132935,0.15,0.6471415758132935,1,max,"{""broadband"":false,""frequency_dependent_delay"":false,""localized_transient"":false,""persistent_bands"":false,""random_background_texture"":true,""repeating_pattern"":false,""saturated_or_clipped"":false,""uniform_or_constant_background"":true,""visible_structure"":false}",,,False
sample_001593,NON_FRB,NOISE,NON_FRB,FRB,True,False,0.95,0.8790561556816101,0.15,0.8790561556816101,2,max,"{""broadband"":false,""frequency_dependent_delay"":false,""localized_transient"":false,""persistent_bands"":false,""random_background_texture"":true,""repeating_pattern"":false,""saturated_or_clipped"":false,""uniform_or_constant_background"":true,""visible_structure"":false}",,,False
sample_001632,NON_FRB,NOISE,NON_FRB,FRB,True,False,0.95,0.882753312587738,0.15,0.882753312587738,1,max,"{""broadband"":false,""frequency_dependent_delay"":false,""localized_transient"":false,""persistent_bands"":false,""random_background_texture"":true,""repeating_pattern"":false,""saturated_or_clipped"":false,""uniform_or_constant_background"":true,""visible_structure"":false}",,,False
sample_001644,NON_FRB,NOISE,NON_FRB,FRB,True,False,0.95,0.7419853210449219,0.15,0.7419853210449219,1,max,"{""broadband"":false,""frequency_dependent_delay"":false,""localized_transient"":false,""persistent_bands"":false,""random_background_texture"":true,""repeating_pattern"":false,""saturated_or_clipped"":false,""uniform_or_constant_background"":false,""visible_structure"":false}",,,False
sample_001651,NON_FRB,NOISE,NON_FRB,FRB,True,False,0.95,0.8364742398262024,0.15,0.8364742398262024,1,max,"{""broadband"":false,""frequency_dependent_delay"":false,""localized_transient"":false,""persistent_bands"":false,""random_background_texture"":true,""repeating_pattern"":false,""saturated_or_clipped"":false,""uniform_or_constant_background"":true,""visible_structure"":false}",,,False
sample_001658,NON_FRB,NOISE,NON_FRB,FRB,True,False,0.95,0.6719132661819458,0.15,0.6719132661819458,1,max,"{""broadband"":false,""frequency_dependent_delay"":false,""localized_transient"":false,""persistent_bands"":false,""random_background_texture"":true,""repeating_pattern"":false,""saturated_or_clipped"":false,""uniform_or_constant_background"":false,""visible_structure"":false}",,,False
sample_001674,NON_FRB,NOISE,NON_FRB,FRB,True,False,0.95,0.977867841720581,0.15,0.977867841720581,1,max,"{""broadband"":false,""frequency_dependent_delay"":false,""localized_transient"":false,""persistent_bands"":false,""random_background_texture"":true,""repeating_pattern"":false,""saturated_or_clipped"":false,""uniform_or_constant_background"":true,""visible_structure"":false}",,,False
sample_001709,NON_FRB,NOISE,NON_FRB,FRB,True,False,0.95,0.8653106689453125,0.1,0.8653106689453125,2,max,"{""broadband"":false,""frequency_dependent_delay"":false,""localized_transient"":false,""persistent_bands"":false,""random_background_texture"":true,""repeating_pattern"":false,""saturated_or_clipped"":false,""uniform_or_constant_background"":true,""visible_structure"":false}",,,False
sample_001759,NON_FRB,NOISE,NON_FRB,FRB,True,False,0.95,0.5708279013633728,0.15,0.5708279013633728,2,max,"{""broadband"":false,""frequency_dependent_delay"":false,""localized_transient"":false,""persistent_bands"":false,""random_background_texture"":true,""repeating_pattern"":false,""saturated_or_clipped"":false,""uniform_or_constant_background"":false,""visible_structure"":false}",,,False
sample_001780,NON_FRB,NOISE,NON_FRB,FRB,True,False,0.95,0.625320315361023,0.1,0.625320315361023,2,max,"{""broadband"":false,""frequency_dependent_delay"":false,""localized_transient"":false,""persistent_bands"":false,""random_background_texture"":true,""repeating_pattern"":false,""saturated_or_clipped"":false,""uniform_or_constant_background"":true,""visible_structure"":false}",,,False
sample_001811,NON_FRB,NOISE,NON_FRB,FRB,True,False,0.95,0.6196014285087585,0.15,0.6196014285087585,1,max,"{""broadband"":false,""frequency_dependent_delay"":false,""localized_transient"":false,""persistent_bands"":false,""random_background_texture"":true,""repeating_pattern"":false,""saturated_or_clipped"":false,""uniform_or_constant_background"":true,""visible_structure"":false}",,,False
sample_001862,NON_FRB,NOISE,NON_FRB,FRB,True,False,0.95,0.8722010254859924,0.15,0.8722010254859924,2,max,"{""broadband"":false,""frequency_dependent_delay"":false,""localized_transient"":false,""persistent_bands"":false,""random_background_texture"":true,""repeating_pattern"":false,""saturated_or_clipped"":false,""uniform_or_constant_background"":true,""visible_structure"":false}",,,False
sample_001915,NON_FRB,NOISE,NON_FRB,FRB,True,False,0.95,0.6748831868171692,0.15,0.6748831868171692,1,max,"{""broadband"":false,""frequency_dependent_delay"":false,""localized_transient"":false,""persistent_bands"":false,""random_background_texture"":true,""repeating_pattern"":false,""saturated_or_clipped"":false,""uniform_or_constant_background"":true,""visible_structure"":false}",,,False
sample_001921,NON_FRB,NOISE,NON_FRB,FRB,True,False,0.95,0.530832827091217,0.15,0.530832827091217,1,max,"{""broadband"":false,""frequency_dependent_delay"":false,""localized_transient"":false,""persistent_bands"":false,""random_background_texture"":true,""repeating_pattern"":false,""saturated_or_clipped"":false,""uniform_or_constant_background"":true,""visible_structure"":false}",,,False
sample_001935,NON_FRB,NOISE,NON_FRB,FRB,True,False,0.95,0.6311764717102051,0.1,0.6311764717102051,1,max,"{""broadband"":false,""frequency_dependent_delay"":false,""localized_transient"":false,""persistent_bands"":false,""random_background_texture"":true,""repeating_pattern"":false,""saturated_or_clipped"":false,""uniform_or_constant_background"":true,""visible_structure"":false}",,,False
sample_001963,NON_FRB,NOISE,NON_FRB,FRB,True,False,0.95,0.7158675789833069,0.15,0.7158675789833069,1,max,"{""broadband"":false,""frequency_dependent_delay"":false,""localized_transient"":false,""persistent_bands"":false,""random_background_texture"":true,""repeating_pattern"":false,""saturated_or_clipped"":false,""uniform_or_constant_background"":true,""visible_structure"":false}",,,False
sample_001970,NON_FRB,NOISE,NON_FRB,FRB,True,False,0.95,0.514094352722168,0.15,0.514094352722168,1,max,"{""broadband"":false,""frequency_dependent_delay"":false,""localized_transient"":false,""persistent_bands"":false,""random_background_texture"":true,""repeating_pattern"":false,""saturated_or_clipped"":false,""uniform_or_constant_background"":true,""visible_structure"":false}",,,False
sample_001992,NON_FRB,NOISE,NON_FRB,FRB,True,False,0.95,0.5104849934577942,0.1,0.5104849934577942,1,max,"{""broadband"":false,""frequency_dependent_delay"":false,""localized_transient"":false,""persistent_bands"":false,""random_background_texture"":true,""repeating_pattern"":false,""saturated_or_clipped"":false,""uniform_or_constant_background"":true,""visible_structure"":false}",,,False
