sample_id,true_label,source_true_label,y_true,score_vlm,score_external,vlm_predicted_label,external_predicted_label,external_n_candidates,external_aggregation
sample_000000,FRB,FRB,1,0.85,0.9999998807907104,FRB,FRB,2,max
sample_000001,FRB,FRB,1,0.9,0.9999998807907104,FRB,FRB,2,max
sample_000002,FRB,FRB,1,0.85,0.9999998807907104,FRB,FRB,2,max
sample_000003,FRB,FRB,1,0.75,1.0,FRB,FRB,2,max
sample_000004,FRB,FRB,1,0.85,1.0,FRB,FRB,2,max
sample_000005,FRB,FRB,1,0.15,1.0,NON_FRB,FRB,2,max
sample_000006,FRB,FRB,1,0.85,1.0,FRB,FRB,2,max
sample_000007,FRB,FRB,1,0.85,0.9999998807907104,FRB,FRB,2,max
sample_000008,FRB,FRB,1,0.15,1.0,NON_FRB,FRB,2,max
sample_000009,FRB,FRB,1,0.85,1.0,FRB,FRB,2,max
sample_000010,FRB,FRB,1,0.85,1.0,FRB,FRB,2,max
sample_000011,FRB,FRB,1,0.85,1.0,FRB,FRB,2,max
sample_000012,FRB,FRB,1,0.9,1.0,FRB,FRB,2,max
sample_000013,FRB,FRB,1,0.85,0.9999998807907104,FRB,FRB,2,max
sample_000014,FRB,FRB,1,0.85,1.0,FRB,FRB,2,max
sample_000015,FRB,FRB,1,0.85,1.0,FRB,FRB,2,max
sample_000016,FRB,FRB,1,0.85,0.9999997615814209,FRB,FRB,2,max
sample_000017,FRB,FRB,1,0.85,1.0,FRB,FRB,2,max
sample_000018,FRB,FRB,1,0.9,0.9999997615814209,FRB,FRB,2,max
sample_000019,FRB,FRB,1,0.85,1.0,FRB,FRB,2,max
sample_000020,FRB,FRB,1,0.85,0.9999996423721313,FRB,FRB,2,max
sample_000021,FRB,FRB,1,0.85,0.9999998807907104,FRB,FRB,2,max
sample_000022,FRB,FRB,1,0.85,0.9999998807907104,FRB,FRB,2,max
sample_000023,FRB,FRB,1,0.15,1.0,NON_FRB,FRB,2,max
sample_000024,FRB,FRB,1,0.75,1.0,FRB,FRB,2,max
sample_000025,FRB,FRB,1,0.9,1.0,FRB,FRB,2,max
sample_000026,FRB,FRB,1,0.85,1.0,FRB,FRB,2,max
sample_000027,FRB,FRB,1,0.85,1.0,FRB,FRB,2,max
sample_000028,FRB,FRB,1,0.85,0.9999997615814209,FRB,FRB,2,max
sample_000029,FRB,FRB,1,0.15,1.0,NON_FRB,FRB,2,max
sample_000030,FRB,FRB,1,0.85,1.0,FRB,FRB,2,max
sample_000031,FRB,FRB,1,0.85,1.0,FRB,FRB,2,max
sample_000032,FRB,FRB,1,0.85,1.0,FRB,FRB,2,max
sample_000033,FRB,FRB,1,0.15,1.0,NON_FRB,FRB,2,max
sample_000034,FRB,FRB,1,0.85,1.0,FRB,FRB,2,max
sample_000035,FRB,FRB,1,0.85,0.9999998807907104,FRB,FRB,2,max
sample_000036,FRB,FRB,1,0.75,1.0,FRB,FRB,2,max
sample_000037,FRB,FRB,1,0.85,0.9999998807907104,FRB,FRB,2,max
sample_000038,FRB,FRB,1,0.85,1.0,FRB,FRB,2,max
sample_000039,FRB,FRB,1,0.85,1.0,FRB,FRB,2,max
sample_000040,FRB,FRB,1,0.85,1.0,FRB,FRB,2,max
sample_000041,FRB,FRB,1,0.85,1.0,FRB,FRB,2,max
sample_000042,FRB,FRB,1,0.15,1.0,NON_FRB,FRB,2,max
sample_000043,FRB,FRB,1,0.15,1.0,NON_FRB,FRB,2,max
sample_000044,FRB,FRB,1,0.85,1.0,FRB,FRB,2,max
sample_000045,FRB,FRB,1,0.85,1.0,FRB,FRB,2,max
sample_000046,FRB,FRB,1,0.85,1.0,FRB,FRB,2,max
sample_000047,FRB,FRB,1,0.9,0.9999997615814209,FRB,FRB,2,max
sample_000048,FRB,FRB,1,0.15,1.0,NON_FRB,FRB,2,max
sample_000049,FRB,FRB,1,0.85,0.9999997615814209,FRB,FRB,2,max
sample_000050,FRB,FRB,1,0.85,1.0,FRB,FRB,2,max
sample_000051,FRB,FRB,1,0.85,1.0,FRB,FRB,2,max
sample_000052,FRB,FRB,1,0.85,0.9999996423721313,FRB,FRB,2,max
sample_000053,FRB,FRB,1,0.85,0.9999998807907104,FRB,FRB,2,max
sample_000054,FRB,FRB,1,0.15,1.0,NON_FRB,FRB,2,max
sample_000055,FRB,FRB,1,0.15,1.0,NON_FRB,FRB,2,max
sample_000056,FRB,FRB,1,0.15,1.0,NON_FRB,FRB,2,max
sample_000057,FRB,FRB,1,0.85,0.9999998807907104,FRB,FRB,2,max
sample_000058,FRB,FRB,1,0.9,1.0,FRB,FRB,2,max
sample_000059,FRB,FRB,1,0.85,1.0,FRB,FRB,2,max
sample_000060,FRB,FRB,1,0.9,0.9999998807907104,FRB,FRB,2,max
sample_000061,FRB,FRB,1,0.85,1.0,FRB,FRB,2,max
sample_000062,FRB,FRB,1,0.85,1.0,FRB,FRB,2,max
sample_000063,FRB,FRB,1,0.85,0.9999996423721313,FRB,FRB,2,max
sample_000064,FRB,FRB,1,0.85,1.0,FRB,FRB,2,max
sample_000065,FRB,FRB,1,0.85,1.0,FRB,FRB,2,max
sample_000066,FRB,FRB,1,0.15,1.0,NON_FRB,FRB,2,max
sample_000067,FRB,FRB,1,0.85,1.0,FRB,FRB,2,max
sample_000068,FRB,FRB,1,0.85,1.0,FRB,FRB,2,max
sample_000069,FRB,FRB,1,0.85,1.0,FRB,FRB,2,max
sample_000070,FRB,FRB,1,0.15,1.0,NON_FRB,FRB,2,max
sample_000071,FRB,FRB,1,0.85,1.0,FRB,FRB,2,max
sample_000072,FRB,FRB,1,0.85,1.0,FRB,FRB,2,max
sample_000073,FRB,FRB,1,0.15,1.0,NON_FRB,FRB,1,max
sample_000074,FRB,FRB,1,0.85,1.0,FRB,FRB,2,max
sample_000075,FRB,FRB,1,0.85,0.9999994039535522,FRB,FRB,2,max
sample_000076,FRB,FRB,1,0.85,1.0,FRB,FRB,2,max
sample_000077,FRB,FRB,1,0.15,1.0,NON_FRB,FRB,2,max
sample_000078,FRB,FRB,1,0.85,0.9999994039535522,FRB,FRB,2,max
sample_000079,FRB,FRB,1,0.85,1.0,FRB,FRB,2,max
sample_000080,FRB,FRB,1,0.85,1.0,FRB,FRB,2,max
sample_000081,FRB,FRB,1,0.85,1.0,FRB,FRB,2,max
sample_000082,FRB,FRB,1,0.75,1.0,FRB,FRB,2,max
sample_000083,FRB,FRB,1,0.15,1.0,NON_FRB,FRB,2,max
sample_000084,FRB,FRB,1,0.85,0.9999998807907104,FRB,FRB,2,max
sample_000085,FRB,FRB,1,0.85,1.0,FRB,FRB,2,max
sample_000086,FRB,FRB,1,0.85,1.0,FRB,FRB,2,max
sample_000087,FRB,FRB,1,0.85,1.0,FRB,FRB,2,max
sample_000088,FRB,FRB,1,0.9,1.0,FRB,FRB,2,max
sample_000089,FRB,FRB,1,0.85,1.0,FRB,FRB,2,max
sample_000090,FRB,FRB,1,0.85,1.0,FRB,FRB,2,max
sample_000091,FRB,FRB,1,0.85,1.0,FRB,FRB,2,max
sample_000092,FRB,FRB,1,0.15,1.0,NON_FRB,FRB,2,max
sample_000093,FRB,FRB,1,0.85,0.9999998807907104,FRB,FRB,2,max
sample_000094,FRB,FRB,1,0.85,1.0,FRB,FRB,2,max
sample_000095,FRB,FRB,1,0.9,0.9999997615814209,FRB,FRB,2,max
sample_000096,FRB,FRB,1,0.85,1.0,FRB,FRB,2,max
sample_000097,FRB,FRB,1,0.9,1.0,FRB,FRB,2,max
sample_000098,FRB,FRB,1,0.85,1.0,FRB,FRB,2,max
sample_000099,FRB,FRB,1,0.85,1.0,FRB,FRB,2,max
sample_000100,FRB,FRB,1,0.85,1.0,FRB,FRB,2,max
sample_000101,FRB,FRB,1,0.85,1.0,FRB,FRB,2,max
sample_000102,FRB,FRB,1,0.85,1.0,FRB,FRB,2,max
sample_000103,FRB,FRB,1,0.85,1.0,FRB,FRB,2,max
sample_000104,FRB,FRB,1,0.85,1.0,FRB,FRB,2,max
sample_000105,FRB,FRB,1,0.85,1.0,FRB,FRB,2,max
sample_000106,FRB,FRB,1,0.85,1.0,FRB,FRB,2,max
sample_000107,FRB,FRB,1,0.15,1.0,NON_FRB,FRB,2,max
sample_000108,FRB,FRB,1,0.75,1.0,FRB,FRB,2,max
sample_000109,FRB,FRB,1,0.85,1.0,FRB,FRB,2,max
sample_000110,FRB,FRB,1,0.88,0.9999997615814209,FRB,FRB,2,max
sample_000111,FRB,FRB,1,0.88,0.9999998807907104,FRB,FRB,2,max
sample_000112,FRB,FRB,1,0.9,0.9999996423721313,FRB,FRB,2,max
sample_000113,FRB,FRB,1,0.85,1.0,FRB,FRB,2,max
sample_000114,FRB,FRB,1,0.85,1.0,FRB,FRB,2,max
sample_000115,FRB,FRB,1,0.85,1.0,FRB,FRB,2,max
sample_000116,FRB,FRB,1,0.85,1.0,FRB,FRB,2,max
sample_000117,FRB,FRB,1,0.85,1.0,FRB,FRB,2,max
sample_000118,FRB,FRB,1,0.85,1.0,FRB,FRB,2,max
sample_000119,FRB,FRB,1,0.85,0.9999998807907104,FRB,FRB,2,max
sample_000120,FRB,FRB,1,0.85,1.0,FRB,FRB,2,max
sample_000121,FRB,FRB,1,0.15,1.0,NON_FRB,FRB,2,max
sample_000122,FRB,FRB,1,0.85,1.0,FRB,FRB,2,max
sample_000123,FRB,FRB,1,0.85,1.0,FRB,FRB,2,max
sample_000124,FRB,FRB,1,0.75,1.0,FRB,FRB,2,max
sample_000125,FRB,FRB,1,0.85,0.9999998807907104,FRB,FRB,2,max
sample_000126,FRB,FRB,1,0.15,1.0,NON_FRB,FRB,2,max
sample_000127,FRB,FRB,1,0.85,0.9999997615814209,FRB,FRB,2,max
sample_000128,FRB,FRB,1,0.9,0.9999998807907104,FRB,FRB,2,max
sample_000129,FRB,FRB,1,0.85,1.0,FRB,FRB,2,max
sample_000130,FRB,FRB,1,0.9,1.0,FRB,FRB,2,max
sample_000131,FRB,FRB,1,0.85,1.0,FRB,FRB,2,max
sample_000132,FRB,FRB,1,0.85,0.9999997615814209,FRB,FRB,2,max
sample_000133,FRB,FRB,1,0.85,0.9999998807907104,FRB,FRB,2,max
sample_000134,FRB,FRB,1,0.85,0.9999998807907104,FRB,FRB,2,max
sample_000135,FRB,FRB,1,0.85,1.0,FRB,FRB,2,max
sample_000136,FRB,FRB,1,0.85,1.0,FRB,FRB,2,max
sample_000137,FRB,FRB,1,0.85,1.0,FRB,FRB,2,max
sample_000138,FRB,FRB,1,0.85,1.0,FRB,FRB,2,max
sample_000139,FRB,FRB,1,0.15,0.9999998807907104,NON_FRB,FRB,2,max
sample_000140,FRB,FRB,1,0.85,0.9999998807907104,FRB,FRB,2,max
sample_000141,FRB,FRB,1,0.85,1.0,FRB,FRB,2,max
sample_000142,FRB,FRB,1,0.85,1.0,FRB,FRB,2,max
sample_000143,FRB,FRB,1,0.85,1.0,FRB,FRB,2,max
sample_000144,FRB,FRB,1,0.15,1.0,NON_FRB,FRB,2,max
sample_000145,FRB,FRB,1,0.9,1.0,FRB,FRB,2,max
sample_000146,FRB,FRB,1,0.85,1.0,FRB,FRB,2,max
sample_000147,FRB,FRB,1,0.85,0.9999998807907104,FRB,FRB,2,max
sample_000148,FRB,FRB,1,0.9,0.9999997615814209,FRB,FRB,2,max
sample_000149,FRB,FRB,1,0.85,1.0,FRB,FRB,2,max
sample_000150,FRB,FRB,1,0.85,1.0,FRB,FRB,2,max
sample_000151,FRB,FRB,1,0.9,0.9999997615814209,FRB,FRB,2,max
sample_000152,FRB,FRB,1,0.85,1.0,FRB,FRB,2,max
sample_000153,FRB,FRB,1,0.92,1.0,FRB,FRB,2,max
sample_000154,FRB,FRB,1,0.85,1.0,FRB,FRB,2,max
sample_000155,FRB,FRB,1,0.85,0.9999998807907104,FRB,FRB,2,max
sample_000156,FRB,FRB,1,0.75,1.0,FRB,FRB,2,max
sample_000157,FRB,FRB,1,0.85,0.9999998807907104,FRB,FRB,2,max
sample_000158,FRB,FRB,1,0.85,1.0,FRB,FRB,2,max
sample_000159,FRB,FRB,1,0.85,1.0,FRB,FRB,2,max
sample_000160,FRB,FRB,1,0.85,0.9999998807907104,FRB,FRB,2,max
sample_000161,FRB,FRB,1,0.85,1.0,FRB,FRB,2,max
sample_000162,FRB,FRB,1,0.85,1.0,FRB,FRB,2,max
sample_000163,FRB,FRB,1,0.9,0.9999996423721313,FRB,FRB,2,max
sample_000164,FRB,FRB,1,0.85,0.9999996423721313,FRB,FRB,2,max
sample_000165,FRB,FRB,1,0.85,0.9999998807907104,FRB,FRB,2,max
sample_000166,FRB,FRB,1,0.85,0.9999998807907104,FRB,FRB,2,max
sample_000167,FRB,FRB,1,0.9,1.0,FRB,FRB,2,max
sample_000168,FRB,FRB,1,0.85,0.9999998807907104,FRB,FRB,2,max
sample_000169,FRB,FRB,1,0.85,1.0,FRB,FRB,2,max
sample_000170,FRB,FRB,1,0.15,1.0,NON_FRB,FRB,2,max
sample_000171,FRB,FRB,1,0.15,1.0,NON_FRB,FRB,2,max
sample_000172,FRB,FRB,1,0.15,1.0,NON_FRB,FRB,2,max
sample_000173,FRB,FRB,1,0.85,1.0,FRB,FRB,2,max
sample_000174,FRB,FRB,1,0.85,1.0,FRB,FRB,2,max
sample_000175,FRB,FRB,1,0.85,1.0,FRB,FRB,2,max
sample_000176,FRB,FRB,1,0.85,0.9999998807907104,FRB,FRB,2,max
sample_000177,FRB,FRB,1,0.85,0.9999998807907104,FRB,FRB,2,max
sample_000178,FRB,FRB,1,0.85,1.0,FRB,FRB,2,max
sample_000179,FRB,FRB,1,0.85,1.0,FRB,FRB,2,max
sample_000180,FRB,FRB,1,0.85,0.9999998807907104,FRB,FRB,2,max
sample_000181,FRB,FRB,1,0.85,0.9999998807907104,FRB,FRB,2,max
sample_000182,FRB,FRB,1,0.15,1.0,NON_FRB,FRB,2,max
sample_000183,FRB,FRB,1,0.85,0.9999998807907104,FRB,FRB,2,max
sample_000184,FRB,FRB,1,0.85,0.9999998807907104,FRB,FRB,2,max
sample_000185,FRB,FRB,1,0.9,0.9999998807907104,FRB,FRB,2,max
sample_000186,FRB,FRB,1,0.85,1.0,FRB,FRB,2,max
sample_000187,FRB,FRB,1,0.15,1.0,NON_FRB,FRB,2,max
sample_000188,FRB,FRB,1,0.85,1.0,FRB,FRB,2,max
sample_000189,FRB,FRB,1,0.15,1.0,NON_FRB,FRB,2,max
sample_000190,FRB,FRB,1,0.15,1.0,NON_FRB,FRB,2,max
sample_000191,FRB,FRB,1,0.15,1.0,NON_FRB,FRB,2,max
sample_000192,FRB,FRB,1,0.85,1.0,FRB,FRB,2,max
sample_000193,FRB,FRB,1,0.15,1.0,NON_FRB,FRB,2,max
sample_000194,FRB,FRB,1,0.85,1.0,FRB,FRB,2,max
sample_000195,FRB,FRB,1,0.85,1.0,FRB,FRB,2,max
sample_000196,FRB,FRB,1,0.85,1.0,FRB,FRB,2,max
sample_000197,FRB,FRB,1,0.85,1.0,FRB,FRB,2,max
sample_000198,FRB,FRB,1,0.85,1.0,FRB,FRB,2,max
sample_000199,FRB,FRB,1,0.15,1.0,NON_FRB,FRB,2,max
sample_000200,FRB,FRB,1,0.85,0.9999998807907104,FRB,FRB,2,max
sample_000201,FRB,FRB,1,0.75,1.0,FRB,FRB,2,max
sample_000202,FRB,FRB,1,0.85,1.0,FRB,FRB,2,max
sample_000203,FRB,FRB,1,0.85,0.9999998807907104,FRB,FRB,2,max
sample_000204,FRB,FRB,1,0.15,1.0,NON_FRB,FRB,2,max
sample_000205,FRB,FRB,1,0.85,1.0,FRB,FRB,2,max
sample_000206,FRB,FRB,1,0.9,1.0,FRB,FRB,2,max
sample_000207,FRB,FRB,1,0.85,1.0,FRB,FRB,2,max
sample_000208,FRB,FRB,1,0.92,1.0,FRB,FRB,2,max
sample_000209,FRB,FRB,1,0.85,1.0,FRB,FRB,2,max
sample_000210,FRB,FRB,1,0.15,1.0,NON_FRB,FRB,2,max
sample_000211,FRB,FRB,1,0.85,1.0,FRB,FRB,2,max
sample_000212,FRB,FRB,1,0.85,0.9999998807907104,FRB,FRB,2,max
sample_000213,FRB,FRB,1,0.85,1.0,FRB,FRB,2,max
sample_000214,FRB,FRB,1,0.9,1.0,FRB,FRB,2,max
sample_000215,FRB,FRB,1,0.85,1.0,FRB,FRB,2,max
sample_000216,FRB,FRB,1,0.85,1.0,FRB,FRB,2,max
sample_000217,FRB,FRB,1,0.15,0.9999995231628418,NON_FRB,FRB,2,max
sample_000218,FRB,FRB,1,0.85,1.0,FRB,FRB,2,max
sample_000219,FRB,FRB,1,0.85,1.0,FRB,FRB,2,max
sample_000220,FRB,FRB,1,0.15,1.0,NON_FRB,FRB,2,max
sample_000221,FRB,FRB,1,0.85,0.9999998807907104,FRB,FRB,2,max
sample_000222,FRB,FRB,1,0.85,1.0,FRB,FRB,2,max
sample_000223,FRB,FRB,1,0.92,0.9999997615814209,FRB,FRB,2,max
sample_000224,FRB,FRB,1,0.85,1.0,FRB,FRB,2,max
sample_000225,FRB,FRB,1,0.85,1.0,FRB,FRB,2,max
sample_000226,FRB,FRB,1,0.75,1.0,FRB,FRB,2,max
sample_000227,FRB,FRB,1,0.9,0.9999998807907104,FRB,FRB,2,max
sample_000228,FRB,FRB,1,0.15,1.0,NON_FRB,FRB,2,max
sample_000229,FRB,FRB,1,0.15,1.0,NON_FRB,FRB,2,max
sample_000230,FRB,FRB,1,0.85,1.0,FRB,FRB,2,max
sample_000231,FRB,FRB,1,0.85,1.0,FRB,FRB,2,max
sample_000232,FRB,FRB,1,0.85,1.0,FRB,FRB,2,max
sample_000233,FRB,FRB,1,0.85,1.0,FRB,FRB,2,max
sample_000234,FRB,FRB,1,0.85,1.0,FRB,FRB,2,max
sample_000235,FRB,FRB,1,0.9,0.9999998807907104,FRB,FRB,2,max
sample_000236,FRB,FRB,1,0.85,1.0,FRB,FRB,2,max
sample_000237,FRB,FRB,1,0.85,1.0,FRB,FRB,2,max
sample_000238,FRB,FRB,1,0.85,1.0,FRB,FRB,2,max
sample_000239,FRB,FRB,1,0.85,0.9999996423721313,FRB,FRB,1,max
sample_000240,FRB,FRB,1,0.9,1.0,FRB,FRB,2,max
sample_000241,FRB,FRB,1,0.85,1.0,FRB,FRB,2,max
sample_000242,FRB,FRB,1,0.15,1.0,NON_FRB,FRB,2,max
sample_000243,FRB,FRB,1,0.85,1.0,FRB,FRB,2,max
sample_000244,FRB,FRB,1,0.15,1.0,NON_FRB,FRB,2,max
sample_000245,FRB,FRB,1,0.85,1.0,FRB,FRB,2,max
sample_000246,FRB,FRB,1,0.85,1.0,FRB,FRB,2,max
sample_000247,FRB,FRB,1,0.85,0.9999998807907104,FRB,FRB,2,max
sample_000248,FRB,FRB,1,0.9,0.9999997615814209,FRB,FRB,2,max
sample_000249,FRB,FRB,1,0.85,1.0,FRB,FRB,2,max
sample_000250,FRB,FRB,1,0.9,0.9999996423721313,FRB,FRB,1,max
sample_000251,FRB,FRB,1,0.15,1.0,NON_FRB,FRB,2,max
sample_000252,FRB,FRB,1,0.85,1.0,FRB,FRB,2,max
sample_000253,FRB,FRB,1,0.15,1.0,NON_FRB,FRB,2,max
sample_000254,FRB,FRB,1,0.85,1.0,FRB,FRB,2,max
sample_000255,FRB,FRB,1,0.85,1.0,FRB,FRB,2,max
sample_000256,FRB,FRB,1,0.9,0.9999998807907104,FRB,FRB,2,max
sample_000257,FRB,FRB,1,0.85,1.0,FRB,FRB,2,max
sample_000258,FRB,FRB,1,0.85,0.9999998807907104,FRB,FRB,2,max
sample_000259,FRB,FRB,1,0.85,1.0,FRB,FRB,2,max
sample_000260,FRB,FRB,1,0.85,1.0,FRB,FRB,2,max
sample_000261,FRB,FRB,1,0.15,0.9999997615814209,NON_FRB,FRB,2,max
sample_000262,FRB,FRB,1,0.85,1.0,FRB,FRB,2,max
sample_000263,FRB,FRB,1,0.85,1.0,FRB,FRB,2,max
sample_000264,FRB,FRB,1,0.85,0.9999998807907104,FRB,FRB,2,max
sample_000265,FRB,FRB,1,0.85,0.9999997615814209,FRB,FRB,2,max
sample_000266,FRB,FRB,1,0.85,1.0,FRB,FRB,2,max
sample_000267,FRB,FRB,1,0.85,1.0,FRB,FRB,2,max
sample_000268,FRB,FRB,1,0.85,1.0,FRB,FRB,2,max
sample_000269,FRB,FRB,1,0.75,1.0,FRB,FRB,2,max
sample_000270,FRB,FRB,1,0.15,1.0,NON_FRB,FRB,2,max
sample_000271,FRB,FRB,1,0.85,1.0,FRB,FRB,2,max
sample_000272,FRB,FRB,1,0.85,1.0,FRB,FRB,2,max
sample_000273,FRB,FRB,1,0.15,1.0,NON_FRB,FRB,2,max
sample_000274,FRB,FRB,1,0.85,1.0,FRB,FRB,2,max
sample_000275,FRB,FRB,1,0.85,1.0,FRB,FRB,2,max
sample_000276,FRB,FRB,1,0.85,1.0,FRB,FRB,2,max
sample_000277,FRB,FRB,1,0.75,1.0,FRB,FRB,2,max
sample_000278,FRB,FRB,1,0.85,1.0,FRB,FRB,2,max
sample_000279,FRB,FRB,1,0.85,1.0,FRB,FRB,2,max
sample_000280,FRB,FRB,1,0.85,1.0,FRB,FRB,2,max
sample_000281,FRB,FRB,1,0.85,1.0,FRB,FRB,2,max
sample_000282,FRB,FRB,1,0.15,1.0,NON_FRB,FRB,2,max
sample_000283,FRB,FRB,1,0.85,1.0,FRB,FRB,2,max
sample_000284,FRB,FRB,1,0.85,1.0,FRB,FRB,2,max
sample_000285,FRB,FRB,1,0.75,1.0,FRB,FRB,2,max
sample_000286,FRB,FRB,1,0.85,1.0,FRB,FRB,2,max
sample_000287,FRB,FRB,1,0.15,1.0,NON_FRB,FRB,2,max
sample_000288,FRB,FRB,1,0.9,1.0,FRB,FRB,2,max
sample_000289,FRB,FRB,1,0.15,1.0,NON_FRB,FRB,2,max
sample_000290,FRB,FRB,1,0.85,1.0,FRB,FRB,2,max
sample_000291,FRB,FRB,1,0.85,1.0,FRB,FRB,2,max
sample_000292,FRB,FRB,1,0.85,1.0,FRB,FRB,2,max
sample_000293,FRB,FRB,1,0.9,0.9999997615814209,FRB,FRB,2,max
sample_000294,FRB,FRB,1,0.85,1.0,FRB,FRB,2,max
sample_000295,FRB,FRB,1,0.85,1.0,FRB,FRB,2,max
sample_000296,FRB,FRB,1,0.85,1.0,FRB,FRB,2,max
sample_000297,FRB,FRB,1,0.85,0.9999997615814209,FRB,FRB,2,max
sample_000298,FRB,FRB,1,0.85,1.0,FRB,FRB,2,max
sample_000299,FRB,FRB,1,0.85,1.0,FRB,FRB,2,max
sample_000300,FRB,FRB,1,0.15,1.0,NON_FRB,FRB,2,max
sample_000301,FRB,FRB,1,0.85,1.0,FRB,FRB,2,max
sample_000302,FRB,FRB,1,0.85,0.9999998807907104,FRB,FRB,2,max
sample_000303,FRB,FRB,1,0.15,1.0,NON_FRB,FRB,2,max
sample_000304,FRB,FRB,1,0.9,1.0,FRB,FRB,2,max
sample_000305,FRB,FRB,1,0.85,1.0,FRB,FRB,2,max
sample_000306,FRB,FRB,1,0.85,0.9999997615814209,FRB,FRB,2,max
sample_000307,FRB,FRB,1,0.85,1.0,FRB,FRB,2,max
sample_000308,FRB,FRB,1,0.85,1.0,FRB,FRB,2,max
sample_000309,FRB,FRB,1,0.15,1.0,NON_FRB,FRB,2,max
sample_000310,FRB,FRB,1,0.85,1.0,FRB,FRB,2,max
sample_000311,FRB,FRB,1,0.75,1.0,FRB,FRB,2,max
sample_000312,FRB,FRB,1,0.85,1.0,FRB,FRB,2,max
sample_000313,FRB,FRB,1,0.85,1.0,FRB,FRB,2,max
sample_000314,FRB,FRB,1,0.85,1.0,FRB,FRB,2,max
sample_000315,FRB,FRB,1,0.15,1.0,NON_FRB,FRB,2,max
sample_000316,FRB,FRB,1,0.85,1.0,FRB,FRB,2,max
sample_000317,FRB,FRB,1,0.85,1.0,FRB,FRB,2,max
sample_000318,FRB,FRB,1,0.9,0.9999998807907104,FRB,FRB,2,max
sample_000319,FRB,FRB,1,0.75,1.0,FRB,FRB,2,max
sample_000320,FRB,FRB,1,0.85,1.0,FRB,FRB,2,max
sample_000321,FRB,FRB,1,0.85,1.0,FRB,FRB,2,max
sample_000322,FRB,FRB,1,0.75,0.9999998807907104,FRB,FRB,2,max
sample_000323,FRB,FRB,1,0.85,0.9999995231628418,FRB,FRB,2,max
sample_000324,FRB,FRB,1,0.85,1.0,FRB,FRB,2,max
sample_000325,FRB,FRB,1,0.85,1.0,FRB,FRB,2,max
sample_000326,FRB,FRB,1,0.9,0.9999997615814209,FRB,FRB,2,max
sample_000327,FRB,FRB,1,0.85,1.0,FRB,FRB,2,max
sample_000328,FRB,FRB,1,0.85,1.0,FRB,FRB,2,max
sample_000329,FRB,FRB,1,0.85,0.9999998807907104,FRB,FRB,2,max
sample_000330,FRB,FRB,1,0.85,1.0,FRB,FRB,2,max
sample_000331,FRB,FRB,1,0.85,1.0,FRB,FRB,2,max
sample_000332,FRB,FRB,1,0.85,1.0,FRB,FRB,2,max
sample_000333,FRB,FRB,1,0.92,0.9999997615814209,FRB,FRB,2,max
sample_000334,FRB,FRB,1,0.15,1.0,NON_FRB,FRB,2,max
sample_000335,FRB,FRB,1,0.92,0.9999997615814209,FRB,FRB,2,max
sample_000336,FRB,FRB,1,0.15,1.0,NON_FRB,FRB,2,max
sample_000337,FRB,FRB,1,0.85,0.9999997615814209,FRB,FRB,2,max
sample_000338,FRB,FRB,1,0.9,0.9999998807907104,FRB,FRB,2,max
sample_000339,FRB,FRB,1,0.9,1.0,FRB,FRB,2,max
sample_000340,FRB,FRB,1,0.88,1.0,FRB,FRB,2,max
sample_000341,FRB,FRB,1,0.85,1.0,FRB,FRB,2,max
sample_000342,FRB,FRB,1,0.85,1.0,FRB,FRB,2,max
sample_000343,FRB,FRB,1,0.85,1.0,FRB,FRB,2,max
sample_000344,FRB,FRB,1,0.85,0.9999998807907104,FRB,FRB,2,max
sample_000345,FRB,FRB,1,0.85,1.0,FRB,FRB,2,max
sample_000346,FRB,FRB,1,0.85,1.0,FRB,FRB,2,max
sample_000347,FRB,FRB,1,0.15,1.0,NON_FRB,FRB,2,max
sample_000348,FRB,FRB,1,0.85,1.0,FRB,FRB,2,max
sample_000349,FRB,FRB,1,0.85,1.0,FRB,FRB,2,max
sample_000350,FRB,FRB,1,0.15,1.0,NON_FRB,FRB,2,max
sample_000351,FRB,FRB,1,0.85,1.0,FRB,FRB,2,max
sample_000352,FRB,FRB,1,0.85,1.0,FRB,FRB,2,max
sample_000353,FRB,FRB,1,0.85,1.0,FRB,FRB,2,max
sample_000354,FRB,FRB,1,0.9,1.0,FRB,FRB,2,max
sample_000355,FRB,FRB,1,0.85,1.0,FRB,FRB,2,max
sample_000356,FRB,FRB,1,0.15,1.0,NON_FRB,FRB,2,max
sample_000357,FRB,FRB,1,0.85,1.0,FRB,FRB,2,max
sample_000358,FRB,FRB,1,0.85,1.0,FRB,FRB,2,max
sample_000359,FRB,FRB,1,0.85,1.0,FRB,FRB,2,max
sample_000360,FRB,FRB,1,0.85,1.0,FRB,FRB,2,max
sample_000361,FRB,FRB,1,0.85,1.0,FRB,FRB,2,max
sample_000362,FRB,FRB,1,0.88,0.9999998807907104,FRB,FRB,2,max
sample_000363,FRB,FRB,1,0.1,1.0,NON_FRB,FRB,2,max
sample_000364,FRB,FRB,1,0.85,1.0,FRB,FRB,2,max
sample_000365,FRB,FRB,1,0.9,0.9999998807907104,FRB,FRB,2,max
sample_000366,FRB,FRB,1,0.85,1.0,FRB,FRB,2,max
sample_000367,FRB,FRB,1,0.85,1.0,FRB,FRB,2,max
sample_000368,FRB,FRB,1,0.85,1.0,FRB,FRB,2,max
sample_000369,FRB,FRB,1,0.85,1.0,FRB,FRB,2,max
sample_000370,FRB,FRB,1,0.85,1.0,FRB,FRB,2,max
sample_000371,FRB,FRB,1,0.85,1.0,FRB,FRB,2,max
sample_000372,FRB,FRB,1,0.9,1.0,FRB,FRB,2,max
sample_000373,FRB,FRB,1,0.85,1.0,FRB,FRB,2,max
sample_000374,FRB,FRB,1,0.85,1.0,FRB,FRB,2,max
sample_000375,FRB,FRB,1,0.85,0.9999997615814209,FRB,FRB,2,max
sample_000376,FRB,FRB,1,0.85,1.0,FRB,FRB,2,max
sample_000377,FRB,FRB,1,0.85,0.9999997615814209,FRB,FRB,2,max
sample_000378,FRB,FRB,1,0.85,0.9999998807907104,FRB,FRB,2,max
sample_000379,FRB,FRB,1,0.85,1.0,FRB,FRB,2,max
sample_000380,FRB,FRB,1,0.85,1.0,FRB,FRB,2,max
sample_000381,FRB,FRB,1,0.85,1.0,FRB,FRB,2,max
sample_000382,FRB,FRB,1,0.92,0.9999998807907104,FRB,FRB,2,max
sample_000383,FRB,FRB,1,0.9,0.9999998807907104,FRB,FRB,2,max
sample_000384,FRB,FRB,1,0.85,1.0,FRB,FRB,2,max
sample_000385,FRB,FRB,1,0.15,1.0,NON_FRB,FRB,2,max
sample_000386,FRB,FRB,1,0.75,1.0,FRB,FRB,2,max
sample_000387,FRB,FRB,1,0.85,1.0,FRB,FRB,2,max
sample_000388,FRB,FRB,1,0.15,1.0,NON_FRB,FRB,2,max
sample_000389,FRB,FRB,1,0.15,1.0,NON_FRB,FRB,2,max
sample_000390,FRB,FRB,1,0.85,1.0,FRB,FRB,2,max
sample_000391,FRB,FRB,1,0.85,1.0,FRB,FRB,2,max
sample_000392,FRB,FRB,1,0.85,1.0,FRB,FRB,2,max
sample_000393,FRB,FRB,1,0.85,0.9999997615814209,FRB,FRB,2,max
sample_000394,FRB,FRB,1,0.85,1.0,FRB,FRB,2,max
sample_000395,FRB,FRB,1,0.15,1.0,NON_FRB,FRB,2,max
sample_000396,FRB,FRB,1,0.85,0.9999998807907104,FRB,FRB,2,max
sample_000397,FRB,FRB,1,0.85,1.0,FRB,FRB,2,max
sample_000398,FRB,FRB,1,0.75,1.0,FRB,FRB,2,max
sample_000399,FRB,FRB,1,0.85,1.0,FRB,FRB,2,max
sample_000400,FRB,FRB,1,0.85,0.9999998807907104,FRB,FRB,2,max
sample_000401,FRB,FRB,1,0.15,1.0,NON_FRB,FRB,2,max
sample_000402,FRB,FRB,1,0.85,1.0,FRB,FRB,2,max
sample_000403,FRB,FRB,1,0.85,1.0,FRB,FRB,2,max
sample_000404,FRB,FRB,1,0.85,1.0,FRB,FRB,2,max
sample_000405,FRB,FRB,1,0.75,1.0,FRB,FRB,2,max
sample_000406,FRB,FRB,1,0.85,1.0,FRB,FRB,2,max
sample_000407,FRB,FRB,1,0.9,0.9999996423721313,FRB,FRB,2,max
sample_000408,FRB,FRB,1,0.15,1.0,NON_FRB,FRB,2,max
sample_000409,FRB,FRB,1,0.85,1.0,FRB,FRB,2,max
sample_000410,FRB,FRB,1,0.15,1.0,NON_FRB,FRB,2,max
sample_000411,FRB,FRB,1,0.85,1.0,FRB,FRB,2,max
sample_000412,FRB,FRB,1,0.85,0.9999998807907104,FRB,FRB,2,max
sample_000413,FRB,FRB,1,0.15,0.9999998807907104,NON_FRB,FRB,2,max
sample_000414,FRB,FRB,1,0.85,1.0,FRB,FRB,2,max
sample_000415,FRB,FRB,1,0.85,1.0,FRB,FRB,2,max
sample_000416,FRB,FRB,1,0.85,1.0,FRB,FRB,2,max
sample_000417,FRB,FRB,1,0.75,1.0,FRB,FRB,2,max
sample_000418,FRB,FRB,1,0.75,1.0,FRB,FRB,2,max
sample_000419,FRB,FRB,1,0.85,1.0,FRB,FRB,2,max
sample_000420,FRB,FRB,1,0.85,0.9999997615814209,FRB,FRB,2,max
sample_000421,FRB,FRB,1,0.85,0.9999998807907104,FRB,FRB,2,max
sample_000422,FRB,FRB,1,0.75,1.0,FRB,FRB,2,max
sample_000423,FRB,FRB,1,0.85,1.0,FRB,FRB,2,max
sample_000424,FRB,FRB,1,0.85,0.9999998807907104,FRB,FRB,2,max
sample_000425,FRB,FRB,1,0.9,1.0,FRB,FRB,2,max
sample_000426,FRB,FRB,1,0.85,1.0,FRB,FRB,2,max
sample_000427,FRB,FRB,1,0.85,1.0,FRB,FRB,2,max
sample_000428,FRB,FRB,1,0.85,1.0,FRB,FRB,2,max
sample_000429,FRB,FRB,1,0.85,1.0,FRB,FRB,2,max
sample_000430,FRB,FRB,1,0.85,1.0,FRB,FRB,2,max
sample_000431,FRB,FRB,1,0.15,1.0,NON_FRB,FRB,2,max
sample_000432,FRB,FRB,1,0.85,1.0,FRB,FRB,2,max
sample_000433,FRB,FRB,1,0.15,1.0,NON_FRB,FRB,2,max
sample_000434,FRB,FRB,1,0.85,0.9999998807907104,FRB,FRB,2,max
sample_000435,FRB,FRB,1,0.85,1.0,FRB,FRB,2,max
sample_000436,FRB,FRB,1,0.85,1.0,FRB,FRB,2,max
sample_000437,FRB,FRB,1,0.85,0.9999998807907104,FRB,FRB,2,max
sample_000438,FRB,FRB,1,0.85,0.9999998807907104,FRB,FRB,2,max
sample_000439,FRB,FRB,1,0.85,0.9999997615814209,FRB,FRB,2,max
sample_000440,FRB,FRB,1,0.75,1.0,FRB,FRB,2,max
sample_000441,FRB,FRB,1,0.15,1.0,NON_FRB,FRB,2,max
sample_000442,FRB,FRB,1,0.85,1.0,FRB,FRB,2,max
sample_000443,FRB,FRB,1,0.15,1.0,NON_FRB,FRB,2,max
sample_000444,FRB,FRB,1,0.15,1.0,NON_FRB,FRB,2,max
sample_000445,FRB,FRB,1,0.9,1.0,FRB,FRB,2,max
sample_000446,FRB,FRB,1,0.85,1.0,FRB,FRB,2,max
sample_000447,FRB,FRB,1,0.85,1.0,FRB,FRB,2,max
sample_000448,FRB,FRB,1,0.9,0.9999998807907104,FRB,FRB,2,max
sample_000449,FRB,FRB,1,0.75,1.0,FRB,FRB,2,max
sample_000450,FRB,FRB,1,0.85,0.9999998807907104,FRB,FRB,2,max
sample_000451,FRB,FRB,1,0.15,1.0,NON_FRB,FRB,2,max
sample_000452,FRB,FRB,1,0.85,1.0,FRB,FRB,2,max
sample_000453,FRB,FRB,1,0.85,1.0,FRB,FRB,2,max
sample_000454,FRB,FRB,1,0.85,1.0,FRB,FRB,2,max
sample_000455,FRB,FRB,1,0.85,0.9999998807907104,FRB,FRB,2,max
sample_000456,FRB,FRB,1,0.92,0.9999998807907104,FRB,FRB,2,max
sample_000457,FRB,FRB,1,0.85,1.0,FRB,FRB,2,max
sample_000458,FRB,FRB,1,0.85,1.0,FRB,FRB,2,max
sample_000459,FRB,FRB,1,0.15,1.0,NON_FRB,FRB,2,max
sample_000460,FRB,FRB,1,0.85,1.0,FRB,FRB,2,max
sample_000461,FRB,FRB,1,0.9,0.9999997615814209,FRB,FRB,2,max
sample_000462,FRB,FRB,1,0.85,1.0,FRB,FRB,2,max
sample_000463,FRB,FRB,1,0.75,1.0,FRB,FRB,2,max
sample_000464,FRB,FRB,1,0.85,0.9999997615814209,FRB,FRB,2,max
sample_000465,FRB,FRB,1,0.85,1.0,FRB,FRB,2,max
sample_000466,FRB,FRB,1,0.9,1.0,FRB,FRB,2,max
sample_000467,FRB,FRB,1,0.85,1.0,FRB,FRB,2,max
sample_000468,FRB,FRB,1,0.85,1.0,FRB,FRB,2,max
sample_000469,FRB,FRB,1,0.15,1.0,NON_FRB,FRB,2,max
sample_000470,FRB,FRB,1,0.85,1.0,FRB,FRB,1,max
sample_000471,FRB,FRB,1,0.85,0.9999998807907104,FRB,FRB,2,max
sample_000472,FRB,FRB,1,0.85,1.0,FRB,FRB,2,max
sample_000473,FRB,FRB,1,0.85,1.0,FRB,FRB,2,max
sample_000474,FRB,FRB,1,0.85,0.9999997615814209,FRB,FRB,2,max
sample_000475,FRB,FRB,1,0.9,1.0,FRB,FRB,2,max
sample_000476,FRB,FRB,1,0.9,0.9999997615814209,FRB,FRB,2,max
sample_000477,FRB,FRB,1,0.9,1.0,FRB,FRB,2,max
sample_000478,FRB,FRB,1,0.85,1.0,FRB,FRB,2,max
sample_000479,FRB,FRB,1,0.85,1.0,FRB,FRB,2,max
sample_000480,FRB,FRB,1,0.85,1.0,FRB,FRB,2,max
sample_000481,FRB,FRB,1,0.15,1.0,NON_FRB,FRB,2,max
sample_000482,FRB,FRB,1,0.85,1.0,FRB,FRB,2,max
sample_000483,FRB,FRB,1,0.9,1.0,FRB,FRB,2,max
sample_000484,FRB,FRB,1,0.85,1.0,FRB,FRB,2,max
sample_000485,FRB,FRB,1,0.85,1.0,FRB,FRB,2,max
sample_000486,FRB,FRB,1,0.15,1.0,NON_FRB,FRB,2,max
sample_000487,FRB,FRB,1,0.85,0.9999997615814209,FRB,FRB,2,max
sample_000488,FRB,FRB,1,0.85,1.0,FRB,FRB,2,max
sample_000489,FRB,FRB,1,0.85,0.9999998807907104,FRB,FRB,2,max
sample_000490,FRB,FRB,1,0.85,0.9999998807907104,FRB,FRB,2,max
sample_000491,FRB,FRB,1,0.85,1.0,FRB,FRB,2,max
sample_000492,FRB,FRB,1,0.15,1.0,NON_FRB,FRB,2,max
sample_000493,FRB,FRB,1,0.15,1.0,NON_FRB,FRB,2,max
sample_000494,FRB,FRB,1,0.75,1.0,FRB,FRB,2,max
sample_000495,FRB,FRB,1,0.15,1.0,NON_FRB,FRB,2,max
sample_000496,FRB,FRB,1,0.85,1.0,FRB,FRB,2,max
sample_000497,FRB,FRB,1,0.85,1.0,FRB,FRB,2,max
sample_000498,FRB,FRB,1,0.85,1.0,FRB,FRB,2,max
sample_000499,FRB,FRB,1,0.85,1.0,FRB,FRB,2,max
sample_000500,FRB,FRB,1,0.85,1.0,FRB,FRB,2,max
sample_000501,FRB,FRB,1,0.85,1.0,FRB,FRB,2,max
sample_000502,FRB,FRB,1,0.15,1.0,NON_FRB,FRB,2,max
sample_000503,FRB,FRB,1,0.85,0.9999998807907104,FRB,FRB,2,max
sample_000504,FRB,FRB,1,0.85,1.0,FRB,FRB,2,max
sample_000505,FRB,FRB,1,0.75,1.0,FRB,FRB,2,max
sample_000506,FRB,FRB,1,0.85,1.0,FRB,FRB,2,max
sample_000507,FRB,FRB,1,0.85,1.0,FRB,FRB,2,max
sample_000508,FRB,FRB,1,0.85,1.0,FRB,FRB,2,max
sample_000509,FRB,FRB,1,0.85,1.0,FRB,FRB,2,max
sample_000510,FRB,FRB,1,0.15,1.0,NON_FRB,FRB,2,max
sample_000511,FRB,FRB,1,0.1,1.0,NON_FRB,FRB,2,max
sample_000512,FRB,FRB,1,0.85,1.0,FRB,FRB,2,max
sample_000513,FRB,FRB,1,0.85,1.0,FRB,FRB,2,max
sample_000514,FRB,FRB,1,0.85,1.0,FRB,FRB,2,max
sample_000515,FRB,FRB,1,0.85,1.0,FRB,FRB,2,max
sample_000516,FRB,FRB,1,0.85,1.0,FRB,FRB,2,max
sample_000517,FRB,FRB,1,0.85,0.9999998807907104,FRB,FRB,2,max
sample_000518,FRB,FRB,1,0.85,1.0,FRB,FRB,2,max
sample_000519,FRB,FRB,1,0.85,0.9999998807907104,FRB,FRB,2,max
sample_000520,FRB,FRB,1,0.85,1.0,FRB,FRB,2,max
sample_000521,FRB,FRB,1,0.85,0.9999998807907104,FRB,FRB,2,max
sample_000522,FRB,FRB,1,0.85,1.0,FRB,FRB,2,max
sample_000523,FRB,FRB,1,0.85,1.0,FRB,FRB,2,max
sample_000524,FRB,FRB,1,0.9,0.9999998807907104,FRB,FRB,2,max
sample_000525,FRB,FRB,1,0.85,1.0,FRB,FRB,2,max
sample_000526,FRB,FRB,1,0.15,1.0,NON_FRB,FRB,2,max
sample_000527,FRB,FRB,1,0.85,1.0,FRB,FRB,2,max
sample_000528,FRB,FRB,1,0.9,0.9999998807907104,FRB,FRB,2,max
sample_000529,FRB,FRB,1,0.85,0.9999998807907104,FRB,FRB,2,max
sample_000530,FRB,FRB,1,0.85,1.0,FRB,FRB,2,max
sample_000531,FRB,FRB,1,0.15,1.0,NON_FRB,FRB,2,max
sample_000532,FRB,FRB,1,0.15,1.0,NON_FRB,FRB,2,max
sample_000533,FRB,FRB,1,0.85,1.0,FRB,FRB,2,max
sample_000534,FRB,FRB,1,0.15,1.0,NON_FRB,FRB,2,max
sample_000535,FRB,FRB,1,0.85,1.0,FRB,FRB,2,max
sample_000536,FRB,FRB,1,0.9,0.9999998807907104,FRB,FRB,2,max
sample_000537,FRB,FRB,1,0.15,1.0,NON_FRB,FRB,2,max
sample_000538,FRB,FRB,1,0.85,1.0,FRB,FRB,2,max
sample_000539,FRB,FRB,1,0.15,1.0,NON_FRB,FRB,2,max
sample_000540,FRB,FRB,1,0.9,1.0,FRB,FRB,2,max
sample_000541,FRB,FRB,1,0.85,1.0,FRB,FRB,2,max
sample_000542,FRB,FRB,1,0.85,1.0,FRB,FRB,2,max
sample_000543,FRB,FRB,1,0.85,1.0,FRB,FRB,2,max
sample_000544,FRB,FRB,1,0.85,0.9999998807907104,FRB,FRB,2,max
sample_000545,FRB,FRB,1,0.85,1.0,FRB,FRB,2,max
sample_000546,FRB,FRB,1,0.85,0.9999997615814209,FRB,FRB,2,max
sample_000547,FRB,FRB,1,0.9,1.0,FRB,FRB,2,max
sample_000548,FRB,FRB,1,0.9,1.0,FRB,FRB,2,max
sample_000549,FRB,FRB,1,0.85,1.0,FRB,FRB,2,max
sample_000550,FRB,FRB,1,0.85,1.0,FRB,FRB,2,max
sample_000551,FRB,FRB,1,0.85,1.0,FRB,FRB,2,max
sample_000552,FRB,FRB,1,0.9,0.9999998807907104,FRB,FRB,2,max
sample_000553,FRB,FRB,1,0.85,1.0,FRB,FRB,3,max
sample_000554,FRB,FRB,1,0.9,1.0,FRB,FRB,2,max
sample_000555,FRB,FRB,1,0.15,1.0,NON_FRB,FRB,2,max
sample_000556,FRB,FRB,1,0.15,1.0,NON_FRB,FRB,2,max
sample_000557,FRB,FRB,1,0.85,1.0,FRB,FRB,2,max
sample_000558,FRB,FRB,1,0.15,1.0,NON_FRB,FRB,2,max
sample_000559,FRB,FRB,1,0.85,1.0,FRB,FRB,2,max
sample_000560,FRB,FRB,1,0.85,0.999998927116394,FRB,FRB,2,max
sample_000561,FRB,FRB,1,0.15,1.0,NON_FRB,FRB,2,max
sample_000562,FRB,FRB,1,0.85,1.0,FRB,FRB,2,max
sample_000563,FRB,FRB,1,0.85,1.0,FRB,FRB,2,max
sample_000564,FRB,FRB,1,0.15,1.0,NON_FRB,FRB,2,max
sample_000565,FRB,FRB,1,0.85,1.0,FRB,FRB,2,max
sample_000566,FRB,FRB,1,0.75,1.0,FRB,FRB,2,max
sample_000567,FRB,FRB,1,0.15,1.0,NON_FRB,FRB,2,max
sample_000568,FRB,FRB,1,0.9,1.0,FRB,FRB,2,max
sample_000569,FRB,FRB,1,0.15,1.0,NON_FRB,FRB,2,max
sample_000570,FRB,FRB,1,0.85,1.0,FRB,FRB,2,max
sample_000571,FRB,FRB,1,0.85,1.0,FRB,FRB,2,max
sample_000572,FRB,FRB,1,0.9,0.9999998807907104,FRB,FRB,2,max
sample_000573,FRB,FRB,1,0.85,1.0,FRB,FRB,2,max
sample_000574,FRB,FRB,1,0.15,1.0,NON_FRB,FRB,2,max
sample_000575,FRB,FRB,1,0.15,1.0,NON_FRB,FRB,2,max
sample_000576,FRB,FRB,1,0.85,1.0,FRB,FRB,2,max
sample_000577,FRB,FRB,1,0.15,1.0,NON_FRB,FRB,2,max
sample_000578,FRB,FRB,1,0.15,1.0,NON_FRB,FRB,2,max
sample_000579,FRB,FRB,1,0.85,1.0,FRB,FRB,2,max
sample_000580,FRB,FRB,1,0.75,1.0,FRB,FRB,2,max
sample_000581,FRB,FRB,1,0.85,1.0,FRB,FRB,2,max
sample_000582,FRB,FRB,1,0.85,1.0,FRB,FRB,2,max
sample_000583,FRB,FRB,1,0.85,0.9999998807907104,FRB,FRB,2,max
sample_000584,FRB,FRB,1,0.85,1.0,FRB,FRB,2,max
sample_000585,FRB,FRB,1,0.85,1.0,FRB,FRB,2,max
sample_000586,FRB,FRB,1,0.85,1.0,FRB,FRB,2,max
sample_000587,FRB,FRB,1,0.85,0.9999998807907104,FRB,FRB,2,max
sample_000588,FRB,FRB,1,0.85,1.0,FRB,FRB,2,max
sample_000589,FRB,FRB,1,0.85,1.0,FRB,FRB,2,max
sample_000590,FRB,FRB,1,0.85,1.0,FRB,FRB,2,max
sample_000591,FRB,FRB,1,0.85,1.0,FRB,FRB,2,max
sample_000592,FRB,FRB,1,0.85,0.9999998807907104,FRB,FRB,2,max
sample_000593,FRB,FRB,1,0.75,1.0,FRB,FRB,2,max
sample_000594,FRB,FRB,1,0.85,0.9999998807907104,FRB,FRB,2,max
sample_000595,FRB,FRB,1,0.85,1.0,FRB,FRB,2,max
sample_000596,FRB,FRB,1,0.85,1.0,FRB,FRB,2,max
sample_000597,FRB,FRB,1,0.85,1.0,FRB,FRB,2,max
sample_000598,FRB,FRB,1,0.85,1.0,FRB,FRB,2,max
sample_000599,FRB,FRB,1,0.85,1.0,FRB,FRB,2,max
sample_000600,FRB,FRB,1,0.85,0.9999996423721313,FRB,FRB,2,max
sample_000601,FRB,FRB,1,0.15,1.0,NON_FRB,FRB,2,max
sample_000602,FRB,FRB,1,0.15,1.0,NON_FRB,FRB,2,max
sample_000603,FRB,FRB,1,0.15,1.0,NON_FRB,FRB,2,max
sample_000604,FRB,FRB,1,0.85,0.9999998807907104,FRB,FRB,2,max
sample_000605,FRB,FRB,1,0.15,1.0,NON_FRB,FRB,2,max
sample_000606,FRB,FRB,1,0.92,1.0,FRB,FRB,2,max
sample_000607,FRB,FRB,1,0.85,0.9999998807907104,FRB,FRB,2,max
sample_000608,FRB,FRB,1,0.85,1.0,FRB,FRB,2,max
sample_000609,FRB,FRB,1,0.15,1.0,NON_FRB,FRB,2,max
sample_000610,FRB,FRB,1,0.75,1.0,FRB,FRB,2,max
sample_000611,FRB,FRB,1,0.15,1.0,NON_FRB,FRB,2,max
sample_000612,FRB,FRB,1,0.85,1.0,FRB,FRB,2,max
sample_000613,FRB,FRB,1,0.85,1.0,FRB,FRB,2,max
sample_000614,FRB,FRB,1,0.85,1.0,FRB,FRB,2,max
sample_000615,FRB,FRB,1,0.85,1.0,FRB,FRB,2,max
sample_000616,FRB,FRB,1,0.15,1.0,NON_FRB,FRB,2,max
sample_000617,FRB,FRB,1,0.15,0.9999997615814209,NON_FRB,FRB,2,max
sample_000618,FRB,FRB,1,0.9,0.9999997615814209,FRB,FRB,2,max
sample_000619,FRB,FRB,1,0.85,1.0,FRB,FRB,2,max
sample_000620,FRB,FRB,1,0.85,1.0,FRB,FRB,2,max
sample_000621,FRB,FRB,1,0.15,1.0,NON_FRB,FRB,2,max
sample_000622,FRB,FRB,1,0.9,1.0,FRB,FRB,2,max
sample_000623,FRB,FRB,1,0.85,1.0,FRB,FRB,2,max
sample_000624,FRB,FRB,1,0.9,1.0,FRB,FRB,2,max
sample_000625,FRB,FRB,1,0.85,1.0,FRB,FRB,2,max
sample_000626,FRB,FRB,1,0.85,0.9999997615814209,FRB,FRB,2,max
sample_000627,FRB,FRB,1,0.85,1.0,FRB,FRB,2,max
sample_000628,FRB,FRB,1,0.15,1.0,NON_FRB,FRB,2,max
sample_000629,FRB,FRB,1,0.85,0.9999998807907104,FRB,FRB,2,max
sample_000630,FRB,FRB,1,0.85,1.0,FRB,FRB,2,max
sample_000631,FRB,FRB,1,0.85,1.0,FRB,FRB,2,max
sample_000632,FRB,FRB,1,0.85,1.0,FRB,FRB,2,max
sample_000633,FRB,FRB,1,0.85,0.9999998807907104,FRB,FRB,2,max
sample_000634,FRB,FRB,1,0.85,0.9999998807907104,FRB,FRB,2,max
sample_000635,FRB,FRB,1,0.85,1.0,FRB,FRB,2,max
sample_000636,FRB,FRB,1,0.75,1.0,FRB,FRB,2,max
sample_000637,FRB,FRB,1,0.85,0.9999998807907104,FRB,FRB,2,max
sample_000638,FRB,FRB,1,0.85,1.0,FRB,FRB,2,max
sample_000639,FRB,FRB,1,0.85,0.9999998807907104,FRB,FRB,2,max
sample_000640,FRB,FRB,1,0.85,0.9999995231628418,FRB,FRB,2,max
sample_000641,FRB,FRB,1,0.85,1.0,FRB,FRB,2,max
sample_000642,FRB,FRB,1,0.85,1.0,FRB,FRB,2,max
sample_000643,FRB,FRB,1,0.85,0.9999998807907104,FRB,FRB,2,max
sample_000644,FRB,FRB,1,0.85,1.0,FRB,FRB,2,max
sample_000645,FRB,FRB,1,0.15,1.0,NON_FRB,FRB,2,max
sample_000646,FRB,FRB,1,0.85,1.0,FRB,FRB,2,max
sample_000647,FRB,FRB,1,0.85,0.9999997615814209,FRB,FRB,2,max
sample_000648,FRB,FRB,1,0.15,1.0,NON_FRB,FRB,2,max
sample_000649,FRB,FRB,1,0.85,1.0,FRB,FRB,2,max
sample_000650,FRB,FRB,1,0.85,1.0,FRB,FRB,2,max
sample_000651,FRB,FRB,1,0.85,1.0,FRB,FRB,1,max
sample_000652,FRB,FRB,1,0.15,1.0,NON_FRB,FRB,2,max
sample_000653,FRB,FRB,1,0.15,1.0,NON_FRB,FRB,2,max
sample_000654,FRB,FRB,1,0.15,0.9999998807907104,NON_FRB,FRB,2,max
sample_000655,FRB,FRB,1,0.85,1.0,FRB,FRB,2,max
sample_000656,FRB,FRB,1,0.85,1.0,FRB,FRB,2,max
sample_000657,FRB,FRB,1,0.85,1.0,FRB,FRB,2,max
sample_000658,FRB,FRB,1,0.85,0.9999998807907104,FRB,FRB,2,max
sample_000659,FRB,FRB,1,0.15,1.0,NON_FRB,FRB,2,max
sample_000660,FRB,FRB,1,0.85,1.0,FRB,FRB,2,max
sample_000661,FRB,FRB,1,0.85,1.0,FRB,FRB,2,max
sample_000662,FRB,FRB,1,0.15,1.0,NON_FRB,FRB,2,max
sample_000663,FRB,FRB,1,0.15,1.0,NON_FRB,FRB,2,max
sample_000664,FRB,FRB,1,0.15,1.0,NON_FRB,FRB,2,max
sample_000665,FRB,FRB,1,0.85,1.0,FRB,FRB,2,max
sample_000666,FRB,FRB,1,0.85,1.0,FRB,FRB,2,max
sample_000667,FRB,FRB,1,0.9,0.9999998807907104,FRB,FRB,2,max
sample_000668,FRB,FRB,1,0.75,1.0,FRB,FRB,2,max
sample_000669,FRB,FRB,1,0.15,1.0,NON_FRB,FRB,2,max
sample_000670,FRB,FRB,1,0.85,0.9999998807907104,FRB,FRB,2,max
sample_000671,FRB,FRB,1,0.85,1.0,FRB,FRB,2,max
sample_000672,FRB,FRB,1,0.85,1.0,FRB,FRB,2,max
sample_000673,FRB,FRB,1,0.15,1.0,NON_FRB,FRB,2,max
sample_000674,FRB,FRB,1,0.85,1.0,FRB,FRB,2,max
sample_000675,FRB,FRB,1,0.85,1.0,FRB,FRB,2,max
sample_000676,FRB,FRB,1,0.85,1.0,FRB,FRB,2,max
sample_000677,FRB,FRB,1,0.9,1.0,FRB,FRB,2,max
sample_000678,FRB,FRB,1,0.15,1.0,NON_FRB,FRB,2,max
sample_000679,FRB,FRB,1,0.85,0.9999997615814209,FRB,FRB,2,max
sample_000680,FRB,FRB,1,0.15,1.0,NON_FRB,FRB,2,max
sample_000681,FRB,FRB,1,0.15,1.0,NON_FRB,FRB,2,max
sample_000682,FRB,FRB,1,0.9,0.9999996423721313,FRB,FRB,2,max
sample_000683,FRB,FRB,1,0.75,1.0,FRB,FRB,2,max
sample_000684,FRB,FRB,1,0.85,1.0,FRB,FRB,2,max
sample_000685,FRB,FRB,1,0.85,1.0,FRB,FRB,2,max
sample_000686,FRB,FRB,1,0.85,1.0,FRB,FRB,2,max
sample_000687,FRB,FRB,1,0.85,1.0,FRB,FRB,2,max
sample_000688,FRB,FRB,1,0.85,1.0,FRB,FRB,2,max
sample_000689,FRB,FRB,1,0.85,1.0,FRB,FRB,2,max
sample_000690,FRB,FRB,1,0.75,1.0,FRB,FRB,2,max
sample_000691,FRB,FRB,1,0.85,1.0,FRB,FRB,2,max
sample_000692,FRB,FRB,1,0.9,1.0,FRB,FRB,2,max
sample_000693,FRB,FRB,1,0.85,1.0,FRB,FRB,2,max
sample_000694,FRB,FRB,1,0.85,0.9999998807907104,FRB,FRB,2,max
sample_000695,FRB,FRB,1,0.85,1.0,FRB,FRB,2,max
sample_000696,FRB,FRB,1,0.85,1.0,FRB,FRB,2,max
sample_000697,FRB,FRB,1,0.15,0.9999998807907104,NON_FRB,FRB,2,max
sample_000698,FRB,FRB,1,0.85,1.0,FRB,FRB,2,max
sample_000699,FRB,FRB,1,0.85,0.9999998807907104,FRB,FRB,2,max
sample_000700,FRB,FRB,1,0.9,0.9999998807907104,FRB,FRB,2,max
sample_000701,FRB,FRB,1,0.85,1.0,FRB,FRB,2,max
sample_000702,FRB,FRB,1,0.85,1.0,FRB,FRB,2,max
sample_000703,FRB,FRB,1,0.15,1.0,NON_FRB,FRB,2,max
sample_000704,FRB,FRB,1,0.85,1.0,FRB,FRB,2,max
sample_000705,FRB,FRB,1,0.85,1.0,FRB,FRB,2,max
sample_000706,FRB,FRB,1,0.85,1.0,FRB,FRB,2,max
sample_000707,FRB,FRB,1,0.15,1.0,NON_FRB,FRB,2,max
sample_000708,FRB,FRB,1,0.92,0.9999996423721313,FRB,FRB,2,max
sample_000709,FRB,FRB,1,0.85,0.9999998807907104,FRB,FRB,2,max
sample_000710,FRB,FRB,1,0.15,1.0,NON_FRB,FRB,2,max
sample_000711,FRB,FRB,1,0.85,1.0,FRB,FRB,2,max
sample_000712,FRB,FRB,1,0.85,1.0,FRB,FRB,2,max
sample_000713,FRB,FRB,1,0.15,1.0,NON_FRB,FRB,2,max
sample_000714,FRB,FRB,1,0.85,0.9999998807907104,FRB,FRB,2,max
sample_000715,FRB,FRB,1,0.85,0.9999997615814209,FRB,FRB,2,max
sample_000716,FRB,FRB,1,0.85,0.9999998807907104,FRB,FRB,2,max
sample_000717,FRB,FRB,1,0.85,1.0,FRB,FRB,2,max
sample_000718,FRB,FRB,1,0.85,0.9999998807907104,FRB,FRB,2,max
sample_000719,FRB,FRB,1,0.85,1.0,FRB,FRB,2,max
sample_000720,FRB,FRB,1,0.85,1.0,FRB,FRB,2,max
sample_000721,FRB,FRB,1,0.85,0.9999998807907104,FRB,FRB,2,max
sample_000722,FRB,FRB,1,0.85,1.0,FRB,FRB,2,max
sample_000723,FRB,FRB,1,0.85,1.0,FRB,FRB,2,max
sample_000724,FRB,FRB,1,0.9,0.9999991655349731,FRB,FRB,1,max
sample_000725,FRB,FRB,1,0.85,1.0,FRB,FRB,2,max
sample_000726,FRB,FRB,1,0.85,1.0,FRB,FRB,2,max
sample_000727,FRB,FRB,1,0.9,1.0,FRB,FRB,2,max
sample_000728,FRB,FRB,1,0.85,1.0,FRB,FRB,2,max
sample_000729,FRB,FRB,1,0.85,0.9999998807907104,FRB,FRB,2,max
sample_000730,FRB,FRB,1,0.85,1.0,FRB,FRB,2,max
sample_000731,FRB,FRB,1,0.15,1.0,NON_FRB,FRB,2,max
sample_000732,FRB,FRB,1,0.15,1.0,NON_FRB,FRB,2,max
sample_000733,FRB,FRB,1,0.15,1.0,NON_FRB,FRB,2,max
sample_000734,FRB,FRB,1,0.85,0.9999998807907104,FRB,FRB,2,max
sample_000735,FRB,FRB,1,0.85,1.0,FRB,FRB,2,max
sample_000736,FRB,FRB,1,0.85,1.0,FRB,FRB,2,max
sample_000737,FRB,FRB,1,0.85,1.0,FRB,FRB,2,max
sample_000738,FRB,FRB,1,0.15,1.0,NON_FRB,FRB,2,max
sample_000739,FRB,FRB,1,0.85,0.9999998807907104,FRB,FRB,2,max
sample_000740,FRB,FRB,1,0.85,1.0,FRB,FRB,2,max
sample_000741,FRB,FRB,1,0.85,1.0,FRB,FRB,2,max
sample_000742,FRB,FRB,1,0.85,1.0,FRB,FRB,2,max
sample_000743,FRB,FRB,1,0.85,1.0,FRB,FRB,2,max
sample_000744,FRB,FRB,1,0.85,1.0,FRB,FRB,2,max
sample_000745,FRB,FRB,1,0.85,0.9999998807907104,FRB,FRB,2,max
sample_000746,FRB,FRB,1,0.85,0.9999998807907104,FRB,FRB,2,max
sample_000747,FRB,FRB,1,0.85,1.0,FRB,FRB,2,max
sample_000748,FRB,FRB,1,0.85,1.0,FRB,FRB,2,max
sample_000749,FRB,FRB,1,0.15,1.0,NON_FRB,FRB,2,max
sample_000750,FRB,FRB,1,0.15,1.0,NON_FRB,FRB,2,max
sample_000751,FRB,FRB,1,0.85,1.0,FRB,FRB,2,max
sample_000752,FRB,FRB,1,0.85,0.9999998807907104,FRB,FRB,2,max
sample_000753,FRB,FRB,1,0.15,1.0,NON_FRB,FRB,2,max
sample_000754,FRB,FRB,1,0.15,1.0,NON_FRB,FRB,2,max
sample_000755,FRB,FRB,1,0.9,1.0,FRB,FRB,2,max
sample_000756,FRB,FRB,1,0.85,1.0,FRB,FRB,2,max
sample_000757,FRB,FRB,1,0.85,1.0,FRB,FRB,2,max
sample_000758,FRB,FRB,1,0.85,1.0,FRB,FRB,2,max
sample_000759,FRB,FRB,1,0.85,0.9999998807907104,FRB,FRB,2,max
sample_000760,FRB,FRB,1,0.92,0.9999997615814209,FRB,FRB,2,max
sample_000761,FRB,FRB,1,0.75,1.0,FRB,FRB,2,max
sample_000762,FRB,FRB,1,0.9,0.9999998807907104,FRB,FRB,2,max
sample_000763,FRB,FRB,1,0.88,1.0,FRB,FRB,2,max
sample_000764,FRB,FRB,1,0.15,1.0,NON_FRB,FRB,2,max
sample_000765,FRB,FRB,1,0.85,1.0,FRB,FRB,2,max
sample_000766,FRB,FRB,1,0.85,1.0,FRB,FRB,2,max
sample_000767,FRB,FRB,1,0.9,1.0,FRB,FRB,2,max
sample_000768,FRB,FRB,1,0.85,1.0,FRB,FRB,2,max
sample_000769,FRB,FRB,1,0.15,1.0,NON_FRB,FRB,2,max
sample_000770,FRB,FRB,1,0.9,0.9999998807907104,FRB,FRB,2,max
sample_000771,FRB,FRB,1,0.85,1.0,FRB,FRB,2,max
sample_000772,FRB,FRB,1,0.85,0.9999997615814209,FRB,FRB,2,max
sample_000773,FRB,FRB,1,0.85,0.9999998807907104,FRB,FRB,2,max
sample_000774,FRB,FRB,1,0.85,1.0,FRB,FRB,2,max
sample_000775,FRB,FRB,1,0.85,1.0,FRB,FRB,2,max
sample_000776,FRB,FRB,1,0.85,1.0,FRB,FRB,2,max
sample_000777,FRB,FRB,1,0.15,1.0,NON_FRB,FRB,2,max
sample_000778,FRB,FRB,1,0.85,1.0,FRB,FRB,2,max
sample_000779,FRB,FRB,1,0.85,1.0,FRB,FRB,2,max
sample_000780,FRB,FRB,1,0.75,1.0,FRB,FRB,2,max
sample_000781,FRB,FRB,1,0.85,0.9999995231628418,FRB,FRB,2,max
sample_000782,FRB,FRB,1,0.85,1.0,FRB,FRB,2,max
sample_000783,FRB,FRB,1,0.85,1.0,FRB,FRB,2,max
sample_000784,FRB,FRB,1,0.15,1.0,NON_FRB,FRB,2,max
sample_000785,FRB,FRB,1,0.85,1.0,FRB,FRB,2,max
sample_000786,FRB,FRB,1,0.85,1.0,FRB,FRB,2,max
sample_000787,FRB,FRB,1,0.85,1.0,FRB,FRB,2,max
sample_000788,FRB,FRB,1,0.9,0.9999997615814209,FRB,FRB,2,max
sample_000789,FRB,FRB,1,0.75,1.0,FRB,FRB,2,max
sample_000790,FRB,FRB,1,0.85,1.0,FRB,FRB,2,max
sample_000791,FRB,FRB,1,0.85,1.0,FRB,FRB,2,max
sample_000792,FRB,FRB,1,0.15,1.0,NON_FRB,FRB,2,max
sample_000793,FRB,FRB,1,0.85,1.0,FRB,FRB,2,max
sample_000794,FRB,FRB,1,0.85,1.0,FRB,FRB,1,max
sample_000795,FRB,FRB,1,0.85,1.0,FRB,FRB,2,max
sample_000796,FRB,FRB,1,0.85,1.0,FRB,FRB,2,max
sample_000797,FRB,FRB,1,0.85,0.9999998807907104,FRB,FRB,2,max
sample_000798,FRB,FRB,1,0.85,1.0,FRB,FRB,2,max
sample_000799,FRB,FRB,1,0.85,0.9999998807907104,FRB,FRB,2,max
sample_000800,FRB,FRB,1,0.85,1.0,FRB,FRB,2,max
sample_000801,FRB,FRB,1,0.15,1.0,NON_FRB,FRB,2,max
sample_000802,FRB,FRB,1,0.85,0.9999998807907104,FRB,FRB,2,max
sample_000803,FRB,FRB,1,0.75,1.0,FRB,FRB,2,max
sample_000804,FRB,FRB,1,0.85,0.9999996423721313,FRB,FRB,2,max
sample_000805,FRB,FRB,1,0.15,1.0,NON_FRB,FRB,2,max
sample_000806,FRB,FRB,1,0.85,0.9999998807907104,FRB,FRB,2,max
sample_000807,FRB,FRB,1,0.75,1.0,FRB,FRB,2,max
sample_000808,FRB,FRB,1,0.9,0.9999998807907104,FRB,FRB,2,max
sample_000809,FRB,FRB,1,0.15,1.0,NON_FRB,FRB,2,max
sample_000810,FRB,FRB,1,0.85,1.0,FRB,FRB,2,max
sample_000811,FRB,FRB,1,0.85,0.9999998807907104,FRB,FRB,2,max
sample_000812,FRB,FRB,1,0.15,1.0,NON_FRB,FRB,2,max
sample_000813,FRB,FRB,1,0.85,0.9999998807907104,FRB,FRB,2,max
sample_000814,FRB,FRB,1,0.85,1.0,FRB,FRB,2,max
sample_000815,FRB,FRB,1,0.85,1.0,FRB,FRB,2,max
sample_000816,FRB,FRB,1,0.85,1.0,FRB,FRB,2,max
sample_000817,FRB,FRB,1,0.75,1.0,FRB,FRB,2,max
sample_000818,FRB,FRB,1,0.15,1.0,NON_FRB,FRB,2,max
sample_000819,FRB,FRB,1,0.75,1.0,FRB,FRB,2,max
sample_000820,FRB,FRB,1,0.1,1.0,NON_FRB,FRB,2,max
sample_000821,FRB,FRB,1,0.85,0.9999998807907104,FRB,FRB,2,max
sample_000822,FRB,FRB,1,0.85,1.0,FRB,FRB,2,max
sample_000823,FRB,FRB,1,0.85,0.9999998807907104,FRB,FRB,2,max
sample_000824,FRB,FRB,1,0.15,1.0,NON_FRB,FRB,2,max
sample_000825,FRB,FRB,1,0.85,1.0,FRB,FRB,2,max
sample_000826,FRB,FRB,1,0.85,1.0,FRB,FRB,2,max
sample_000827,FRB,FRB,1,0.85,1.0,FRB,FRB,2,max
sample_000828,FRB,FRB,1,0.85,1.0,FRB,FRB,2,max
sample_000829,FRB,FRB,1,0.85,1.0,FRB,FRB,2,max
sample_000830,FRB,FRB,1,0.85,0.9999996423721313,FRB,FRB,2,max
sample_000831,FRB,FRB,1,0.9,1.0,FRB,FRB,2,max
sample_000832,FRB,FRB,1,0.15,1.0,NON_FRB,FRB,2,max
sample_000833,FRB,FRB,1,0.9,0.9999998807907104,FRB,FRB,2,max
sample_000834,FRB,FRB,1,0.85,0.9999998807907104,FRB,FRB,2,max
sample_000835,FRB,FRB,1,0.85,1.0,FRB,FRB,2,max
sample_000836,FRB,FRB,1,0.85,1.0,FRB,FRB,2,max
sample_000837,FRB,FRB,1,0.75,1.0,FRB,FRB,2,max
sample_000838,FRB,FRB,1,0.15,1.0,NON_FRB,FRB,2,max
sample_000839,FRB,FRB,1,0.85,1.0,FRB,FRB,2,max
sample_000840,FRB,FRB,1,0.85,1.0,FRB,FRB,2,max
sample_000841,FRB,FRB,1,0.85,1.0,FRB,FRB,2,max
sample_000842,FRB,FRB,1,0.85,1.0,FRB,FRB,2,max
sample_000843,FRB,FRB,1,0.85,1.0,FRB,FRB,2,max
sample_000844,FRB,FRB,1,0.9,1.0,FRB,FRB,2,max
sample_000845,FRB,FRB,1,0.15,1.0,NON_FRB,FRB,2,max
sample_000846,FRB,FRB,1,0.85,1.0,FRB,FRB,2,max
sample_000847,FRB,FRB,1,0.75,1.0,FRB,FRB,2,max
sample_000848,FRB,FRB,1,0.85,1.0,FRB,FRB,2,max
sample_000849,FRB,FRB,1,0.15,1.0,NON_FRB,FRB,2,max
sample_000850,FRB,FRB,1,0.15,1.0,NON_FRB,FRB,2,max
sample_000851,FRB,FRB,1,0.15,1.0,NON_FRB,FRB,2,max
sample_000852,FRB,FRB,1,0.85,0.9999998807907104,FRB,FRB,2,max
sample_000853,FRB,FRB,1,0.85,1.0,FRB,FRB,2,max
sample_000854,FRB,FRB,1,0.85,1.0,FRB,FRB,2,max
sample_000855,FRB,FRB,1,0.85,1.0,FRB,FRB,2,max
sample_000856,FRB,FRB,1,0.85,0.9999998807907104,FRB,FRB,2,max
sample_000857,FRB,FRB,1,0.9,0.9999998807907104,FRB,FRB,2,max
sample_000858,FRB,FRB,1,0.85,1.0,FRB,FRB,2,max
sample_000859,FRB,FRB,1,0.15,1.0,NON_FRB,FRB,2,max
sample_000860,FRB,FRB,1,0.85,0.9999998807907104,FRB,FRB,2,max
sample_000861,FRB,FRB,1,0.9,1.0,FRB,FRB,2,max
sample_000862,FRB,FRB,1,0.85,1.0,FRB,FRB,2,max
sample_000863,FRB,FRB,1,0.85,1.0,FRB,FRB,2,max
sample_000864,FRB,FRB,1,0.75,1.0,FRB,FRB,2,max
sample_000865,FRB,FRB,1,0.85,1.0,FRB,FRB,2,max
sample_000866,FRB,FRB,1,0.85,1.0,FRB,FRB,2,max
sample_000867,FRB,FRB,1,0.85,1.0,FRB,FRB,2,max
sample_000868,FRB,FRB,1,0.15,1.0,NON_FRB,FRB,2,max
sample_000869,FRB,FRB,1,0.85,1.0,FRB,FRB,2,max
sample_000870,FRB,FRB,1,0.85,1.0,FRB,FRB,2,max
sample_000871,FRB,FRB,1,0.15,1.0,NON_FRB,FRB,2,max
sample_000872,FRB,FRB,1,0.85,1.0,FRB,FRB,2,max
sample_000873,FRB,FRB,1,0.85,1.0,FRB,FRB,2,max
sample_000874,FRB,FRB,1,0.85,0.9999998807907104,FRB,FRB,2,max
sample_000875,FRB,FRB,1,0.85,1.0,FRB,FRB,2,max
sample_000876,FRB,FRB,1,0.85,1.0,FRB,FRB,2,max
sample_000877,FRB,FRB,1,0.85,0.9999996423721313,FRB,FRB,2,max
sample_000878,FRB,FRB,1,0.85,1.0,FRB,FRB,2,max
sample_000879,FRB,FRB,1,0.75,1.0,FRB,FRB,2,max
sample_000880,FRB,FRB,1,0.85,0.9999998807907104,FRB,FRB,2,max
sample_000881,FRB,FRB,1,0.85,1.0,FRB,FRB,2,max
sample_000882,FRB,FRB,1,0.85,1.0,FRB,FRB,2,max
sample_000883,FRB,FRB,1,0.85,1.0,FRB,FRB,2,max
sample_000884,FRB,FRB,1,0.85,1.0,FRB,FRB,2,max
sample_000885,FRB,FRB,1,0.85,1.0,FRB,FRB,2,max
sample_000886,FRB,FRB,1,0.85,1.0,FRB,FRB,2,max
sample_000887,FRB,FRB,1,0.85,1.0,FRB,FRB,2,max
sample_000888,FRB,FRB,1,0.85,1.0,FRB,FRB,2,max
sample_000889,FRB,FRB,1,0.85,0.9999992847442627,FRB,FRB,2,max
sample_000890,FRB,FRB,1,0.85,1.0,FRB,FRB,2,max
sample_000891,FRB,FRB,1,0.85,1.0,FRB,FRB,2,max
sample_000892,FRB,FRB,1,0.75,1.0,FRB,FRB,2,max
sample_000893,FRB,FRB,1,0.85,1.0,FRB,FRB,2,max
sample_000894,FRB,FRB,1,0.75,1.0,FRB,FRB,2,max
sample_000895,FRB,FRB,1,0.85,1.0,FRB,FRB,2,max
sample_000896,FRB,FRB,1,0.85,1.0,FRB,FRB,2,max
sample_000897,FRB,FRB,1,0.85,1.0,FRB,FRB,2,max
sample_000898,FRB,FRB,1,0.15,1.0,NON_FRB,FRB,2,max
sample_000899,FRB,FRB,1,0.85,0.9999998807907104,FRB,FRB,2,max
sample_000900,FRB,FRB,1,0.15,1.0,NON_FRB,FRB,2,max
sample_000901,FRB,FRB,1,0.9,0.9999998807907104,FRB,FRB,2,max
sample_000902,FRB,FRB,1,0.85,1.0,FRB,FRB,2,max
sample_000903,FRB,FRB,1,0.85,1.0,FRB,FRB,2,max
sample_000904,FRB,FRB,1,0.85,1.0,FRB,FRB,2,max
sample_000905,FRB,FRB,1,0.85,0.9999998807907104,FRB,FRB,2,max
sample_000906,FRB,FRB,1,0.85,1.0,FRB,FRB,2,max
sample_000907,FRB,FRB,1,0.85,1.0,FRB,FRB,2,max
sample_000908,FRB,FRB,1,0.85,1.0,FRB,FRB,2,max
sample_000909,FRB,FRB,1,0.85,0.9999998807907104,FRB,FRB,2,max
sample_000910,FRB,FRB,1,0.15,1.0,NON_FRB,FRB,2,max
sample_000911,FRB,FRB,1,0.15,1.0,NON_FRB,FRB,2,max
sample_000912,FRB,FRB,1,0.9,1.0,FRB,FRB,2,max
sample_000913,FRB,FRB,1,0.9,1.0,FRB,FRB,2,max
sample_000914,FRB,FRB,1,0.15,1.0,NON_FRB,FRB,2,max
sample_000915,FRB,FRB,1,0.85,0.9999998807907104,FRB,FRB,2,max
sample_000916,FRB,FRB,1,0.85,1.0,FRB,FRB,2,max
sample_000917,FRB,FRB,1,0.85,1.0,FRB,FRB,2,max
sample_000918,FRB,FRB,1,0.85,0.9999998807907104,FRB,FRB,2,max
sample_000919,FRB,FRB,1,0.85,1.0,FRB,FRB,2,max
sample_000920,FRB,FRB,1,0.85,1.0,FRB,FRB,2,max
sample_000921,FRB,FRB,1,0.9,0.9999996423721313,FRB,FRB,2,max
sample_000922,FRB,FRB,1,0.85,1.0,FRB,FRB,2,max
sample_000923,FRB,FRB,1,0.75,1.0,FRB,FRB,2,max
sample_000924,FRB,FRB,1,0.75,1.0,FRB,FRB,2,max
sample_000925,FRB,FRB,1,0.85,1.0,FRB,FRB,2,max
sample_000926,FRB,FRB,1,0.85,1.0,FRB,FRB,2,max
sample_000927,FRB,FRB,1,0.15,1.0,NON_FRB,FRB,2,max
sample_000928,FRB,FRB,1,0.85,1.0,FRB,FRB,2,max
sample_000929,FRB,FRB,1,0.85,1.0,FRB,FRB,2,max
sample_000930,FRB,FRB,1,0.15,1.0,NON_FRB,FRB,2,max
sample_000931,FRB,FRB,1,0.85,0.9999998807907104,FRB,FRB,2,max
sample_000932,FRB,FRB,1,0.85,1.0,FRB,FRB,2,max
sample_000933,FRB,FRB,1,0.85,0.9999998807907104,FRB,FRB,1,max
sample_000934,FRB,FRB,1,0.9,0.9999997615814209,FRB,FRB,2,max
sample_000935,FRB,FRB,1,0.85,1.0,FRB,FRB,2,max
sample_000936,FRB,FRB,1,0.85,1.0,FRB,FRB,2,max
sample_000937,FRB,FRB,1,0.85,1.0,FRB,FRB,2,max
sample_000938,FRB,FRB,1,0.15,1.0,NON_FRB,FRB,2,max
sample_000939,FRB,FRB,1,0.75,1.0,FRB,FRB,2,max
sample_000940,FRB,FRB,1,0.15,1.0,NON_FRB,FRB,2,max
sample_000941,FRB,FRB,1,0.9,0.9999997615814209,FRB,FRB,2,max
sample_000942,FRB,FRB,1,0.85,1.0,FRB,FRB,2,max
sample_000943,FRB,FRB,1,0.85,1.0,FRB,FRB,2,max
sample_000944,FRB,FRB,1,0.85,1.0,FRB,FRB,2,max
sample_000945,FRB,FRB,1,0.85,1.0,FRB,FRB,2,max
sample_000946,FRB,FRB,1,0.15,1.0,NON_FRB,FRB,2,max
sample_000947,FRB,FRB,1,0.85,1.0,FRB,FRB,2,max
sample_000948,FRB,FRB,1,0.85,0.9999998807907104,FRB,FRB,2,max
sample_000949,FRB,FRB,1,0.85,1.0,FRB,FRB,2,max
sample_000950,FRB,FRB,1,0.75,1.0,FRB,FRB,2,max
sample_000951,FRB,FRB,1,0.85,1.0,FRB,FRB,2,max
sample_000952,FRB,FRB,1,0.85,1.0,FRB,FRB,2,max
sample_000953,FRB,FRB,1,0.75,1.0,FRB,FRB,2,max
sample_000954,FRB,FRB,1,0.85,1.0,FRB,FRB,2,max
sample_000955,FRB,FRB,1,0.15,1.0,NON_FRB,FRB,2,max
sample_000956,FRB,FRB,1,0.9,0.9999998807907104,FRB,FRB,2,max
sample_000957,FRB,FRB,1,0.85,0.9999998807907104,FRB,FRB,2,max
sample_000958,FRB,FRB,1,0.85,1.0,FRB,FRB,2,max
sample_000959,FRB,FRB,1,0.85,1.0,FRB,FRB,2,max
sample_000960,FRB,FRB,1,0.15,1.0,NON_FRB,FRB,2,max
sample_000961,FRB,FRB,1,0.85,1.0,FRB,FRB,2,max
sample_000962,FRB,FRB,1,0.85,1.0,FRB,FRB,2,max
sample_000963,FRB,FRB,1,0.85,1.0,FRB,FRB,2,max
sample_000964,FRB,FRB,1,0.85,1.0,FRB,FRB,2,max
sample_000965,FRB,FRB,1,0.75,1.0,FRB,FRB,2,max
sample_000966,FRB,FRB,1,0.85,1.0,FRB,FRB,2,max
sample_000967,FRB,FRB,1,0.85,0.9999998807907104,FRB,FRB,2,max
sample_000968,FRB,FRB,1,0.15,1.0,NON_FRB,FRB,2,max
sample_000969,FRB,FRB,1,0.15,0.9999998807907104,NON_FRB,FRB,2,max
sample_000970,FRB,FRB,1,0.85,1.0,FRB,FRB,2,max
sample_000971,FRB,FRB,1,0.9,1.0,FRB,FRB,2,max
sample_000972,FRB,FRB,1,0.9,1.0,FRB,FRB,2,max
sample_000973,FRB,FRB,1,0.85,1.0,FRB,FRB,2,max
sample_000974,FRB,FRB,1,0.85,1.0,FRB,FRB,2,max
sample_000975,FRB,FRB,1,0.85,1.0,FRB,FRB,2,max
sample_000976,FRB,FRB,1,0.85,1.0,FRB,FRB,2,max
sample_000977,FRB,FRB,1,0.15,1.0,NON_FRB,FRB,2,max
sample_000978,FRB,FRB,1,0.85,1.0,FRB,FRB,2,max
sample_000979,FRB,FRB,1,0.85,1.0,FRB,FRB,2,max
sample_000980,FRB,FRB,1,0.85,1.0,FRB,FRB,2,max
sample_000981,FRB,FRB,1,0.85,1.0,FRB,FRB,2,max
sample_000982,FRB,FRB,1,0.15,1.0,NON_FRB,FRB,2,max
sample_000983,FRB,FRB,1,0.85,0.9999995231628418,FRB,FRB,2,max
sample_000984,FRB,FRB,1,0.85,1.0,FRB,FRB,2,max
sample_000985,FRB,FRB,1,0.15,1.0,NON_FRB,FRB,2,max
sample_000986,FRB,FRB,1,0.85,1.0,FRB,FRB,2,max
sample_000987,FRB,FRB,1,0.85,1.0,FRB,FRB,2,max
sample_000988,FRB,FRB,1,0.85,1.0,FRB,FRB,2,max
sample_000989,FRB,FRB,1,0.85,1.0,FRB,FRB,2,max
sample_000990,FRB,FRB,1,0.9,0.9999998807907104,FRB,FRB,2,max
sample_000991,FRB,FRB,1,0.85,1.0,FRB,FRB,2,max
sample_000992,FRB,FRB,1,0.15,1.0,NON_FRB,FRB,2,max
sample_000993,FRB,FRB,1,0.85,1.0,FRB,FRB,2,max
sample_000994,FRB,FRB,1,0.85,1.0,FRB,FRB,2,max
sample_000995,FRB,FRB,1,0.85,1.0,FRB,FRB,2,max
sample_000996,FRB,FRB,1,0.85,1.0,FRB,FRB,2,max
sample_000997,FRB,FRB,1,0.15,1.0,NON_FRB,FRB,2,max
sample_000998,FRB,FRB,1,0.85,1.0,FRB,FRB,2,max
sample_000999,FRB,FRB,1,0.85,1.0,FRB,FRB,2,max
sample_001000,NON_FRB,RFI,0,0.1,0.35666412115097046,NON_FRB,NON_FRB,1,max
sample_001001,NON_FRB,RFI,0,0.15,0.06750354915857315,NON_FRB,NON_FRB,1,max
sample_001002,NON_FRB,RFI,0,0.1,0.927507221698761,NON_FRB,FRB,7,max
sample_001003,NON_FRB,RFI,0,0.15,0.06762523204088211,NON_FRB,NON_FRB,1,max
sample_001004,NON_FRB,RFI,0,0.1,0.245793879032135,NON_FRB,NON_FRB,1,max
sample_001005,NON_FRB,RFI,0,0.15,0.14672784507274628,NON_FRB,NON_FRB,1,max
sample_001006,NON_FRB,RFI,0,0.15,0.0903054028749466,NON_FRB,NON_FRB,1,max
sample_001007,NON_FRB,RFI,0,0.05,0.12280941754579544,NON_FRB,NON_FRB,1,max
sample_001008,NON_FRB,RFI,0,0.1,0.9150672554969788,NON_FRB,FRB,5,max
sample_001009,NON_FRB,RFI,0,0.05,0.19463369250297546,NON_FRB,NON_FRB,1,max
sample_001010,NON_FRB,RFI,0,0.15,0.06310912221670151,NON_FRB,NON_FRB,1,max
sample_001011,NON_FRB,RFI,0,0.1,0.10674647986888885,NON_FRB,NON_FRB,1,max
sample_001012,NON_FRB,RFI,0,0.1,0.10924828052520752,NON_FRB,NON_FRB,1,max
sample_001013,NON_FRB,RFI,0,0.15,0.048833996057510376,NON_FRB,NON_FRB,1,max
sample_001014,NON_FRB,RFI,0,0.15,0.11087335646152496,NON_FRB,NON_FRB,1,max
sample_001015,NON_FRB,RFI,0,0.1,0.1265973150730133,NON_FRB,NON_FRB,1,max
sample_001016,NON_FRB,RFI,0,0.15,0.7360764145851135,NON_FRB,FRB,2,max
sample_001017,NON_FRB,RFI,0,0.15,0.7262543439865112,NON_FRB,FRB,1,max
sample_001018,NON_FRB,RFI,0,0.1,0.07309911400079727,NON_FRB,NON_FRB,1,max
sample_001019,NON_FRB,RFI,0,0.05,0.07219204306602478,NON_FRB,NON_FRB,1,max
sample_001020,NON_FRB,RFI,0,0.15,0.06991585344076157,NON_FRB,NON_FRB,1,max
sample_001021,NON_FRB,RFI,0,0.1,0.23731154203414917,NON_FRB,NON_FRB,1,max
sample_001022,NON_FRB,RFI,0,0.1,0.5596553683280945,NON_FRB,FRB,1,max
sample_001023,NON_FRB,RFI,0,0.15,0.10195092856884003,NON_FRB,NON_FRB,1,max
sample_001024,NON_FRB,RFI,0,0.15,0.987767219543457,NON_FRB,FRB,2,max
sample_001025,NON_FRB,RFI,0,0.1,0.9695994853973389,NON_FRB,FRB,3,max
sample_001026,NON_FRB,RFI,0,0.15,0.05030420050024986,NON_FRB,NON_FRB,1,max
sample_001027,NON_FRB,RFI,0,0.1,0.8965469598770142,NON_FRB,FRB,2,max
sample_001028,NON_FRB,RFI,0,0.15,0.0366789810359478,NON_FRB,NON_FRB,1,max
sample_001029,NON_FRB,RFI,0,0.15,0.08173913508653641,NON_FRB,NON_FRB,1,max
sample_001030,NON_FRB,RFI,0,0.1,0.06725803017616272,NON_FRB,NON_FRB,1,max
sample_001031,NON_FRB,RFI,0,0.05,0.24943672120571136,NON_FRB,NON_FRB,1,max
sample_001032,NON_FRB,RFI,0,0.1,0.7598565816879272,NON_FRB,FRB,2,max
sample_001033,NON_FRB,RFI,0,0.15,0.03518398851156235,NON_FRB,NON_FRB,1,max
sample_001034,NON_FRB,RFI,0,0.1,0.8957847952842712,NON_FRB,FRB,2,max
sample_001035,NON_FRB,RFI,0,0.15,0.7579323053359985,NON_FRB,FRB,2,max
sample_001036,NON_FRB,RFI,0,0.1,0.15445886552333832,NON_FRB,NON_FRB,1,max
sample_001037,NON_FRB,RFI,0,0.15,0.12243366241455078,NON_FRB,NON_FRB,1,max
sample_001038,NON_FRB,RFI,0,0.1,0.07844677567481995,NON_FRB,NON_FRB,1,max
sample_001039,NON_FRB,RFI,0,0.15,0.17695528268814087,NON_FRB,NON_FRB,1,max
sample_001040,NON_FRB,RFI,0,0.15,0.0811571478843689,NON_FRB,NON_FRB,1,max
sample_001041,NON_FRB,RFI,0,0.15,0.08098283410072327,NON_FRB,NON_FRB,1,max
sample_001042,NON_FRB,RFI,0,0.1,0.06545356661081314,NON_FRB,NON_FRB,1,max
sample_001043,NON_FRB,RFI,0,0.1,0.7517554759979248,NON_FRB,FRB,2,max
sample_001044,NON_FRB,RFI,0,0.1,0.17568980157375336,NON_FRB,NON_FRB,1,max
sample_001045,NON_FRB,RFI,0,0.1,0.1757592111825943,NON_FRB,NON_FRB,1,max
sample_001046,NON_FRB,RFI,0,0.85,0.9665274620056152,FRB,FRB,14,max
sample_001047,NON_FRB,RFI,0,0.15,0.036680854856967926,NON_FRB,NON_FRB,1,max
sample_001048,NON_FRB,RFI,0,0.1,0.08395731449127197,NON_FRB,NON_FRB,1,max
sample_001049,NON_FRB,RFI,0,0.15,0.08409980684518814,NON_FRB,NON_FRB,1,max
sample_001050,NON_FRB,RFI,0,0.15,0.5769966840744019,NON_FRB,FRB,1,max
sample_001051,NON_FRB,RFI,0,0.15,0.3515443205833435,NON_FRB,NON_FRB,1,max
sample_001052,NON_FRB,RFI,0,0.15,0.06015783175826073,NON_FRB,NON_FRB,1,max
sample_001053,NON_FRB,RFI,0,0.15,0.073573037981987,NON_FRB,NON_FRB,1,max
sample_001054,NON_FRB,RFI,0,0.05,0.036357998847961426,NON_FRB,NON_FRB,1,max
sample_001055,NON_FRB,RFI,0,0.1,0.2267177551984787,NON_FRB,NON_FRB,1,max
sample_001056,NON_FRB,RFI,0,0.1,0.13924045860767365,NON_FRB,NON_FRB,1,max
sample_001057,NON_FRB,RFI,0,0.1,0.5977194905281067,NON_FRB,FRB,1,max
sample_001058,NON_FRB,RFI,0,0.15,0.6358623504638672,NON_FRB,FRB,2,max
sample_001059,NON_FRB,RFI,0,0.15,0.14148259162902832,NON_FRB,NON_FRB,1,max
sample_001060,NON_FRB,RFI,0,0.05,0.3059099614620209,NON_FRB,NON_FRB,1,max
sample_001061,NON_FRB,RFI,0,0.05,0.4952652156352997,NON_FRB,NON_FRB,1,max
sample_001062,NON_FRB,RFI,0,0.15,0.022418230772018433,NON_FRB,NON_FRB,1,max
sample_001063,NON_FRB,RFI,0,0.15,0.054633017629384995,NON_FRB,NON_FRB,1,max
sample_001064,NON_FRB,RFI,0,0.1,0.6333479881286621,NON_FRB,FRB,2,max
sample_001065,NON_FRB,RFI,0,0.1,0.10766889154911041,NON_FRB,NON_FRB,1,max
sample_001066,NON_FRB,RFI,0,0.15,0.0493038110435009,NON_FRB,NON_FRB,1,max
sample_001067,NON_FRB,RFI,0,0.15,0.4790806770324707,NON_FRB,NON_FRB,1,max
sample_001068,NON_FRB,RFI,0,0.15,0.17303119599819183,NON_FRB,NON_FRB,1,max
sample_001069,NON_FRB,RFI,0,0.1,0.2929140031337738,NON_FRB,NON_FRB,1,max
sample_001070,NON_FRB,RFI,0,0.1,0.9490669369697571,NON_FRB,FRB,3,max
sample_001071,NON_FRB,RFI,0,0.15,0.14422953128814697,NON_FRB,NON_FRB,1,max
sample_001072,NON_FRB,RFI,0,0.15,0.16604316234588623,NON_FRB,NON_FRB,1,max
sample_001073,NON_FRB,RFI,0,0.15,0.45887598395347595,NON_FRB,NON_FRB,1,max
sample_001074,NON_FRB,RFI,0,0.1,0.7598363161087036,NON_FRB,FRB,2,max
sample_001075,NON_FRB,RFI,0,0.15,0.1294233500957489,NON_FRB,NON_FRB,1,max
sample_001076,NON_FRB,RFI,0,0.05,0.4054286479949951,NON_FRB,NON_FRB,1,max
sample_001077,NON_FRB,RFI,0,0.15,0.021003825590014458,NON_FRB,NON_FRB,1,max
sample_001078,NON_FRB,RFI,0,0.9,0.5773882269859314,FRB,FRB,2,max
sample_001079,NON_FRB,RFI,0,0.85,0.5177965760231018,FRB,FRB,1,max
sample_001080,NON_FRB,RFI,0,0.05,0.03043428249657154,NON_FRB,NON_FRB,1,max
sample_001081,NON_FRB,RFI,0,0.05,0.05663316324353218,NON_FRB,NON_FRB,1,max
sample_001082,NON_FRB,RFI,0,0.9,0.9581537246704102,FRB,FRB,5,max
sample_001083,NON_FRB,RFI,0,0.1,0.23564623296260834,NON_FRB,NON_FRB,1,max
sample_001084,NON_FRB,RFI,0,0.15,0.11778522282838821,NON_FRB,NON_FRB,1,max
sample_001085,NON_FRB,RFI,0,0.15,0.06620831787586212,NON_FRB,NON_FRB,1,max
sample_001086,NON_FRB,RFI,0,0.85,0.8752631545066833,FRB,FRB,3,max
sample_001087,NON_FRB,RFI,0,0.05,0.05612969398498535,NON_FRB,NON_FRB,1,max
sample_001088,NON_FRB,RFI,0,0.1,0.8018252849578857,NON_FRB,FRB,6,max
sample_001089,NON_FRB,RFI,0,0.15,0.7301068305969238,NON_FRB,FRB,2,max
sample_001090,NON_FRB,RFI,0,0.15,0.07174480706453323,NON_FRB,NON_FRB,1,max
sample_001091,NON_FRB,RFI,0,0.1,0.901145339012146,NON_FRB,FRB,4,max
sample_001092,NON_FRB,RFI,0,0.15,0.07062066346406937,NON_FRB,NON_FRB,1,max
sample_001093,NON_FRB,RFI,0,0.1,0.9530993700027466,NON_FRB,FRB,2,max
sample_001094,NON_FRB,RFI,0,0.1,0.1942375749349594,NON_FRB,NON_FRB,1,max
sample_001095,NON_FRB,RFI,0,0.1,0.11425644904375076,NON_FRB,NON_FRB,1,max
sample_001096,NON_FRB,RFI,0,0.1,0.130913645029068,NON_FRB,NON_FRB,1,max
sample_001097,NON_FRB,RFI,0,0.15,0.05166257917881012,NON_FRB,NON_FRB,1,max
sample_001098,NON_FRB,RFI,0,0.15,0.4587642252445221,NON_FRB,NON_FRB,1,max
sample_001099,NON_FRB,RFI,0,0.15,0.1159968450665474,NON_FRB,NON_FRB,1,max
sample_001100,NON_FRB,RFI,0,0.1,0.14306074380874634,NON_FRB,NON_FRB,1,max
sample_001101,NON_FRB,RFI,0,0.1,0.8030489683151245,NON_FRB,FRB,2,max
sample_001102,NON_FRB,RFI,0,0.1,0.7662484049797058,NON_FRB,FRB,2,max
sample_001103,NON_FRB,RFI,0,0.15,0.23349404335021973,NON_FRB,NON_FRB,1,max
sample_001104,NON_FRB,RFI,0,0.15,0.27221277356147766,NON_FRB,NON_FRB,1,max
sample_001105,NON_FRB,RFI,0,0.1,0.8322340250015259,NON_FRB,FRB,2,max
sample_001106,NON_FRB,RFI,0,0.1,0.29383987188339233,NON_FRB,NON_FRB,1,max
sample_001107,NON_FRB,RFI,0,0.1,0.07773182541131973,NON_FRB,NON_FRB,1,max
sample_001108,NON_FRB,RFI,0,0.15,0.02393944002687931,NON_FRB,NON_FRB,1,max
sample_001109,NON_FRB,RFI,0,0.1,0.8325262665748596,NON_FRB,FRB,2,max
sample_001110,NON_FRB,RFI,0,0.05,0.031978096812963486,NON_FRB,NON_FRB,1,max
sample_001111,NON_FRB,RFI,0,0.15,0.1353640854358673,NON_FRB,NON_FRB,1,max
sample_001112,NON_FRB,RFI,0,0.1,0.23218220472335815,NON_FRB,NON_FRB,1,max
sample_001113,NON_FRB,RFI,0,0.15,0.06442082673311234,NON_FRB,NON_FRB,1,max
sample_001114,NON_FRB,RFI,0,0.05,0.5189630389213562,NON_FRB,FRB,9,max
sample_001115,NON_FRB,RFI,0,0.15,0.21084780991077423,NON_FRB,NON_FRB,1,max
sample_001116,NON_FRB,RFI,0,0.15,0.022533172741532326,NON_FRB,NON_FRB,1,max
sample_001117,NON_FRB,RFI,0,0.15,0.15075244009494781,NON_FRB,NON_FRB,1,max
sample_001118,NON_FRB,RFI,0,0.15,0.20614919066429138,NON_FRB,NON_FRB,1,max
sample_001119,NON_FRB,RFI,0,0.05,0.6676766872406006,NON_FRB,FRB,24,max
sample_001120,NON_FRB,RFI,0,0.15,0.1726345270872116,NON_FRB,NON_FRB,1,max
sample_001121,NON_FRB,RFI,0,0.1,0.08390551805496216,NON_FRB,NON_FRB,1,max
sample_001122,NON_FRB,RFI,0,0.1,0.032614026218652725,NON_FRB,NON_FRB,1,max
sample_001123,NON_FRB,RFI,0,0.15,0.09843523055315018,NON_FRB,NON_FRB,1,max
sample_001124,NON_FRB,RFI,0,0.9,0.9452494978904724,FRB,FRB,15,max
sample_001125,NON_FRB,RFI,0,0.05,0.06501946598291397,NON_FRB,NON_FRB,1,max
sample_001126,NON_FRB,RFI,0,0.15,0.06310468912124634,NON_FRB,NON_FRB,1,max
sample_001127,NON_FRB,RFI,0,0.15,0.15557992458343506,NON_FRB,NON_FRB,1,max
sample_001128,NON_FRB,RFI,0,0.1,0.01494745071977377,NON_FRB,NON_FRB,1,max
sample_001129,NON_FRB,RFI,0,0.15,0.060117240995168686,NON_FRB,NON_FRB,1,max
sample_001130,NON_FRB,RFI,0,0.15,0.06319433450698853,NON_FRB,NON_FRB,1,max
sample_001131,NON_FRB,RFI,0,0.15,0.06929193437099457,NON_FRB,NON_FRB,1,max
sample_001132,NON_FRB,RFI,0,0.9,0.9563478231430054,FRB,FRB,2,max
sample_001133,NON_FRB,RFI,0,0.15,0.035022519528865814,NON_FRB,NON_FRB,1,max
sample_001134,NON_FRB,RFI,0,0.15,0.03413127735257149,NON_FRB,NON_FRB,1,max
sample_001135,NON_FRB,RFI,0,0.1,0.06578747183084488,NON_FRB,NON_FRB,1,max
sample_001136,NON_FRB,RFI,0,0.15,0.0497322715818882,NON_FRB,NON_FRB,1,max
sample_001137,NON_FRB,RFI,0,0.15,0.09853250533342361,NON_FRB,NON_FRB,1,max
sample_001138,NON_FRB,RFI,0,0.15,0.2411312758922577,NON_FRB,NON_FRB,1,max
sample_001139,NON_FRB,RFI,0,0.05,0.13333161175251007,NON_FRB,NON_FRB,1,max
sample_001140,NON_FRB,RFI,0,0.1,0.20068730413913727,NON_FRB,NON_FRB,1,max
sample_001141,NON_FRB,RFI,0,0.15,0.10997491329908371,NON_FRB,NON_FRB,1,max
sample_001142,NON_FRB,RFI,0,0.15,0.07536700367927551,NON_FRB,NON_FRB,1,max
sample_001143,NON_FRB,RFI,0,0.15,0.11813918501138687,NON_FRB,NON_FRB,1,max
sample_001144,NON_FRB,RFI,0,0.15,0.262531042098999,NON_FRB,NON_FRB,1,max
sample_001145,NON_FRB,RFI,0,0.1,0.022656869143247604,NON_FRB,NON_FRB,1,max
sample_001146,NON_FRB,RFI,0,0.15,0.5978496074676514,NON_FRB,FRB,1,max
sample_001147,NON_FRB,RFI,0,0.05,0.11567205935716629,NON_FRB,NON_FRB,1,max
sample_001148,NON_FRB,RFI,0,0.15,0.0872446596622467,NON_FRB,NON_FRB,1,max
sample_001149,NON_FRB,RFI,0,0.05,0.8213260769844055,NON_FRB,FRB,2,max
sample_001150,NON_FRB,RFI,0,0.15,0.05790199339389801,NON_FRB,NON_FRB,1,max
sample_001151,NON_FRB,RFI,0,0.1,0.9407631158828735,NON_FRB,FRB,2,max
sample_001152,NON_FRB,RFI,0,0.15,0.08289361000061035,NON_FRB,NON_FRB,1,max
sample_001153,NON_FRB,RFI,0,0.15,0.06427183747291565,NON_FRB,NON_FRB,1,max
sample_001154,NON_FRB,RFI,0,0.15,0.055167313665151596,NON_FRB,NON_FRB,1,max
sample_001155,NON_FRB,RFI,0,0.15,0.14638689160346985,NON_FRB,NON_FRB,1,max
sample_001156,NON_FRB,RFI,0,0.1,0.08688751608133316,NON_FRB,NON_FRB,1,max
sample_001157,NON_FRB,RFI,0,0.1,0.8216463327407837,NON_FRB,FRB,2,max
sample_001158,NON_FRB,RFI,0,0.1,0.966281533241272,NON_FRB,FRB,2,max
sample_001159,NON_FRB,RFI,0,0.1,0.8882623910903931,NON_FRB,FRB,2,max
sample_001160,NON_FRB,RFI,0,0.15,0.19445912539958954,NON_FRB,NON_FRB,1,max
sample_001161,NON_FRB,RFI,0,0.05,0.25952714681625366,NON_FRB,NON_FRB,1,max
sample_001162,NON_FRB,RFI,0,0.15,0.3451453149318695,NON_FRB,NON_FRB,1,max
sample_001163,NON_FRB,RFI,0,0.15,0.19756583869457245,NON_FRB,NON_FRB,1,max
sample_001164,NON_FRB,RFI,0,0.1,0.08611524850130081,NON_FRB,NON_FRB,1,max
sample_001165,NON_FRB,RFI,0,0.15,0.8998135328292847,NON_FRB,FRB,2,max
sample_001166,NON_FRB,RFI,0,0.1,0.06826688349246979,NON_FRB,NON_FRB,1,max
sample_001167,NON_FRB,RFI,0,0.15,0.5593271255493164,NON_FRB,FRB,1,max
sample_001168,NON_FRB,RFI,0,0.15,0.052427686750888824,NON_FRB,NON_FRB,1,max
sample_001169,NON_FRB,RFI,0,0.15,0.7365269660949707,NON_FRB,FRB,2,max
sample_001170,NON_FRB,RFI,0,0.1,0.9703251123428345,NON_FRB,FRB,2,max
sample_001171,NON_FRB,RFI,0,0.15,0.08082988113164902,NON_FRB,NON_FRB,1,max
sample_001172,NON_FRB,RFI,0,0.15,0.12583304941654205,NON_FRB,NON_FRB,1,max
sample_001173,NON_FRB,RFI,0,0.1,0.05834770202636719,NON_FRB,NON_FRB,1,max
sample_001174,NON_FRB,RFI,0,0.05,0.06165781244635582,NON_FRB,NON_FRB,1,max
sample_001175,NON_FRB,RFI,0,0.15,0.3306894302368164,NON_FRB,NON_FRB,1,max
sample_001176,NON_FRB,RFI,0,0.05,0.034750159829854965,NON_FRB,NON_FRB,1,max
sample_001177,NON_FRB,RFI,0,0.15,0.14694039523601532,NON_FRB,NON_FRB,1,max
sample_001178,NON_FRB,RFI,0,0.1,0.07083535194396973,NON_FRB,NON_FRB,1,max
sample_001179,NON_FRB,RFI,0,0.1,0.38786983489990234,NON_FRB,NON_FRB,1,max
sample_001180,NON_FRB,RFI,0,0.15,0.042604684829711914,NON_FRB,NON_FRB,1,max
sample_001181,NON_FRB,RFI,0,0.1,0.4892013669013977,NON_FRB,NON_FRB,1,max
sample_001182,NON_FRB,RFI,0,0.9,0.7721484899520874,FRB,FRB,2,max
sample_001183,NON_FRB,RFI,0,0.15,0.06371809542179108,NON_FRB,NON_FRB,1,max
sample_001184,NON_FRB,RFI,0,0.9,0.6332963705062866,FRB,FRB,3,max
sample_001185,NON_FRB,RFI,0,0.1,0.9125868678092957,NON_FRB,FRB,5,max
sample_001186,NON_FRB,RFI,0,0.1,0.17310462892055511,NON_FRB,NON_FRB,1,max
sample_001187,NON_FRB,RFI,0,0.1,0.8468623161315918,NON_FRB,FRB,2,max
sample_001188,NON_FRB,RFI,0,0.1,0.9860104322433472,NON_FRB,FRB,2,max
sample_001189,NON_FRB,RFI,0,0.15,0.2175355851650238,NON_FRB,NON_FRB,1,max
sample_001190,NON_FRB,RFI,0,0.15,0.21168264746665955,NON_FRB,NON_FRB,1,max
sample_001191,NON_FRB,RFI,0,0.1,0.08397386968135834,NON_FRB,NON_FRB,1,max
sample_001192,NON_FRB,RFI,0,0.15,0.1361387073993683,NON_FRB,NON_FRB,1,max
sample_001193,NON_FRB,RFI,0,0.05,0.08087129145860672,NON_FRB,NON_FRB,1,max
sample_001194,NON_FRB,RFI,0,0.1,0.1070827916264534,NON_FRB,NON_FRB,1,max
sample_001195,NON_FRB,RFI,0,0.05,0.014586257748305798,NON_FRB,NON_FRB,1,max
sample_001196,NON_FRB,RFI,0,0.1,0.1558384895324707,NON_FRB,NON_FRB,1,max
sample_001197,NON_FRB,RFI,0,0.1,0.39825892448425293,NON_FRB,NON_FRB,1,max
sample_001198,NON_FRB,RFI,0,0.15,0.06921651214361191,NON_FRB,NON_FRB,1,max
sample_001199,NON_FRB,RFI,0,0.1,0.04966625198721886,NON_FRB,NON_FRB,1,max
sample_001200,NON_FRB,RFI,0,0.05,0.08139429241418839,NON_FRB,NON_FRB,1,max
sample_001201,NON_FRB,RFI,0,0.15,0.9633121490478516,NON_FRB,FRB,2,max
sample_001202,NON_FRB,RFI,0,0.1,0.9727957248687744,NON_FRB,FRB,2,max
sample_001203,NON_FRB,RFI,0,0.15,0.07677020877599716,NON_FRB,NON_FRB,1,max
sample_001204,NON_FRB,RFI,0,0.15,0.5034645795822144,NON_FRB,FRB,1,max
sample_001205,NON_FRB,RFI,0,0.1,0.09347914904356003,NON_FRB,NON_FRB,1,max
sample_001206,NON_FRB,RFI,0,0.05,0.23220865428447723,NON_FRB,NON_FRB,1,max
sample_001207,NON_FRB,RFI,0,0.1,0.8071290254592896,NON_FRB,FRB,2,max
sample_001208,NON_FRB,RFI,0,0.1,0.1700681746006012,NON_FRB,NON_FRB,1,max
sample_001209,NON_FRB,RFI,0,0.15,0.16518765687942505,NON_FRB,NON_FRB,1,max
sample_001210,NON_FRB,RFI,0,0.1,0.11620009690523148,NON_FRB,NON_FRB,1,max
sample_001211,NON_FRB,RFI,0,0.15,0.14416252076625824,NON_FRB,NON_FRB,1,max
sample_001212,NON_FRB,RFI,0,0.15,0.043788328766822815,NON_FRB,NON_FRB,1,max
sample_001213,NON_FRB,RFI,0,0.1,0.5019944310188293,NON_FRB,FRB,1,max
sample_001214,NON_FRB,RFI,0,0.15,0.06474417448043823,NON_FRB,NON_FRB,1,max
sample_001215,NON_FRB,RFI,0,0.15,0.22434088587760925,NON_FRB,NON_FRB,1,max
sample_001216,NON_FRB,RFI,0,0.15,0.02802480384707451,NON_FRB,NON_FRB,1,max
sample_001217,NON_FRB,RFI,0,0.15,0.0806083157658577,NON_FRB,NON_FRB,1,max
sample_001218,NON_FRB,RFI,0,0.05,0.039858411997556686,NON_FRB,NON_FRB,1,max
sample_001219,NON_FRB,RFI,0,0.05,0.3111358880996704,NON_FRB,NON_FRB,1,max
sample_001220,NON_FRB,RFI,0,0.05,0.2083878219127655,NON_FRB,NON_FRB,1,max
sample_001221,NON_FRB,RFI,0,0.15,0.09577180445194244,NON_FRB,NON_FRB,1,max
sample_001222,NON_FRB,RFI,0,0.85,0.6189393997192383,FRB,FRB,2,max
sample_001223,NON_FRB,RFI,0,0.85,0.4631703495979309,FRB,NON_FRB,1,max
sample_001224,NON_FRB,RFI,0,0.05,0.10397800803184509,NON_FRB,NON_FRB,1,max
sample_001225,NON_FRB,RFI,0,0.15,0.1309274137020111,NON_FRB,NON_FRB,1,max
sample_001226,NON_FRB,RFI,0,0.1,0.736739456653595,NON_FRB,FRB,6,max
sample_001227,NON_FRB,RFI,0,0.15,0.07870082557201385,NON_FRB,NON_FRB,1,max
sample_001228,NON_FRB,RFI,0,0.05,0.05758480355143547,NON_FRB,NON_FRB,1,max
sample_001229,NON_FRB,RFI,0,0.1,0.34675517678260803,NON_FRB,NON_FRB,1,max
sample_001230,NON_FRB,RFI,0,0.85,0.7100521922111511,FRB,FRB,7,max
sample_001231,NON_FRB,RFI,0,0.1,0.15213370323181152,NON_FRB,NON_FRB,1,max
sample_001232,NON_FRB,RFI,0,0.05,0.06181280314922333,NON_FRB,NON_FRB,1,max
sample_001233,NON_FRB,RFI,0,0.1,0.8460505604743958,NON_FRB,FRB,3,max
sample_001234,NON_FRB,RFI,0,0.15,0.06532979011535645,NON_FRB,NON_FRB,1,max
sample_001235,NON_FRB,RFI,0,0.15,0.05286693200469017,NON_FRB,NON_FRB,1,max
sample_001236,NON_FRB,RFI,0,0.1,0.082867331802845,NON_FRB,NON_FRB,1,max
sample_001237,NON_FRB,RFI,0,0.1,0.5452548265457153,NON_FRB,FRB,2,max
sample_001238,NON_FRB,RFI,0,0.1,0.04753291234374046,NON_FRB,NON_FRB,1,max
sample_001239,NON_FRB,RFI,0,0.1,0.9128155708312988,NON_FRB,FRB,2,max
sample_001240,NON_FRB,RFI,0,0.85,0.8960531949996948,FRB,FRB,2,max
sample_001241,NON_FRB,RFI,0,0.1,0.6884418725967407,NON_FRB,FRB,4,max
sample_001242,NON_FRB,RFI,0,0.15,0.04573109373450279,NON_FRB,NON_FRB,1,max
sample_001243,NON_FRB,RFI,0,0.15,0.1011553704738617,NON_FRB,NON_FRB,1,max
sample_001244,NON_FRB,RFI,0,0.1,0.8043665289878845,NON_FRB,FRB,2,max
sample_001245,NON_FRB,RFI,0,0.15,0.09496669471263885,NON_FRB,NON_FRB,1,max
sample_001246,NON_FRB,RFI,0,0.15,0.8649245500564575,NON_FRB,FRB,4,max
sample_001247,NON_FRB,RFI,0,0.1,0.40223199129104614,NON_FRB,NON_FRB,1,max
sample_001248,NON_FRB,RFI,0,0.15,0.045938801020383835,NON_FRB,NON_FRB,1,max
sample_001249,NON_FRB,RFI,0,0.05,0.3587190508842468,NON_FRB,NON_FRB,1,max
sample_001250,NON_FRB,RFI,0,0.15,0.9081450700759888,NON_FRB,FRB,6,max
sample_001251,NON_FRB,RFI,0,0.15,0.0509473942220211,NON_FRB,NON_FRB,1,max
sample_001252,NON_FRB,RFI,0,0.9,0.9193606376647949,FRB,FRB,2,max
sample_001253,NON_FRB,RFI,0,0.15,0.03774913027882576,NON_FRB,NON_FRB,1,max
sample_001254,NON_FRB,RFI,0,0.05,0.8872696757316589,NON_FRB,FRB,1,max
sample_001255,NON_FRB,RFI,0,0.15,0.07025368511676788,NON_FRB,NON_FRB,1,max
sample_001256,NON_FRB,RFI,0,0.05,0.13244889676570892,NON_FRB,NON_FRB,1,max
sample_001257,NON_FRB,RFI,0,0.05,0.35980224609375,NON_FRB,NON_FRB,1,max
sample_001258,NON_FRB,RFI,0,0.15,0.07670983672142029,NON_FRB,NON_FRB,1,max
sample_001259,NON_FRB,RFI,0,0.15,0.5921566486358643,NON_FRB,FRB,1,max
sample_001260,NON_FRB,RFI,0,0.15,0.10422424226999283,NON_FRB,NON_FRB,1,max
sample_001261,NON_FRB,RFI,0,0.15,0.031420186161994934,NON_FRB,NON_FRB,1,max
sample_001262,NON_FRB,RFI,0,0.1,0.9473307132720947,NON_FRB,FRB,2,max
sample_001263,NON_FRB,RFI,0,0.15,0.4838201105594635,NON_FRB,NON_FRB,1,max
sample_001264,NON_FRB,RFI,0,0.05,0.03753523528575897,NON_FRB,NON_FRB,1,max
sample_001265,NON_FRB,RFI,0,0.15,0.03927542641758919,NON_FRB,NON_FRB,1,max
sample_001266,NON_FRB,RFI,0,0.15,0.07857193797826767,NON_FRB,NON_FRB,1,max
sample_001267,NON_FRB,RFI,0,0.15,0.9753598570823669,NON_FRB,FRB,2,max
sample_001268,NON_FRB,RFI,0,0.05,0.21719104051589966,NON_FRB,NON_FRB,1,max
sample_001269,NON_FRB,RFI,0,0.1,0.15420113503932953,NON_FRB,NON_FRB,1,max
sample_001270,NON_FRB,RFI,0,0.1,0.1549060046672821,NON_FRB,NON_FRB,1,max
sample_001271,NON_FRB,RFI,0,0.15,0.02668539248406887,NON_FRB,NON_FRB,1,max
sample_001272,NON_FRB,RFI,0,0.1,0.9325361847877502,NON_FRB,FRB,4,max
sample_001273,NON_FRB,RFI,0,0.05,0.14921842515468597,NON_FRB,NON_FRB,1,max
sample_001274,NON_FRB,RFI,0,0.05,0.18938089907169342,NON_FRB,NON_FRB,1,max
sample_001275,NON_FRB,RFI,0,0.1,0.31403639912605286,NON_FRB,NON_FRB,1,max
sample_001276,NON_FRB,RFI,0,0.15,0.8650288581848145,NON_FRB,FRB,2,max
sample_001277,NON_FRB,RFI,0,0.1,0.058476194739341736,NON_FRB,NON_FRB,1,max
sample_001278,NON_FRB,RFI,0,0.05,0.2454252541065216,NON_FRB,NON_FRB,1,max
sample_001279,NON_FRB,RFI,0,0.15,0.07842431962490082,NON_FRB,NON_FRB,1,max
sample_001280,NON_FRB,RFI,0,0.15,0.019658725708723068,NON_FRB,NON_FRB,1,max
sample_001281,NON_FRB,RFI,0,0.15,0.038932546973228455,NON_FRB,NON_FRB,1,max
sample_001282,NON_FRB,RFI,0,0.1,0.8363991379737854,NON_FRB,FRB,2,max
sample_001283,NON_FRB,RFI,0,0.15,0.08712518215179443,NON_FRB,NON_FRB,1,max
sample_001284,NON_FRB,RFI,0,0.05,0.08882907778024673,NON_FRB,NON_FRB,1,max
sample_001285,NON_FRB,RFI,0,0.05,0.5574014782905579,NON_FRB,FRB,2,max
sample_001286,NON_FRB,RFI,0,0.1,0.09896168112754822,NON_FRB,NON_FRB,1,max
sample_001287,NON_FRB,RFI,0,0.1,0.048762738704681396,NON_FRB,NON_FRB,1,max
sample_001288,NON_FRB,RFI,0,0.15,0.04417417570948601,NON_FRB,NON_FRB,1,max
sample_001289,NON_FRB,RFI,0,0.15,0.08442705869674683,NON_FRB,NON_FRB,1,max
sample_001290,NON_FRB,RFI,0,0.15,0.11304017901420593,NON_FRB,NON_FRB,1,max
sample_001291,NON_FRB,RFI,0,0.05,0.045445218682289124,NON_FRB,NON_FRB,1,max
sample_001292,NON_FRB,RFI,0,0.15,0.14717622101306915,NON_FRB,NON_FRB,1,max
sample_001293,NON_FRB,RFI,0,0.9,0.39922961592674255,FRB,NON_FRB,1,max
sample_001294,NON_FRB,RFI,0,0.1,0.18635894358158112,NON_FRB,NON_FRB,1,max
sample_001295,NON_FRB,RFI,0,0.15,0.46844109892845154,NON_FRB,NON_FRB,1,max
sample_001296,NON_FRB,RFI,0,0.1,0.7995249032974243,NON_FRB,FRB,2,max
sample_001297,NON_FRB,RFI,0,0.15,0.1278107911348343,NON_FRB,NON_FRB,1,max
sample_001298,NON_FRB,RFI,0,0.15,0.2524813115596771,NON_FRB,NON_FRB,1,max
sample_001299,NON_FRB,RFI,0,0.15,0.5145890116691589,NON_FRB,FRB,1,max
sample_001300,NON_FRB,RFI,0,0.1,0.7034574151039124,NON_FRB,FRB,1,max
sample_001301,NON_FRB,RFI,0,0.05,0.20479607582092285,NON_FRB,NON_FRB,1,max
sample_001302,NON_FRB,RFI,0,0.15,0.05703117325901985,NON_FRB,NON_FRB,1,max
sample_001303,NON_FRB,RFI,0,0.05,0.15928976237773895,NON_FRB,NON_FRB,1,max
sample_001304,NON_FRB,RFI,0,0.1,0.06138976663351059,NON_FRB,NON_FRB,1,max
sample_001305,NON_FRB,RFI,0,0.05,0.7788451910018921,NON_FRB,FRB,2,max
sample_001306,NON_FRB,RFI,0,0.15,0.01951819285750389,NON_FRB,NON_FRB,1,max
sample_001307,NON_FRB,RFI,0,0.15,0.03551243618130684,NON_FRB,NON_FRB,1,max
sample_001308,NON_FRB,RFI,0,0.05,0.02524534799158573,NON_FRB,NON_FRB,1,max
sample_001309,NON_FRB,RFI,0,0.15,0.11128688603639603,NON_FRB,NON_FRB,1,max
sample_001310,NON_FRB,RFI,0,0.1,0.8572181463241577,NON_FRB,FRB,2,max
sample_001311,NON_FRB,RFI,0,0.15,0.8569406867027283,NON_FRB,FRB,1,max
sample_001312,NON_FRB,RFI,0,0.15,0.1415620744228363,NON_FRB,NON_FRB,1,max
sample_001313,NON_FRB,RFI,0,0.1,0.8680725693702698,NON_FRB,FRB,2,max
sample_001314,NON_FRB,RFI,0,0.15,0.03771163150668144,NON_FRB,NON_FRB,1,max
sample_001315,NON_FRB,RFI,0,0.15,0.03726087510585785,NON_FRB,NON_FRB,1,max
sample_001316,NON_FRB,RFI,0,0.1,0.7570832371711731,NON_FRB,FRB,2,max
sample_001317,NON_FRB,RFI,0,0.1,0.12127365916967392,NON_FRB,NON_FRB,1,max
sample_001318,NON_FRB,RFI,0,0.15,0.24909323453903198,NON_FRB,NON_FRB,1,max
sample_001319,NON_FRB,RFI,0,0.05,0.49345147609710693,NON_FRB,NON_FRB,1,max
sample_001320,NON_FRB,RFI,0,0.05,0.20763911306858063,NON_FRB,NON_FRB,1,max
sample_001321,NON_FRB,RFI,0,0.05,0.27121859788894653,NON_FRB,NON_FRB,1,max
sample_001322,NON_FRB,RFI,0,0.1,0.7394053339958191,NON_FRB,FRB,4,max
sample_001323,NON_FRB,RFI,0,0.15,0.029135746881365776,NON_FRB,NON_FRB,1,max
sample_001324,NON_FRB,RFI,0,0.15,0.08144555985927582,NON_FRB,NON_FRB,1,max
sample_001325,NON_FRB,RFI,0,0.15,0.08923646807670593,NON_FRB,NON_FRB,1,max
sample_001326,NON_FRB,RFI,0,0.1,0.9904378056526184,NON_FRB,FRB,2,max
sample_001327,NON_FRB,RFI,0,0.15,0.10461094230413437,NON_FRB,NON_FRB,1,max
sample_001328,NON_FRB,RFI,0,0.1,0.2235514223575592,NON_FRB,NON_FRB,1,max
sample_001329,NON_FRB,RFI,0,0.1,0.1833493709564209,NON_FRB,NON_FRB,1,max
sample_001330,NON_FRB,RFI,0,0.15,0.09527713805437088,NON_FRB,NON_FRB,1,max
sample_001331,NON_FRB,RFI,0,0.05,0.3586679995059967,NON_FRB,NON_FRB,1,max
sample_001332,NON_FRB,RFI,0,0.05,0.3079783320426941,NON_FRB,NON_FRB,1,max
sample_001333,NON_FRB,RFI,0,0.15,0.048640813678503036,NON_FRB,NON_FRB,1,max
sample_001334,NON_FRB,RFI,0,0.05,0.15866436064243317,NON_FRB,NON_FRB,1,max
sample_001335,NON_FRB,RFI,0,0.15,0.0457819402217865,NON_FRB,NON_FRB,1,max
sample_001336,NON_FRB,RFI,0,0.85,0.8261712789535522,FRB,FRB,3,max
sample_001337,NON_FRB,RFI,0,0.15,0.24577642977237701,NON_FRB,NON_FRB,1,max
sample_001338,NON_FRB,RFI,0,0.1,0.555945873260498,NON_FRB,FRB,1,max
sample_001339,NON_FRB,RFI,0,0.05,0.12420521676540375,NON_FRB,NON_FRB,1,max
sample_001340,NON_FRB,RFI,0,0.15,0.11603973805904388,NON_FRB,NON_FRB,1,max
sample_001341,NON_FRB,RFI,0,0.15,0.41447824239730835,NON_FRB,NON_FRB,1,max
sample_001342,NON_FRB,RFI,0,0.1,0.3294115960597992,NON_FRB,NON_FRB,1,max
sample_001343,NON_FRB,RFI,0,0.1,0.05692441016435623,NON_FRB,NON_FRB,1,max
sample_001344,NON_FRB,RFI,0,0.05,0.5967990159988403,NON_FRB,FRB,22,max
sample_001345,NON_FRB,RFI,0,0.15,0.0854516327381134,NON_FRB,NON_FRB,1,max
sample_001346,NON_FRB,RFI,0,0.1,0.9621172547340393,NON_FRB,FRB,2,max
sample_001347,NON_FRB,RFI,0,0.15,0.05138928070664406,NON_FRB,NON_FRB,1,max
sample_001348,NON_FRB,RFI,0,0.15,0.2117910236120224,NON_FRB,NON_FRB,1,max
sample_001349,NON_FRB,RFI,0,0.1,0.1599450707435608,NON_FRB,NON_FRB,1,max
sample_001350,NON_FRB,RFI,0,0.05,0.4874125123023987,NON_FRB,NON_FRB,1,max
sample_001351,NON_FRB,RFI,0,0.1,0.07606077194213867,NON_FRB,NON_FRB,1,max
sample_001352,NON_FRB,RFI,0,0.15,0.08841855823993683,NON_FRB,NON_FRB,1,max
sample_001353,NON_FRB,RFI,0,0.1,0.16243138909339905,NON_FRB,NON_FRB,1,max
sample_001354,NON_FRB,RFI,0,0.15,0.11950597167015076,NON_FRB,NON_FRB,1,max
sample_001355,NON_FRB,RFI,0,0.15,0.11788658052682877,NON_FRB,NON_FRB,1,max
sample_001356,NON_FRB,RFI,0,0.1,0.9150567650794983,NON_FRB,FRB,2,max
sample_001357,NON_FRB,RFI,0,0.1,0.08718855679035187,NON_FRB,NON_FRB,1,max
sample_001358,NON_FRB,RFI,0,0.15,0.14522287249565125,NON_FRB,NON_FRB,1,max
sample_001359,NON_FRB,RFI,0,0.15,0.08781291544437408,NON_FRB,NON_FRB,1,max
sample_001360,NON_FRB,RFI,0,0.05,0.11934700608253479,NON_FRB,NON_FRB,1,max
sample_001361,NON_FRB,RFI,0,0.15,0.06347189098596573,NON_FRB,NON_FRB,1,max
sample_001362,NON_FRB,RFI,0,0.1,0.9712162017822266,NON_FRB,FRB,2,max
sample_001363,NON_FRB,RFI,0,0.15,0.22502873837947845,NON_FRB,NON_FRB,1,max
sample_001364,NON_FRB,RFI,0,0.85,0.765191376209259,FRB,FRB,2,max
sample_001365,NON_FRB,RFI,0,0.05,0.7029899954795837,NON_FRB,FRB,24,max
sample_001366,NON_FRB,RFI,0,0.1,0.039110392332077026,NON_FRB,NON_FRB,1,max
sample_001367,NON_FRB,RFI,0,0.9,0.9358640313148499,FRB,FRB,11,max
sample_001368,NON_FRB,RFI,0,0.05,0.04052254557609558,NON_FRB,NON_FRB,1,max
sample_001369,NON_FRB,RFI,0,0.15,0.052387457340955734,NON_FRB,NON_FRB,1,max
sample_001370,NON_FRB,RFI,0,0.85,0.6408950686454773,FRB,FRB,2,max
sample_001371,NON_FRB,RFI,0,0.15,0.5271061062812805,NON_FRB,FRB,1,max
sample_001372,NON_FRB,RFI,0,0.05,0.7683699131011963,NON_FRB,FRB,2,max
sample_001373,NON_FRB,RFI,0,0.15,0.0704510360956192,NON_FRB,NON_FRB,1,max
sample_001374,NON_FRB,RFI,0,0.1,0.9934866428375244,NON_FRB,FRB,2,max
sample_001375,NON_FRB,RFI,0,0.1,0.21917754411697388,NON_FRB,NON_FRB,1,max
sample_001376,NON_FRB,RFI,0,0.1,0.9330780506134033,NON_FRB,FRB,2,max
sample_001377,NON_FRB,RFI,0,0.1,0.19358626008033752,NON_FRB,NON_FRB,1,max
sample_001378,NON_FRB,RFI,0,0.15,0.03722141310572624,NON_FRB,NON_FRB,1,max
sample_001379,NON_FRB,RFI,0,0.15,0.026401210576295853,NON_FRB,NON_FRB,1,max
sample_001380,NON_FRB,RFI,0,0.15,0.0657721534371376,NON_FRB,NON_FRB,1,max
sample_001381,NON_FRB,RFI,0,0.15,0.1535692811012268,NON_FRB,NON_FRB,1,max
sample_001382,NON_FRB,RFI,0,0.05,0.22517025470733643,NON_FRB,NON_FRB,1,max
sample_001383,NON_FRB,RFI,0,0.15,0.15708327293395996,NON_FRB,NON_FRB,1,max
sample_001384,NON_FRB,RFI,0,0.05,0.1538778841495514,NON_FRB,NON_FRB,1,max
sample_001385,NON_FRB,RFI,0,0.15,0.15415062010288239,NON_FRB,NON_FRB,1,max
sample_001386,NON_FRB,RFI,0,0.15,0.29169023036956787,NON_FRB,NON_FRB,1,max
sample_001387,NON_FRB,RFI,0,0.15,0.03411131352186203,NON_FRB,NON_FRB,1,max
sample_001388,NON_FRB,RFI,0,0.05,0.32266876101493835,NON_FRB,NON_FRB,1,max
sample_001389,NON_FRB,RFI,0,0.1,0.023853644728660583,NON_FRB,NON_FRB,1,max
sample_001390,NON_FRB,RFI,0,0.15,0.15052783489227295,NON_FRB,NON_FRB,1,max
sample_001391,NON_FRB,RFI,0,0.1,0.5331901907920837,NON_FRB,FRB,1,max
sample_001392,NON_FRB,RFI,0,0.15,0.7587643265724182,NON_FRB,FRB,13,max
sample_001393,NON_FRB,RFI,0,0.1,0.4669990539550781,NON_FRB,NON_FRB,1,max
sample_001394,NON_FRB,RFI,0,0.15,0.03813951089978218,NON_FRB,NON_FRB,1,max
sample_001395,NON_FRB,RFI,0,0.15,0.6491388082504272,NON_FRB,FRB,1,max
sample_001396,NON_FRB,RFI,0,0.15,0.15969602763652802,NON_FRB,NON_FRB,1,max
sample_001397,NON_FRB,RFI,0,0.1,0.8048447370529175,NON_FRB,FRB,2,max
sample_001398,NON_FRB,RFI,0,0.1,0.7489380836486816,NON_FRB,FRB,2,max
sample_001399,NON_FRB,RFI,0,0.05,0.03736681491136551,NON_FRB,NON_FRB,1,max
sample_001400,NON_FRB,RFI,0,0.05,0.23444464802742004,NON_FRB,NON_FRB,1,max
sample_001401,NON_FRB,RFI,0,0.05,0.11583300679922104,NON_FRB,NON_FRB,1,max
sample_001402,NON_FRB,RFI,0,0.05,0.20187810063362122,NON_FRB,NON_FRB,1,max
sample_001403,NON_FRB,RFI,0,0.05,0.1139385774731636,NON_FRB,NON_FRB,1,max
sample_001404,NON_FRB,RFI,0,0.1,0.03938576206564903,NON_FRB,NON_FRB,1,max
sample_001405,NON_FRB,RFI,0,0.1,0.7804989814758301,NON_FRB,FRB,4,max
sample_001406,NON_FRB,RFI,0,0.05,0.07051689177751541,NON_FRB,NON_FRB,1,max
sample_001407,NON_FRB,RFI,0,0.15,0.1530105173587799,NON_FRB,NON_FRB,1,max
sample_001408,NON_FRB,RFI,0,0.9,0.9994533658027649,FRB,FRB,10,max
sample_001409,NON_FRB,RFI,0,0.15,0.018125006929039955,NON_FRB,NON_FRB,1,max
sample_001410,NON_FRB,RFI,0,0.15,0.33982130885124207,NON_FRB,NON_FRB,1,max
sample_001411,NON_FRB,RFI,0,0.15,0.10402333736419678,NON_FRB,NON_FRB,1,max
sample_001412,NON_FRB,RFI,0,0.1,0.1627856194972992,NON_FRB,NON_FRB,1,max
sample_001413,NON_FRB,RFI,0,0.1,0.2512860596179962,NON_FRB,NON_FRB,1,max
sample_001414,NON_FRB,RFI,0,0.1,0.1048680916428566,NON_FRB,NON_FRB,1,max
sample_001415,NON_FRB,RFI,0,0.15,0.6524167656898499,NON_FRB,FRB,1,max
sample_001416,NON_FRB,RFI,0,0.05,0.12828819453716278,NON_FRB,NON_FRB,1,max
sample_001417,NON_FRB,RFI,0,0.15,0.02642754465341568,NON_FRB,NON_FRB,1,max
sample_001418,NON_FRB,RFI,0,0.1,0.32121461629867554,NON_FRB,NON_FRB,1,max
sample_001419,NON_FRB,RFI,0,0.1,0.045726876705884933,NON_FRB,NON_FRB,1,max
sample_001420,NON_FRB,RFI,0,0.15,0.19264192879199982,NON_FRB,NON_FRB,1,max
sample_001421,NON_FRB,RFI,0,0.1,0.7491257786750793,NON_FRB,FRB,2,max
sample_001422,NON_FRB,RFI,0,0.1,0.3934290111064911,NON_FRB,NON_FRB,1,max
sample_001423,NON_FRB,RFI,0,0.15,0.3736342191696167,NON_FRB,NON_FRB,1,max
sample_001424,NON_FRB,RFI,0,0.15,0.0325641892850399,NON_FRB,NON_FRB,1,max
sample_001425,NON_FRB,RFI,0,0.1,0.11674202233552933,NON_FRB,NON_FRB,1,max
sample_001426,NON_FRB,RFI,0,0.85,0.6377262473106384,FRB,FRB,2,max
sample_001427,NON_FRB,RFI,0,0.1,0.4345904290676117,NON_FRB,NON_FRB,1,max
sample_001428,NON_FRB,RFI,0,0.9,0.8334237933158875,FRB,FRB,2,max
sample_001429,NON_FRB,RFI,0,0.15,0.24835506081581116,NON_FRB,NON_FRB,1,max
sample_001430,NON_FRB,RFI,0,0.15,0.25244757533073425,NON_FRB,NON_FRB,1,max
sample_001431,NON_FRB,RFI,0,0.1,0.14703044295310974,NON_FRB,NON_FRB,1,max
sample_001432,NON_FRB,RFI,0,0.15,0.9941083192825317,NON_FRB,FRB,2,max
sample_001433,NON_FRB,RFI,0,0.05,0.26694145798683167,NON_FRB,NON_FRB,1,max
sample_001434,NON_FRB,RFI,0,0.15,0.07244125753641129,NON_FRB,NON_FRB,1,max
sample_001435,NON_FRB,RFI,0,0.15,0.01830863766372204,NON_FRB,NON_FRB,1,max
sample_001436,NON_FRB,RFI,0,0.15,0.16971933841705322,NON_FRB,NON_FRB,1,max
sample_001437,NON_FRB,RFI,0,0.15,0.08485151827335358,NON_FRB,NON_FRB,1,max
sample_001438,NON_FRB,RFI,0,0.1,0.9346237778663635,NON_FRB,FRB,3,max
sample_001439,NON_FRB,RFI,0,0.15,0.12849242985248566,NON_FRB,NON_FRB,1,max
sample_001440,NON_FRB,RFI,0,0.15,0.07875774800777435,NON_FRB,NON_FRB,1,max
sample_001441,NON_FRB,RFI,0,0.15,0.09790860116481781,NON_FRB,NON_FRB,1,max
sample_001442,NON_FRB,RFI,0,0.15,0.03217815235257149,NON_FRB,NON_FRB,1,max
sample_001443,NON_FRB,RFI,0,0.05,0.08332690596580505,NON_FRB,NON_FRB,1,max
sample_001444,NON_FRB,RFI,0,0.15,0.07178404182195663,NON_FRB,NON_FRB,1,max
sample_001445,NON_FRB,RFI,0,0.85,0.9245065450668335,FRB,FRB,3,max
sample_001446,NON_FRB,RFI,0,0.1,0.21692214906215668,NON_FRB,NON_FRB,1,max
sample_001447,NON_FRB,RFI,0,0.15,0.10060949623584747,NON_FRB,NON_FRB,1,max
sample_001448,NON_FRB,RFI,0,0.1,0.18083474040031433,NON_FRB,NON_FRB,1,max
sample_001449,NON_FRB,RFI,0,0.05,0.03519684821367264,NON_FRB,NON_FRB,1,max
sample_001450,NON_FRB,RFI,0,0.15,0.8193773031234741,NON_FRB,FRB,1,max
sample_001451,NON_FRB,RFI,0,0.1,0.619591474533081,NON_FRB,FRB,1,max
sample_001452,NON_FRB,RFI,0,0.1,0.6790413856506348,NON_FRB,FRB,2,max
sample_001453,NON_FRB,RFI,0,0.05,0.15987233817577362,NON_FRB,NON_FRB,1,max
sample_001454,NON_FRB,RFI,0,0.05,0.18515504896640778,NON_FRB,NON_FRB,1,max
sample_001455,NON_FRB,RFI,0,0.15,0.04149048402905464,NON_FRB,NON_FRB,1,max
sample_001456,NON_FRB,RFI,0,0.15,0.10004088282585144,NON_FRB,NON_FRB,1,max
sample_001457,NON_FRB,RFI,0,0.15,0.03871187940239906,NON_FRB,NON_FRB,1,max
sample_001458,NON_FRB,RFI,0,0.05,0.17868442833423615,NON_FRB,NON_FRB,1,max
sample_001459,NON_FRB,RFI,0,0.15,0.045784711837768555,NON_FRB,NON_FRB,1,max
sample_001460,NON_FRB,RFI,0,0.15,0.02997625805437565,NON_FRB,NON_FRB,1,max
sample_001461,NON_FRB,RFI,0,0.05,0.051361147314310074,NON_FRB,NON_FRB,1,max
sample_001462,NON_FRB,RFI,0,0.1,0.08922863751649857,NON_FRB,NON_FRB,1,max
sample_001463,NON_FRB,RFI,0,0.1,0.09731149673461914,NON_FRB,NON_FRB,1,max
sample_001464,NON_FRB,RFI,0,0.15,0.03172963857650757,NON_FRB,NON_FRB,1,max
sample_001465,NON_FRB,RFI,0,0.05,0.9540250897407532,NON_FRB,FRB,2,max
sample_001466,NON_FRB,RFI,0,0.15,0.07521141320466995,NON_FRB,NON_FRB,1,max
sample_001467,NON_FRB,RFI,0,0.15,0.7786917090415955,NON_FRB,FRB,2,max
sample_001468,NON_FRB,RFI,0,0.15,0.06499660015106201,NON_FRB,NON_FRB,1,max
sample_001469,NON_FRB,RFI,0,0.05,0.03213508427143097,NON_FRB,NON_FRB,1,max
sample_001470,NON_FRB,RFI,0,0.15,0.07940711826086044,NON_FRB,NON_FRB,1,max
sample_001471,NON_FRB,RFI,0,0.1,0.027945445850491524,NON_FRB,NON_FRB,1,max
sample_001472,NON_FRB,RFI,0,0.15,0.13019904494285583,NON_FRB,NON_FRB,1,max
sample_001473,NON_FRB,RFI,0,0.1,0.07818683236837387,NON_FRB,NON_FRB,1,max
sample_001474,NON_FRB,RFI,0,0.15,0.03664075955748558,NON_FRB,NON_FRB,1,max
sample_001475,NON_FRB,RFI,0,0.15,0.09345555305480957,NON_FRB,NON_FRB,1,max
sample_001476,NON_FRB,RFI,0,0.1,0.7020568251609802,NON_FRB,FRB,2,max
sample_001477,NON_FRB,RFI,0,0.1,0.2775411009788513,NON_FRB,NON_FRB,1,max
sample_001478,NON_FRB,RFI,0,0.1,0.05177152529358864,NON_FRB,NON_FRB,1,max
sample_001479,NON_FRB,RFI,0,0.1,0.7285234928131104,NON_FRB,FRB,1,max
sample_001480,NON_FRB,RFI,0,0.15,0.040297817438840866,NON_FRB,NON_FRB,1,max
sample_001481,NON_FRB,RFI,0,0.05,0.1521802395582199,NON_FRB,NON_FRB,1,max
sample_001482,NON_FRB,RFI,0,0.15,0.04798535630106926,NON_FRB,NON_FRB,1,max
sample_001483,NON_FRB,RFI,0,0.15,0.0878041535615921,NON_FRB,NON_FRB,1,max
sample_001484,NON_FRB,RFI,0,0.15,0.11711637675762177,NON_FRB,NON_FRB,1,max
sample_001485,NON_FRB,RFI,0,0.1,0.5037127137184143,NON_FRB,FRB,1,max
sample_001486,NON_FRB,RFI,0,0.1,0.11038777232170105,NON_FRB,NON_FRB,1,max
sample_001487,NON_FRB,RFI,0,0.1,0.11758339405059814,NON_FRB,NON_FRB,1,max
sample_001488,NON_FRB,RFI,0,0.05,0.18230119347572327,NON_FRB,NON_FRB,1,max
sample_001489,NON_FRB,RFI,0,0.1,0.6147748231887817,NON_FRB,FRB,2,max
sample_001490,NON_FRB,RFI,0,0.15,0.3012296259403229,NON_FRB,NON_FRB,1,max
sample_001491,NON_FRB,RFI,0,0.1,0.03561399132013321,NON_FRB,NON_FRB,1,max
sample_001492,NON_FRB,RFI,0,0.15,0.045166585594415665,NON_FRB,NON_FRB,1,max
sample_001493,NON_FRB,RFI,0,0.1,0.17529353499412537,NON_FRB,NON_FRB,1,max
sample_001494,NON_FRB,RFI,0,0.15,0.0816255658864975,NON_FRB,NON_FRB,1,max
sample_001495,NON_FRB,RFI,0,0.1,0.792233943939209,NON_FRB,FRB,2,max
sample_001496,NON_FRB,RFI,0,0.15,0.09977022558450699,NON_FRB,NON_FRB,1,max
sample_001497,NON_FRB,RFI,0,0.15,0.33336496353149414,NON_FRB,NON_FRB,1,max
sample_001498,NON_FRB,RFI,0,0.15,0.3761441111564636,NON_FRB,NON_FRB,1,max
sample_001499,NON_FRB,RFI,0,0.1,0.22311346232891083,NON_FRB,NON_FRB,1,max
sample_001500,NON_FRB,NOISE,0,0.15,0.0240327101200819,NON_FRB,NON_FRB,1,max
sample_001501,NON_FRB,NOISE,0,0.1,0.2346496284008026,NON_FRB,NON_FRB,1,max
sample_001502,NON_FRB,NOISE,0,0.15,0.48642224073410034,NON_FRB,NON_FRB,1,max
sample_001503,NON_FRB,NOISE,0,0.15,0.05718069151043892,NON_FRB,NON_FRB,1,max
sample_001504,NON_FRB,NOISE,0,0.15,0.27413296699523926,NON_FRB,NON_FRB,1,max
sample_001505,NON_FRB,NOISE,0,0.15,0.09122464805841446,NON_FRB,NON_FRB,1,max
sample_001506,NON_FRB,NOISE,0,0.15,0.04023995250463486,NON_FRB,NON_FRB,1,max
sample_001507,NON_FRB,NOISE,0,0.15,0.0894320011138916,NON_FRB,NON_FRB,1,max
sample_001508,NON_FRB,NOISE,0,0.1,0.06600358337163925,NON_FRB,NON_FRB,1,max
sample_001509,NON_FRB,NOISE,0,0.1,0.04128905013203621,NON_FRB,NON_FRB,1,max
sample_001510,NON_FRB,NOISE,0,0.15,0.15183836221694946,NON_FRB,NON_FRB,1,max
sample_001511,NON_FRB,NOISE,0,0.15,0.06128248572349548,NON_FRB,NON_FRB,1,max
sample_001512,NON_FRB,NOISE,0,0.15,0.04497184976935387,NON_FRB,NON_FRB,1,max
sample_001513,NON_FRB,NOISE,0,0.15,0.07142806798219681,NON_FRB,NON_FRB,1,max
sample_001514,NON_FRB,NOISE,0,0.1,0.02540305256843567,NON_FRB,NON_FRB,1,max
sample_001515,NON_FRB,NOISE,0,0.15,0.10982232540845871,NON_FRB,NON_FRB,1,max
sample_001516,NON_FRB,NOISE,0,0.1,0.17902587354183197,NON_FRB,NON_FRB,1,max
sample_001517,NON_FRB,NOISE,0,0.15,0.054542627185583115,NON_FRB,NON_FRB,1,max
sample_001518,NON_FRB,NOISE,0,0.15,0.08735469728708267,NON_FRB,NON_FRB,1,max
sample_001519,NON_FRB,NOISE,0,0.15,0.7774363160133362,NON_FRB,FRB,2,max
sample_001520,NON_FRB,NOISE,0,0.1,0.04540746659040451,NON_FRB,NON_FRB,1,max
sample_001521,NON_FRB,NOISE,0,0.15,0.723203182220459,NON_FRB,FRB,1,max
sample_001522,NON_FRB,NOISE,0,0.15,0.09205744415521622,NON_FRB,NON_FRB,1,max
sample_001523,NON_FRB,NOISE,0,0.15,0.0791582390666008,NON_FRB,NON_FRB,1,max
sample_001524,NON_FRB,NOISE,0,0.15,0.07385098934173584,NON_FRB,NON_FRB,1,max
sample_001525,NON_FRB,NOISE,0,0.15,0.025044528767466545,NON_FRB,NON_FRB,1,max
sample_001526,NON_FRB,NOISE,0,0.15,0.041681673377752304,NON_FRB,NON_FRB,1,max
sample_001527,NON_FRB,NOISE,0,0.15,0.2616109251976013,NON_FRB,NON_FRB,1,max
sample_001528,NON_FRB,NOISE,0,0.15,0.07832475751638412,NON_FRB,NON_FRB,1,max
sample_001529,NON_FRB,NOISE,0,0.1,0.21309703588485718,NON_FRB,NON_FRB,1,max
sample_001530,NON_FRB,NOISE,0,0.15,0.037059467285871506,NON_FRB,NON_FRB,1,max
sample_001531,NON_FRB,NOISE,0,0.15,0.15023685991764069,NON_FRB,NON_FRB,1,max
sample_001532,NON_FRB,NOISE,0,0.15,0.02557535469532013,NON_FRB,NON_FRB,1,max
sample_001533,NON_FRB,NOISE,0,0.15,0.04277396202087402,NON_FRB,NON_FRB,1,max
sample_001534,NON_FRB,NOISE,0,0.15,0.09940270334482193,NON_FRB,NON_FRB,1,max
sample_001535,NON_FRB,NOISE,0,0.15,0.03578716889023781,NON_FRB,NON_FRB,1,max
sample_001536,NON_FRB,NOISE,0,0.15,0.10901585221290588,NON_FRB,NON_FRB,1,max
sample_001537,NON_FRB,NOISE,0,0.15,0.03546600043773651,NON_FRB,NON_FRB,1,max
sample_001538,NON_FRB,NOISE,0,0.1,0.08636254072189331,NON_FRB,NON_FRB,1,max
sample_001539,NON_FRB,NOISE,0,0.15,0.023530934005975723,NON_FRB,NON_FRB,1,max
sample_001540,NON_FRB,NOISE,0,0.15,0.04757704585790634,NON_FRB,NON_FRB,1,max
sample_001541,NON_FRB,NOISE,0,0.15,0.06922946870326996,NON_FRB,NON_FRB,1,max
sample_001542,NON_FRB,NOISE,0,0.15,0.05191092938184738,NON_FRB,NON_FRB,1,max
sample_001543,NON_FRB,NOISE,0,0.15,0.07454539090394974,NON_FRB,NON_FRB,1,max
sample_001544,NON_FRB,NOISE,0,0.15,0.037377458065748215,NON_FRB,NON_FRB,1,max
sample_001545,NON_FRB,NOISE,0,0.15,0.025324203073978424,NON_FRB,NON_FRB,1,max
sample_001546,NON_FRB,NOISE,0,0.15,0.06595510989427567,NON_FRB,NON_FRB,1,max
sample_001547,NON_FRB,NOISE,0,0.15,0.19572950899600983,NON_FRB,NON_FRB,1,max
sample_001548,NON_FRB,NOISE,0,0.15,0.6471415758132935,NON_FRB,FRB,1,max
sample_001549,NON_FRB,NOISE,0,0.1,0.06694227457046509,NON_FRB,NON_FRB,1,max
sample_001550,NON_FRB,NOISE,0,0.15,0.054451487958431244,NON_FRB,NON_FRB,1,max
sample_001551,NON_FRB,NOISE,0,0.15,0.17736142873764038,NON_FRB,NON_FRB,1,max
sample_001552,NON_FRB,NOISE,0,0.15,0.1907244324684143,NON_FRB,NON_FRB,1,max
sample_001553,NON_FRB,NOISE,0,0.15,0.3247598707675934,NON_FRB,NON_FRB,1,max
sample_001554,NON_FRB,NOISE,0,0.1,0.025787977501749992,NON_FRB,NON_FRB,1,max
sample_001555,NON_FRB,NOISE,0,0.15,0.050531040877103806,NON_FRB,NON_FRB,1,max
sample_001556,NON_FRB,NOISE,0,0.15,0.01887863129377365,NON_FRB,NON_FRB,1,max
sample_001557,NON_FRB,NOISE,0,0.15,0.0360485315322876,NON_FRB,NON_FRB,1,max
sample_001558,NON_FRB,NOISE,0,0.15,0.08643224835395813,NON_FRB,NON_FRB,1,max
sample_001559,NON_FRB,NOISE,0,0.15,0.030324244871735573,NON_FRB,NON_FRB,1,max
sample_001560,NON_FRB,NOISE,0,0.15,0.2282780259847641,NON_FRB,NON_FRB,1,max
sample_001561,NON_FRB,NOISE,0,0.15,0.08237966150045395,NON_FRB,NON_FRB,1,max
sample_001562,NON_FRB,NOISE,0,0.15,0.10213682800531387,NON_FRB,NON_FRB,1,max
sample_001563,NON_FRB,NOISE,0,0.15,0.0730399638414383,NON_FRB,NON_FRB,1,max
sample_001564,NON_FRB,NOISE,0,0.15,0.09975577145814896,NON_FRB,NON_FRB,1,max
sample_001565,NON_FRB,NOISE,0,0.15,0.03274969011545181,NON_FRB,NON_FRB,1,max
sample_001566,NON_FRB,NOISE,0,0.15,0.023709436878561974,NON_FRB,NON_FRB,1,max
sample_001567,NON_FRB,NOISE,0,0.1,0.045172955840826035,NON_FRB,NON_FRB,1,max
sample_001568,NON_FRB,NOISE,0,0.15,0.08960115909576416,NON_FRB,NON_FRB,1,max
sample_001569,NON_FRB,NOISE,0,0.1,0.05289802327752113,NON_FRB,NON_FRB,1,max
sample_001570,NON_FRB,NOISE,0,0.1,0.3270309865474701,NON_FRB,NON_FRB,1,max
sample_001571,NON_FRB,NOISE,0,0.15,0.03881140798330307,NON_FRB,NON_FRB,1,max
sample_001572,NON_FRB,NOISE,0,0.15,0.06854051351547241,NON_FRB,NON_FRB,1,max
sample_001573,NON_FRB,NOISE,0,0.1,0.0330757275223732,NON_FRB,NON_FRB,1,max
sample_001574,NON_FRB,NOISE,0,0.15,0.20717400312423706,NON_FRB,NON_FRB,1,max
sample_001575,NON_FRB,NOISE,0,0.15,0.17634809017181396,NON_FRB,NON_FRB,1,max
sample_001576,NON_FRB,NOISE,0,0.15,0.38256457448005676,NON_FRB,NON_FRB,1,max
sample_001577,NON_FRB,NOISE,0,0.15,0.05865180119872093,NON_FRB,NON_FRB,1,max
sample_001578,NON_FRB,NOISE,0,0.15,0.04119722545146942,NON_FRB,NON_FRB,1,max
sample_001579,NON_FRB,NOISE,0,0.1,0.0638241171836853,NON_FRB,NON_FRB,1,max
sample_001580,NON_FRB,NOISE,0,0.15,0.1658628284931183,NON_FRB,NON_FRB,1,max
sample_001581,NON_FRB,NOISE,0,0.1,0.1832592636346817,NON_FRB,NON_FRB,1,max
sample_001582,NON_FRB,NOISE,0,0.15,0.022466540336608887,NON_FRB,NON_FRB,1,max
sample_001583,NON_FRB,NOISE,0,0.15,0.1949358433485031,NON_FRB,NON_FRB,1,max
sample_001584,NON_FRB,NOISE,0,0.15,0.028592677786946297,NON_FRB,NON_FRB,1,max
sample_001585,NON_FRB,NOISE,0,0.15,0.07197484374046326,NON_FRB,NON_FRB,1,max
sample_001586,NON_FRB,NOISE,0,0.15,0.34393927454948425,NON_FRB,NON_FRB,1,max
sample_001587,NON_FRB,NOISE,0,0.15,0.052009064704179764,NON_FRB,NON_FRB,1,max
sample_001588,NON_FRB,NOISE,0,0.1,0.12772788107395172,NON_FRB,NON_FRB,1,max
sample_001589,NON_FRB,NOISE,0,0.15,0.31505581736564636,NON_FRB,NON_FRB,1,max
sample_001590,NON_FRB,NOISE,0,0.15,0.03196745738387108,NON_FRB,NON_FRB,1,max
sample_001591,NON_FRB,NOISE,0,0.15,0.017832612618803978,NON_FRB,NON_FRB,1,max
sample_001592,NON_FRB,NOISE,0,0.15,0.06387225538492203,NON_FRB,NON_FRB,1,max
sample_001593,NON_FRB,NOISE,0,0.15,0.8790561556816101,NON_FRB,FRB,2,max
sample_001594,NON_FRB,NOISE,0,0.15,0.051697973161935806,NON_FRB,NON_FRB,1,max
sample_001595,NON_FRB,NOISE,0,0.15,0.05631459876894951,NON_FRB,NON_FRB,1,max
sample_001596,NON_FRB,NOISE,0,0.1,0.0259987972676754,NON_FRB,NON_FRB,1,max
sample_001597,NON_FRB,NOISE,0,0.15,0.026567814871668816,NON_FRB,NON_FRB,1,max
sample_001598,NON_FRB,NOISE,0,0.15,0.02965800277888775,NON_FRB,NON_FRB,1,max
sample_001599,NON_FRB,NOISE,0,0.15,0.04930852726101875,NON_FRB,NON_FRB,1,max
sample_001600,NON_FRB,NOISE,0,0.15,0.07164738327264786,NON_FRB,NON_FRB,1,max
sample_001601,NON_FRB,NOISE,0,0.15,0.055452413856983185,NON_FRB,NON_FRB,1,max
sample_001602,NON_FRB,NOISE,0,0.1,0.021059364080429077,NON_FRB,NON_FRB,1,max
sample_001603,NON_FRB,NOISE,0,0.1,0.11421309411525726,NON_FRB,NON_FRB,1,max
sample_001604,NON_FRB,NOISE,0,0.15,0.03380115330219269,NON_FRB,NON_FRB,1,max
sample_001605,NON_FRB,NOISE,0,0.15,0.11624794453382492,NON_FRB,NON_FRB,1,max
sample_001606,NON_FRB,NOISE,0,0.15,0.0482027530670166,NON_FRB,NON_FRB,1,max
sample_001607,NON_FRB,NOISE,0,0.15,0.1241743415594101,NON_FRB,NON_FRB,1,max
sample_001608,NON_FRB,NOISE,0,0.15,0.041714198887348175,NON_FRB,NON_FRB,1,max
sample_001609,NON_FRB,NOISE,0,0.15,0.09614011645317078,NON_FRB,NON_FRB,1,max
sample_001610,NON_FRB,NOISE,0,0.15,0.43578189611434937,NON_FRB,NON_FRB,1,max
sample_001611,NON_FRB,NOISE,0,0.15,0.028670938685536385,NON_FRB,NON_FRB,1,max
sample_001612,NON_FRB,NOISE,0,0.15,0.1778043955564499,NON_FRB,NON_FRB,1,max
sample_001613,NON_FRB,NOISE,0,0.15,0.26417237520217896,NON_FRB,NON_FRB,1,max
sample_001614,NON_FRB,NOISE,0,0.15,0.07227372378110886,NON_FRB,NON_FRB,1,max
sample_001615,NON_FRB,NOISE,0,0.15,0.0981106236577034,NON_FRB,NON_FRB,1,max
sample_001616,NON_FRB,NOISE,0,0.15,0.039089690893888474,NON_FRB,NON_FRB,1,max
sample_001617,NON_FRB,NOISE,0,0.15,0.027004439383745193,NON_FRB,NON_FRB,1,max
sample_001618,NON_FRB,NOISE,0,0.1,0.08206972479820251,NON_FRB,NON_FRB,1,max
sample_001619,NON_FRB,NOISE,0,0.15,0.048201266676187515,NON_FRB,NON_FRB,1,max
sample_001620,NON_FRB,NOISE,0,0.15,0.06601709872484207,NON_FRB,NON_FRB,1,max
sample_001621,NON_FRB,NOISE,0,0.1,0.043747641146183014,NON_FRB,NON_FRB,1,max
sample_001622,NON_FRB,NOISE,0,0.15,0.01735977828502655,NON_FRB,NON_FRB,1,max
sample_001623,NON_FRB,NOISE,0,0.15,0.040482375770807266,NON_FRB,NON_FRB,1,max
sample_001624,NON_FRB,NOISE,0,0.1,0.09663326293230057,NON_FRB,NON_FRB,1,max
sample_001625,NON_FRB,NOISE,0,0.1,0.03819652646780014,NON_FRB,NON_FRB,1,max
sample_001626,NON_FRB,NOISE,0,0.15,0.07550360262393951,NON_FRB,NON_FRB,1,max
sample_001627,NON_FRB,NOISE,0,0.15,0.06683187186717987,NON_FRB,NON_FRB,1,max
sample_001628,NON_FRB,NOISE,0,0.15,0.06211383268237114,NON_FRB,NON_FRB,1,max
sample_001629,NON_FRB,NOISE,0,0.15,0.16331303119659424,NON_FRB,NON_FRB,1,max
sample_001630,NON_FRB,NOISE,0,0.15,0.05089842155575752,NON_FRB,NON_FRB,1,max
sample_001631,NON_FRB,NOISE,0,0.15,0.0319947749376297,NON_FRB,NON_FRB,1,max
sample_001632,NON_FRB,NOISE,0,0.15,0.882753312587738,NON_FRB,FRB,1,max
sample_001633,NON_FRB,NOISE,0,0.15,0.04683231562376022,NON_FRB,NON_FRB,1,max
sample_001634,NON_FRB,NOISE,0,0.15,0.0362246036529541,NON_FRB,NON_FRB,1,max
sample_001635,NON_FRB,NOISE,0,0.15,0.2934695780277252,NON_FRB,NON_FRB,1,max
sample_001636,NON_FRB,NOISE,0,0.1,0.16090483963489532,NON_FRB,NON_FRB,1,max
sample_001637,NON_FRB,NOISE,0,0.1,0.40126341581344604,NON_FRB,NON_FRB,1,max
sample_001638,NON_FRB,NOISE,0,0.1,0.06715351343154907,NON_FRB,NON_FRB,1,max
sample_001639,NON_FRB,NOISE,0,0.1,0.03187556564807892,NON_FRB,NON_FRB,1,max
sample_001640,NON_FRB,NOISE,0,0.15,0.08570951968431473,NON_FRB,NON_FRB,1,max
sample_001641,NON_FRB,NOISE,0,0.15,0.0309146661311388,NON_FRB,NON_FRB,1,max
sample_001642,NON_FRB,NOISE,0,0.15,0.046520620584487915,NON_FRB,NON_FRB,1,max
sample_001643,NON_FRB,NOISE,0,0.15,0.033191099762916565,NON_FRB,NON_FRB,1,max
sample_001644,NON_FRB,NOISE,0,0.15,0.7419853210449219,NON_FRB,FRB,1,max
sample_001645,NON_FRB,NOISE,0,0.15,0.04979582875967026,NON_FRB,NON_FRB,1,max
sample_001646,NON_FRB,NOISE,0,0.15,0.032930128276348114,NON_FRB,NON_FRB,1,max
sample_001647,NON_FRB,NOISE,0,0.1,0.1908622533082962,NON_FRB,NON_FRB,1,max
sample_001648,NON_FRB,NOISE,0,0.15,0.06940149515867233,NON_FRB,NON_FRB,1,max
sample_001649,NON_FRB,NOISE,0,0.15,0.07143939286470413,NON_FRB,NON_FRB,1,max
sample_001650,NON_FRB,NOISE,0,0.15,0.0850449949502945,NON_FRB,NON_FRB,1,max
sample_001651,NON_FRB,NOISE,0,0.15,0.8364742398262024,NON_FRB,FRB,1,max
sample_001652,NON_FRB,NOISE,0,0.15,0.03744275122880936,NON_FRB,NON_FRB,1,max
sample_001653,NON_FRB,NOISE,0,0.15,0.02854696847498417,NON_FRB,NON_FRB,1,max
sample_001654,NON_FRB,NOISE,0,0.15,0.023823965340852737,NON_FRB,NON_FRB,1,max
sample_001655,NON_FRB,NOISE,0,0.1,0.08021767437458038,NON_FRB,NON_FRB,1,max
sample_001656,NON_FRB,NOISE,0,0.15,0.4376227855682373,NON_FRB,NON_FRB,1,max
sample_001657,NON_FRB,NOISE,0,0.15,0.3480887711048126,NON_FRB,NON_FRB,1,max
sample_001658,NON_FRB,NOISE,0,0.15,0.6719132661819458,NON_FRB,FRB,1,max
sample_001659,NON_FRB,NOISE,0,0.15,0.05370067432522774,NON_FRB,NON_FRB,1,max
sample_001660,NON_FRB,NOISE,0,0.15,0.0446101613342762,NON_FRB,NON_FRB,1,max
sample_001661,NON_FRB,NOISE,0,0.15,0.04621192812919617,NON_FRB,NON_FRB,1,max
sample_001662,NON_FRB,NOISE,0,0.15,0.06177782639861107,NON_FRB,NON_FRB,1,max
sample_001663,NON_FRB,NOISE,0,0.15,0.3055616319179535,NON_FRB,NON_FRB,1,max
sample_001664,NON_FRB,NOISE,0,0.15,0.05192003771662712,NON_FRB,NON_FRB,1,max
sample_001665,NON_FRB,NOISE,0,0.15,0.023265426978468895,NON_FRB,NON_FRB,1,max
sample_001666,NON_FRB,NOISE,0,0.15,0.029475003480911255,NON_FRB,NON_FRB,1,max
sample_001667,NON_FRB,NOISE,0,0.15,0.1614905595779419,NON_FRB,NON_FRB,1,max
sample_001668,NON_FRB,NOISE,0,0.15,0.05893712490797043,NON_FRB,NON_FRB,1,max
sample_001669,NON_FRB,NOISE,0,0.1,0.021783985197544098,NON_FRB,NON_FRB,1,max
sample_001670,NON_FRB,NOISE,0,0.15,0.011037415824830532,NON_FRB,NON_FRB,1,max
sample_001671,NON_FRB,NOISE,0,0.15,0.1371881663799286,NON_FRB,NON_FRB,1,max
sample_001672,NON_FRB,NOISE,0,0.15,0.07587719708681107,NON_FRB,NON_FRB,1,max
sample_001673,NON_FRB,NOISE,0,0.1,0.1034371629357338,NON_FRB,NON_FRB,1,max
sample_001674,NON_FRB,NOISE,0,0.15,0.977867841720581,NON_FRB,FRB,1,max
sample_001675,NON_FRB,NOISE,0,0.15,0.037014469504356384,NON_FRB,NON_FRB,1,max
sample_001676,NON_FRB,NOISE,0,0.15,0.2360607534646988,NON_FRB,NON_FRB,1,max
sample_001677,NON_FRB,NOISE,0,0.15,0.06674032658338547,NON_FRB,NON_FRB,1,max
sample_001678,NON_FRB,NOISE,0,0.15,0.17635910212993622,NON_FRB,NON_FRB,1,max
sample_001679,NON_FRB,NOISE,0,0.15,0.05586142838001251,NON_FRB,NON_FRB,1,max
sample_001680,NON_FRB,NOISE,0,0.15,0.09265848249197006,NON_FRB,NON_FRB,1,max
sample_001681,NON_FRB,NOISE,0,0.15,0.07769414782524109,NON_FRB,NON_FRB,1,max
sample_001682,NON_FRB,NOISE,0,0.15,0.0613887682557106,NON_FRB,NON_FRB,1,max
sample_001683,NON_FRB,NOISE,0,0.15,0.3070448338985443,NON_FRB,NON_FRB,1,max
sample_001684,NON_FRB,NOISE,0,0.15,0.04108217731118202,NON_FRB,NON_FRB,1,max
sample_001685,NON_FRB,NOISE,0,0.15,0.11378490179777145,NON_FRB,NON_FRB,1,max
sample_001686,NON_FRB,NOISE,0,0.15,0.02997044287621975,NON_FRB,NON_FRB,1,max
sample_001687,NON_FRB,NOISE,0,0.15,0.08799250423908234,NON_FRB,NON_FRB,1,max
sample_001688,NON_FRB,NOISE,0,0.15,0.07770463079214096,NON_FRB,NON_FRB,1,max
sample_001689,NON_FRB,NOISE,0,0.15,0.0647650808095932,NON_FRB,NON_FRB,1,max
sample_001690,NON_FRB,NOISE,0,0.15,0.05435279756784439,NON_FRB,NON_FRB,1,max
sample_001691,NON_FRB,NOISE,0,0.15,0.05280410870909691,NON_FRB,NON_FRB,1,max
sample_001692,NON_FRB,NOISE,0,0.15,0.0611865259706974,NON_FRB,NON_FRB,1,max
sample_001693,NON_FRB,NOISE,0,0.15,0.05727337673306465,NON_FRB,NON_FRB,1,max
sample_001694,NON_FRB,NOISE,0,0.15,0.02441808022558689,NON_FRB,NON_FRB,1,max
sample_001695,NON_FRB,NOISE,0,0.1,0.03726646676659584,NON_FRB,NON_FRB,1,max
sample_001696,NON_FRB,NOISE,0,0.15,0.03677646070718765,NON_FRB,NON_FRB,1,max
sample_001697,NON_FRB,NOISE,0,0.15,0.06901320070028305,NON_FRB,NON_FRB,1,max
sample_001698,NON_FRB,NOISE,0,0.15,0.06252072006464005,NON_FRB,NON_FRB,1,max
sample_001699,NON_FRB,NOISE,0,0.15,0.3603038191795349,NON_FRB,NON_FRB,1,max
sample_001700,NON_FRB,NOISE,0,0.15,0.07872290909290314,NON_FRB,NON_FRB,1,max
sample_001701,NON_FRB,NOISE,0,0.15,0.13275112211704254,NON_FRB,NON_FRB,1,max
sample_001702,NON_FRB,NOISE,0,0.15,0.019298629835247993,NON_FRB,NON_FRB,1,max
sample_001703,NON_FRB,NOISE,0,0.15,0.023948555812239647,NON_FRB,NON_FRB,1,max
sample_001704,NON_FRB,NOISE,0,0.1,0.0678664967417717,NON_FRB,NON_FRB,1,max
sample_001705,NON_FRB,NOISE,0,0.15,0.07004274427890778,NON_FRB,NON_FRB,1,max
sample_001706,NON_FRB,NOISE,0,0.15,0.09379498660564423,NON_FRB,NON_FRB,1,max
sample_001707,NON_FRB,NOISE,0,0.15,0.039996713399887085,NON_FRB,NON_FRB,1,max
sample_001708,NON_FRB,NOISE,0,0.15,0.06185996159911156,NON_FRB,NON_FRB,1,max
sample_001709,NON_FRB,NOISE,0,0.1,0.8653106689453125,NON_FRB,FRB,2,max
sample_001710,NON_FRB,NOISE,0,0.15,0.033408764749765396,NON_FRB,NON_FRB,1,max
sample_001711,NON_FRB,NOISE,0,0.15,0.042937442660331726,NON_FRB,NON_FRB,1,max
sample_001712,NON_FRB,NOISE,0,0.15,0.10836346447467804,NON_FRB,NON_FRB,1,max
sample_001713,NON_FRB,NOISE,0,0.1,0.06475373357534409,NON_FRB,NON_FRB,1,max
sample_001714,NON_FRB,NOISE,0,0.1,0.05814947187900543,NON_FRB,NON_FRB,1,max
sample_001715,NON_FRB,NOISE,0,0.15,0.045331940054893494,NON_FRB,NON_FRB,1,max
sample_001716,NON_FRB,NOISE,0,0.1,0.10839813947677612,NON_FRB,NON_FRB,1,max
sample_001717,NON_FRB,NOISE,0,0.15,0.09386928379535675,NON_FRB,NON_FRB,1,max
sample_001718,NON_FRB,NOISE,0,0.15,0.05557745695114136,NON_FRB,NON_FRB,1,max
sample_001719,NON_FRB,NOISE,0,0.15,0.09773489087820053,NON_FRB,NON_FRB,1,max
sample_001720,NON_FRB,NOISE,0,0.15,0.015749042853713036,NON_FRB,NON_FRB,1,max
sample_001721,NON_FRB,NOISE,0,0.1,0.043843917548656464,NON_FRB,NON_FRB,1,max
sample_001722,NON_FRB,NOISE,0,0.15,0.03226729482412338,NON_FRB,NON_FRB,1,max
sample_001723,NON_FRB,NOISE,0,0.15,0.03714444488286972,NON_FRB,NON_FRB,1,max
sample_001724,NON_FRB,NOISE,0,0.15,0.14165695011615753,NON_FRB,NON_FRB,1,max
sample_001725,NON_FRB,NOISE,0,0.1,0.09223176538944244,NON_FRB,NON_FRB,1,max
sample_001726,NON_FRB,NOISE,0,0.15,0.05538725480437279,NON_FRB,NON_FRB,1,max
sample_001727,NON_FRB,NOISE,0,0.1,0.16772659122943878,NON_FRB,NON_FRB,1,max
sample_001728,NON_FRB,NOISE,0,0.1,0.0801924467086792,NON_FRB,NON_FRB,1,max
sample_001729,NON_FRB,NOISE,0,0.15,0.040440209209918976,NON_FRB,NON_FRB,1,max
sample_001730,NON_FRB,NOISE,0,0.15,0.07367660850286484,NON_FRB,NON_FRB,1,max
sample_001731,NON_FRB,NOISE,0,0.15,0.08733005076646805,NON_FRB,NON_FRB,1,max
sample_001732,NON_FRB,NOISE,0,0.15,0.07101865857839584,NON_FRB,NON_FRB,1,max
sample_001733,NON_FRB,NOISE,0,0.15,0.020901154726743698,NON_FRB,NON_FRB,1,max
sample_001734,NON_FRB,NOISE,0,0.15,0.028799446299672127,NON_FRB,NON_FRB,1,max
sample_001735,NON_FRB,NOISE,0,0.15,0.03310086950659752,NON_FRB,NON_FRB,1,max
sample_001736,NON_FRB,NOISE,0,0.15,0.036788925528526306,NON_FRB,NON_FRB,1,max
sample_001737,NON_FRB,NOISE,0,0.15,0.03991413488984108,NON_FRB,NON_FRB,1,max
sample_001738,NON_FRB,NOISE,0,0.15,0.06908758729696274,NON_FRB,NON_FRB,1,max
sample_001739,NON_FRB,NOISE,0,0.15,0.20709969103336334,NON_FRB,NON_FRB,1,max
sample_001740,NON_FRB,NOISE,0,0.1,0.0724029615521431,NON_FRB,NON_FRB,1,max
sample_001741,NON_FRB,NOISE,0,0.15,0.037411294877529144,NON_FRB,NON_FRB,1,max
sample_001742,NON_FRB,NOISE,0,0.15,0.09099998325109482,NON_FRB,NON_FRB,1,max
sample_001743,NON_FRB,NOISE,0,0.15,0.030319344252347946,NON_FRB,NON_FRB,1,max
sample_001744,NON_FRB,NOISE,0,0.15,0.39223358035087585,NON_FRB,NON_FRB,1,max
sample_001745,NON_FRB,NOISE,0,0.1,0.057417720556259155,NON_FRB,NON_FRB,1,max
sample_001746,NON_FRB,NOISE,0,0.15,0.012709436938166618,NON_FRB,NON_FRB,1,max
sample_001747,NON_FRB,NOISE,0,0.15,0.24502362310886383,NON_FRB,NON_FRB,1,max
sample_001748,NON_FRB,NOISE,0,0.15,0.05309898406267166,NON_FRB,NON_FRB,1,max
sample_001749,NON_FRB,NOISE,0,0.15,0.036707401275634766,NON_FRB,NON_FRB,1,max
sample_001750,NON_FRB,NOISE,0,0.15,0.06009473279118538,NON_FRB,NON_FRB,1,max
sample_001751,NON_FRB,NOISE,0,0.15,0.060785867273807526,NON_FRB,NON_FRB,1,max
sample_001752,NON_FRB,NOISE,0,0.15,0.15570421516895294,NON_FRB,NON_FRB,1,max
sample_001753,NON_FRB,NOISE,0,0.15,0.05333317816257477,NON_FRB,NON_FRB,1,max
sample_001754,NON_FRB,NOISE,0,0.1,0.09752753376960754,NON_FRB,NON_FRB,1,max
sample_001755,NON_FRB,NOISE,0,0.1,0.05307947099208832,NON_FRB,NON_FRB,1,max
sample_001756,NON_FRB,NOISE,0,0.15,0.05272373929619789,NON_FRB,NON_FRB,1,max
sample_001757,NON_FRB,NOISE,0,0.15,0.1681019812822342,NON_FRB,NON_FRB,1,max
sample_001758,NON_FRB,NOISE,0,0.15,0.29446491599082947,NON_FRB,NON_FRB,1,max
sample_001759,NON_FRB,NOISE,0,0.15,0.5708279013633728,NON_FRB,FRB,2,max
sample_001760,NON_FRB,NOISE,0,0.15,0.02562464028596878,NON_FRB,NON_FRB,1,max
sample_001761,NON_FRB,NOISE,0,0.15,0.06394543498754501,NON_FRB,NON_FRB,1,max
sample_001762,NON_FRB,NOISE,0,0.15,0.05051588639616966,NON_FRB,NON_FRB,1,max
sample_001763,NON_FRB,NOISE,0,0.15,0.07685010880231857,NON_FRB,NON_FRB,1,max
sample_001764,NON_FRB,NOISE,0,0.15,0.1400369256734848,NON_FRB,NON_FRB,1,max
sample_001765,NON_FRB,NOISE,0,0.15,0.06699815392494202,NON_FRB,NON_FRB,1,max
sample_001766,NON_FRB,NOISE,0,0.15,0.16782180964946747,NON_FRB,NON_FRB,1,max
sample_001767,NON_FRB,NOISE,0,0.15,0.0822523981332779,NON_FRB,NON_FRB,1,max
sample_001768,NON_FRB,NOISE,0,0.15,0.12691140174865723,NON_FRB,NON_FRB,1,max
sample_001769,NON_FRB,NOISE,0,0.15,0.04589850455522537,NON_FRB,NON_FRB,1,max
sample_001770,NON_FRB,NOISE,0,0.15,0.28615885972976685,NON_FRB,NON_FRB,1,max
sample_001771,NON_FRB,NOISE,0,0.1,0.029232904314994812,NON_FRB,NON_FRB,1,max
sample_001772,NON_FRB,NOISE,0,0.15,0.040189631283283234,NON_FRB,NON_FRB,1,max
sample_001773,NON_FRB,NOISE,0,0.15,0.13790783286094666,NON_FRB,NON_FRB,1,max
sample_001774,NON_FRB,NOISE,0,0.15,0.1176249235868454,NON_FRB,NON_FRB,1,max
sample_001775,NON_FRB,NOISE,0,0.15,0.025549231097102165,NON_FRB,NON_FRB,1,max
sample_001776,NON_FRB,NOISE,0,0.15,0.05579059198498726,NON_FRB,NON_FRB,1,max
sample_001777,NON_FRB,NOISE,0,0.15,0.08805646002292633,NON_FRB,NON_FRB,1,max
sample_001778,NON_FRB,NOISE,0,0.15,0.02481326088309288,NON_FRB,NON_FRB,1,max
sample_001779,NON_FRB,NOISE,0,0.1,0.15943752229213715,NON_FRB,NON_FRB,1,max
sample_001780,NON_FRB,NOISE,0,0.1,0.625320315361023,NON_FRB,FRB,2,max
sample_001781,NON_FRB,NOISE,0,0.15,0.05595483258366585,NON_FRB,NON_FRB,1,max
sample_001782,NON_FRB,NOISE,0,0.15,0.04384980723261833,NON_FRB,NON_FRB,1,max
sample_001783,NON_FRB,NOISE,0,0.15,0.05510498583316803,NON_FRB,NON_FRB,1,max
sample_001784,NON_FRB,NOISE,0,0.15,0.08854340761899948,NON_FRB,NON_FRB,1,max
sample_001785,NON_FRB,NOISE,0,0.15,0.04066943749785423,NON_FRB,NON_FRB,1,max
sample_001786,NON_FRB,NOISE,0,0.15,0.05409196764230728,NON_FRB,NON_FRB,1,max
sample_001787,NON_FRB,NOISE,0,0.15,0.02356557734310627,NON_FRB,NON_FRB,1,max
sample_001788,NON_FRB,NOISE,0,0.15,0.0504988357424736,NON_FRB,NON_FRB,1,max
sample_001789,NON_FRB,NOISE,0,0.15,0.031411062926054,NON_FRB,NON_FRB,1,max
sample_001790,NON_FRB,NOISE,0,0.15,0.04412178695201874,NON_FRB,NON_FRB,1,max
sample_001791,NON_FRB,NOISE,0,0.15,0.04401566460728645,NON_FRB,NON_FRB,1,max
sample_001792,NON_FRB,NOISE,0,0.15,0.1612745225429535,NON_FRB,NON_FRB,1,max
sample_001793,NON_FRB,NOISE,0,0.15,0.0441330261528492,NON_FRB,NON_FRB,1,max
sample_001794,NON_FRB,NOISE,0,0.15,0.035840559750795364,NON_FRB,NON_FRB,1,max
sample_001795,NON_FRB,NOISE,0,0.15,0.07653304189443588,NON_FRB,NON_FRB,1,max
sample_001796,NON_FRB,NOISE,0,0.15,0.07822254300117493,NON_FRB,NON_FRB,1,max
sample_001797,NON_FRB,NOISE,0,0.15,0.04093393683433533,NON_FRB,NON_FRB,1,max
sample_001798,NON_FRB,NOISE,0,0.15,0.06174413114786148,NON_FRB,NON_FRB,1,max
sample_001799,NON_FRB,NOISE,0,0.15,0.4655539095401764,NON_FRB,NON_FRB,1,max
sample_001800,NON_FRB,NOISE,0,0.1,0.08080388605594635,NON_FRB,NON_FRB,1,max
sample_001801,NON_FRB,NOISE,0,0.15,0.06624403595924377,NON_FRB,NON_FRB,1,max
sample_001802,NON_FRB,NOISE,0,0.15,0.11253797262907028,NON_FRB,NON_FRB,1,max
sample_001803,NON_FRB,NOISE,0,0.15,0.08638180792331696,NON_FRB,NON_FRB,1,max
sample_001804,NON_FRB,NOISE,0,0.15,0.06165287271142006,NON_FRB,NON_FRB,1,max
sample_001805,NON_FRB,NOISE,0,0.1,0.49251604080200195,NON_FRB,NON_FRB,1,max
sample_001806,NON_FRB,NOISE,0,0.15,0.025047605857253075,NON_FRB,NON_FRB,1,max
sample_001807,NON_FRB,NOISE,0,0.15,0.04688762500882149,NON_FRB,NON_FRB,1,max
sample_001808,NON_FRB,NOISE,0,0.15,0.06631240993738174,NON_FRB,NON_FRB,1,max
sample_001809,NON_FRB,NOISE,0,0.1,0.2256631851196289,NON_FRB,NON_FRB,1,max
sample_001810,NON_FRB,NOISE,0,0.15,0.038090769201517105,NON_FRB,NON_FRB,1,max
sample_001811,NON_FRB,NOISE,0,0.15,0.6196014285087585,NON_FRB,FRB,1,max
sample_001812,NON_FRB,NOISE,0,0.15,0.02383067086338997,NON_FRB,NON_FRB,1,max
sample_001813,NON_FRB,NOISE,0,0.15,0.17143326997756958,NON_FRB,NON_FRB,1,max
sample_001814,NON_FRB,NOISE,0,0.15,0.269045889377594,NON_FRB,NON_FRB,1,max
sample_001815,NON_FRB,NOISE,0,0.15,0.06861108541488647,NON_FRB,NON_FRB,1,max
sample_001816,NON_FRB,NOISE,0,0.15,0.024528667330741882,NON_FRB,NON_FRB,1,max
sample_001817,NON_FRB,NOISE,0,0.1,0.038730815052986145,NON_FRB,NON_FRB,1,max
sample_001818,NON_FRB,NOISE,0,0.15,0.157352015376091,NON_FRB,NON_FRB,1,max
sample_001819,NON_FRB,NOISE,0,0.15,0.14445771276950836,NON_FRB,NON_FRB,1,max
sample_001820,NON_FRB,NOISE,0,0.15,0.0233189407736063,NON_FRB,NON_FRB,1,max
sample_001821,NON_FRB,NOISE,0,0.1,0.05395836755633354,NON_FRB,NON_FRB,1,max
sample_001822,NON_FRB,NOISE,0,0.15,0.0913647711277008,NON_FRB,NON_FRB,1,max
sample_001823,NON_FRB,NOISE,0,0.15,0.038364868611097336,NON_FRB,NON_FRB,1,max
sample_001824,NON_FRB,NOISE,0,0.15,0.03821798786520958,NON_FRB,NON_FRB,1,max
sample_001825,NON_FRB,NOISE,0,0.1,0.04392492026090622,NON_FRB,NON_FRB,1,max
sample_001826,NON_FRB,NOISE,0,0.1,0.023446155712008476,NON_FRB,NON_FRB,1,max
sample_001827,NON_FRB,NOISE,0,0.15,0.07028159499168396,NON_FRB,NON_FRB,1,max
sample_001828,NON_FRB,NOISE,0,0.15,0.316588819026947,NON_FRB,NON_FRB,1,max
sample_001829,NON_FRB,NOISE,0,0.15,0.09768984466791153,NON_FRB,NON_FRB,1,max
sample_001830,NON_FRB,NOISE,0,0.1,0.018198387697339058,NON_FRB,NON_FRB,1,max
sample_001831,NON_FRB,NOISE,0,0.15,0.08890412002801895,NON_FRB,NON_FRB,1,max
sample_001832,NON_FRB,NOISE,0,0.15,0.08457759767770767,NON_FRB,NON_FRB,1,max
sample_001833,NON_FRB,NOISE,0,0.15,0.03180532529950142,NON_FRB,NON_FRB,1,max
sample_001834,NON_FRB,NOISE,0,0.1,0.09557481110095978,NON_FRB,NON_FRB,1,max
sample_001835,NON_FRB,NOISE,0,0.15,0.127534881234169,NON_FRB,NON_FRB,1,max
sample_001836,NON_FRB,NOISE,0,0.15,0.2190529853105545,NON_FRB,NON_FRB,1,max
sample_001837,NON_FRB,NOISE,0,0.15,0.2116801142692566,NON_FRB,NON_FRB,1,max
sample_001838,NON_FRB,NOISE,0,0.15,0.030796697363257408,NON_FRB,NON_FRB,1,max
sample_001839,NON_FRB,NOISE,0,0.15,0.46040230989456177,NON_FRB,NON_FRB,1,max
sample_001840,NON_FRB,NOISE,0,0.15,0.0589294508099556,NON_FRB,NON_FRB,1,max
sample_001841,NON_FRB,NOISE,0,0.15,0.09387616068124771,NON_FRB,NON_FRB,1,max
sample_001842,NON_FRB,NOISE,0,0.1,0.04320135712623596,NON_FRB,NON_FRB,1,max
sample_001843,NON_FRB,NOISE,0,0.15,0.025629116222262383,NON_FRB,NON_FRB,1,max
sample_001844,NON_FRB,NOISE,0,0.15,0.02587415836751461,NON_FRB,NON_FRB,1,max
sample_001845,NON_FRB,NOISE,0,0.15,0.05393211543560028,NON_FRB,NON_FRB,1,max
sample_001846,NON_FRB,NOISE,0,0.15,0.08968357741832733,NON_FRB,NON_FRB,1,max
sample_001847,NON_FRB,NOISE,0,0.15,0.027249788865447044,NON_FRB,NON_FRB,1,max
sample_001848,NON_FRB,NOISE,0,0.15,0.03340216353535652,NON_FRB,NON_FRB,1,max
sample_001849,NON_FRB,NOISE,0,0.1,0.09854880720376968,NON_FRB,NON_FRB,1,max
sample_001850,NON_FRB,NOISE,0,0.1,0.31720590591430664,NON_FRB,NON_FRB,1,max
sample_001851,NON_FRB,NOISE,0,0.15,0.03899761661887169,NON_FRB,NON_FRB,1,max
sample_001852,NON_FRB,NOISE,0,0.1,0.1541447937488556,NON_FRB,NON_FRB,1,max
sample_001853,NON_FRB,NOISE,0,0.1,0.13129675388336182,NON_FRB,NON_FRB,1,max
sample_001854,NON_FRB,NOISE,0,0.1,0.035291723906993866,NON_FRB,NON_FRB,1,max
sample_001855,NON_FRB,NOISE,0,0.15,0.07402697205543518,NON_FRB,NON_FRB,1,max
sample_001856,NON_FRB,NOISE,0,0.15,0.02114803157746792,NON_FRB,NON_FRB,1,max
sample_001857,NON_FRB,NOISE,0,0.15,0.14847217500209808,NON_FRB,NON_FRB,1,max
sample_001858,NON_FRB,NOISE,0,0.15,0.02510063163936138,NON_FRB,NON_FRB,1,max
sample_001859,NON_FRB,NOISE,0,0.15,0.055586040019989014,NON_FRB,NON_FRB,1,max
sample_001860,NON_FRB,NOISE,0,0.15,0.12629179656505585,NON_FRB,NON_FRB,1,max
sample_001861,NON_FRB,NOISE,0,0.15,0.029375407844781876,NON_FRB,NON_FRB,1,max
sample_001862,NON_FRB,NOISE,0,0.15,0.8722010254859924,NON_FRB,FRB,2,max
sample_001863,NON_FRB,NOISE,0,0.15,0.09066502004861832,NON_FRB,NON_FRB,1,max
sample_001864,NON_FRB,NOISE,0,0.15,0.17469321191310883,NON_FRB,NON_FRB,1,max
sample_001865,NON_FRB,NOISE,0,0.15,0.06855165213346481,NON_FRB,NON_FRB,1,max
sample_001866,NON_FRB,NOISE,0,0.15,0.0937870442867279,NON_FRB,NON_FRB,1,max
sample_001867,NON_FRB,NOISE,0,0.15,0.1280585527420044,NON_FRB,NON_FRB,1,max
sample_001868,NON_FRB,NOISE,0,0.15,0.09073619544506073,NON_FRB,NON_FRB,1,max
sample_001869,NON_FRB,NOISE,0,0.1,0.26911985874176025,NON_FRB,NON_FRB,1,max
sample_001870,NON_FRB,NOISE,0,0.15,0.026885440573096275,NON_FRB,NON_FRB,1,max
sample_001871,NON_FRB,NOISE,0,0.1,0.02698964625597,NON_FRB,NON_FRB,1,max
sample_001872,NON_FRB,NOISE,0,0.15,0.029207071289420128,NON_FRB,NON_FRB,1,max
sample_001873,NON_FRB,NOISE,0,0.15,0.047486431896686554,NON_FRB,NON_FRB,1,max
sample_001874,NON_FRB,NOISE,0,0.1,0.10614888370037079,NON_FRB,NON_FRB,1,max
sample_001875,NON_FRB,NOISE,0,0.15,0.030685177072882652,NON_FRB,NON_FRB,1,max
sample_001876,NON_FRB,NOISE,0,0.15,0.03619333356618881,NON_FRB,NON_FRB,1,max
sample_001877,NON_FRB,NOISE,0,0.15,0.05915569141507149,NON_FRB,NON_FRB,1,max
sample_001878,NON_FRB,NOISE,0,0.1,0.021746179088950157,NON_FRB,NON_FRB,1,max
sample_001879,NON_FRB,NOISE,0,0.15,0.11558666080236435,NON_FRB,NON_FRB,1,max
sample_001880,NON_FRB,NOISE,0,0.15,0.04527326673269272,NON_FRB,NON_FRB,1,max
sample_001881,NON_FRB,NOISE,0,0.15,0.04427618160843849,NON_FRB,NON_FRB,1,max
sample_001882,NON_FRB,NOISE,0,0.15,0.03237641975283623,NON_FRB,NON_FRB,1,max
sample_001883,NON_FRB,NOISE,0,0.1,0.10603813827037811,NON_FRB,NON_FRB,1,max
sample_001884,NON_FRB,NOISE,0,0.15,0.02561604045331478,NON_FRB,NON_FRB,1,max
sample_001885,NON_FRB,NOISE,0,0.15,0.028181444853544235,NON_FRB,NON_FRB,1,max
sample_001886,NON_FRB,NOISE,0,0.15,0.012259761802852154,NON_FRB,NON_FRB,1,max
sample_001887,NON_FRB,NOISE,0,0.15,0.08432143181562424,NON_FRB,NON_FRB,1,max
sample_001888,NON_FRB,NOISE,0,0.15,0.018732348456978798,NON_FRB,NON_FRB,1,max
sample_001889,NON_FRB,NOISE,0,0.15,0.19764786958694458,NON_FRB,NON_FRB,1,max
sample_001890,NON_FRB,NOISE,0,0.15,0.03941411152482033,NON_FRB,NON_FRB,1,max
sample_001891,NON_FRB,NOISE,0,0.15,0.15356634557247162,NON_FRB,NON_FRB,1,max
sample_001892,NON_FRB,NOISE,0,0.15,0.1322845220565796,NON_FRB,NON_FRB,1,max
sample_001893,NON_FRB,NOISE,0,0.15,0.12889446318149567,NON_FRB,NON_FRB,1,max
sample_001894,NON_FRB,NOISE,0,0.15,0.0857199877500534,NON_FRB,NON_FRB,1,max
sample_001895,NON_FRB,NOISE,0,0.15,0.05945731699466705,NON_FRB,NON_FRB,1,max
sample_001896,NON_FRB,NOISE,0,0.15,0.019600369036197662,NON_FRB,NON_FRB,1,max
sample_001897,NON_FRB,NOISE,0,0.15,0.024529477581381798,NON_FRB,NON_FRB,1,max
sample_001898,NON_FRB,NOISE,0,0.1,0.15958727896213531,NON_FRB,NON_FRB,1,max
sample_001899,NON_FRB,NOISE,0,0.15,0.022863950580358505,NON_FRB,NON_FRB,1,max
sample_001900,NON_FRB,NOISE,0,0.15,0.076402448117733,NON_FRB,NON_FRB,1,max
sample_001901,NON_FRB,NOISE,0,0.1,0.0245653223246336,NON_FRB,NON_FRB,1,max
sample_001902,NON_FRB,NOISE,0,0.15,0.08364386856555939,NON_FRB,NON_FRB,1,max
sample_001903,NON_FRB,NOISE,0,0.15,0.06906024366617203,NON_FRB,NON_FRB,1,max
sample_001904,NON_FRB,NOISE,0,0.15,0.1140691265463829,NON_FRB,NON_FRB,1,max
sample_001905,NON_FRB,NOISE,0,0.15,0.07213263213634491,NON_FRB,NON_FRB,1,max
sample_001906,NON_FRB,NOISE,0,0.15,0.14166861772537231,NON_FRB,NON_FRB,1,max
sample_001907,NON_FRB,NOISE,0,0.15,0.07182776927947998,NON_FRB,NON_FRB,1,max
sample_001908,NON_FRB,NOISE,0,0.15,0.031266212463378906,NON_FRB,NON_FRB,1,max
sample_001909,NON_FRB,NOISE,0,0.15,0.08803349733352661,NON_FRB,NON_FRB,1,max
sample_001910,NON_FRB,NOISE,0,0.1,0.4322001039981842,NON_FRB,NON_FRB,1,max
sample_001911,NON_FRB,NOISE,0,0.15,0.114718958735466,NON_FRB,NON_FRB,1,max
sample_001912,NON_FRB,NOISE,0,0.15,0.05155814811587334,NON_FRB,NON_FRB,1,max
sample_001913,NON_FRB,NOISE,0,0.15,0.08309104293584824,NON_FRB,NON_FRB,1,max
sample_001914,NON_FRB,NOISE,0,0.1,0.2672486901283264,NON_FRB,NON_FRB,1,max
sample_001915,NON_FRB,NOISE,0,0.15,0.6748831868171692,NON_FRB,FRB,1,max
sample_001916,NON_FRB,NOISE,0,0.1,0.1382124423980713,NON_FRB,NON_FRB,1,max
sample_001917,NON_FRB,NOISE,0,0.1,0.029884522780776024,NON_FRB,NON_FRB,1,max
sample_001918,NON_FRB,NOISE,0,0.15,0.05858312174677849,NON_FRB,NON_FRB,1,max
sample_001919,NON_FRB,NOISE,0,0.15,0.02093908004462719,NON_FRB,NON_FRB,1,max
sample_001920,NON_FRB,NOISE,0,0.15,0.0938137099146843,NON_FRB,NON_FRB,1,max
sample_001921,NON_FRB,NOISE,0,0.15,0.530832827091217,NON_FRB,FRB,1,max
sample_001922,NON_FRB,NOISE,0,0.15,0.2601800858974457,NON_FRB,NON_FRB,1,max
sample_001923,NON_FRB,NOISE,0,0.15,0.34958362579345703,NON_FRB,NON_FRB,1,max
sample_001924,NON_FRB,NOISE,0,0.15,0.05670709162950516,NON_FRB,NON_FRB,1,max
sample_001925,NON_FRB,NOISE,0,0.15,0.06843789666891098,NON_FRB,NON_FRB,1,max
sample_001926,NON_FRB,NOISE,0,0.15,0.12411394715309143,NON_FRB,NON_FRB,1,max
sample_001927,NON_FRB,NOISE,0,0.15,0.07391924411058426,NON_FRB,NON_FRB,1,max
sample_001928,NON_FRB,NOISE,0,0.15,0.4943104684352875,NON_FRB,NON_FRB,1,max
sample_001929,NON_FRB,NOISE,0,0.15,0.03400269150733948,NON_FRB,NON_FRB,1,max
sample_001930,NON_FRB,NOISE,0,0.15,0.05191062390804291,NON_FRB,NON_FRB,1,max
sample_001931,NON_FRB,NOISE,0,0.15,0.04895447567105293,NON_FRB,NON_FRB,1,max
sample_001932,NON_FRB,NOISE,0,0.15,0.06575653702020645,NON_FRB,NON_FRB,1,max
sample_001933,NON_FRB,NOISE,0,0.15,0.13009954988956451,NON_FRB,NON_FRB,1,max
sample_001934,NON_FRB,NOISE,0,0.15,0.039750661700963974,NON_FRB,NON_FRB,1,max
sample_001935,NON_FRB,NOISE,0,0.1,0.6311764717102051,NON_FRB,FRB,1,max
sample_001936,NON_FRB,NOISE,0,0.1,0.04807279631495476,NON_FRB,NON_FRB,1,max
sample_001937,NON_FRB,NOISE,0,0.15,0.1345539391040802,NON_FRB,NON_FRB,1,max
sample_001938,NON_FRB,NOISE,0,0.1,0.11543470621109009,NON_FRB,NON_FRB,1,max
sample_001939,NON_FRB,NOISE,0,0.15,0.08966423571109772,NON_FRB,NON_FRB,1,max
sample_001940,NON_FRB,NOISE,0,0.15,0.08936534076929092,NON_FRB,NON_FRB,1,max
sample_001941,NON_FRB,NOISE,0,0.15,0.21211864054203033,NON_FRB,NON_FRB,1,max
sample_001942,NON_FRB,NOISE,0,0.1,0.052714355289936066,NON_FRB,NON_FRB,1,max
sample_001943,NON_FRB,NOISE,0,0.15,0.07312309741973877,NON_FRB,NON_FRB,1,max
sample_001944,NON_FRB,NOISE,0,0.15,0.0955311506986618,NON_FRB,NON_FRB,1,max
sample_001945,NON_FRB,NOISE,0,0.15,0.02433072216808796,NON_FRB,NON_FRB,1,max
sample_001946,NON_FRB,NOISE,0,0.15,0.09318993240594864,NON_FRB,NON_FRB,1,max
sample_001947,NON_FRB,NOISE,0,0.15,0.3870929777622223,NON_FRB,NON_FRB,1,max
sample_001948,NON_FRB,NOISE,0,0.15,0.03840046003460884,NON_FRB,NON_FRB,1,max
sample_001949,NON_FRB,NOISE,0,0.15,0.04742356762290001,NON_FRB,NON_FRB,1,max
sample_001950,NON_FRB,NOISE,0,0.15,0.377393901348114,NON_FRB,NON_FRB,1,max
sample_001951,NON_FRB,NOISE,0,0.15,0.04041343554854393,NON_FRB,NON_FRB,1,max
sample_001952,NON_FRB,NOISE,0,0.15,0.1497606635093689,NON_FRB,NON_FRB,1,max
sample_001953,NON_FRB,NOISE,0,0.1,0.08257398009300232,NON_FRB,NON_FRB,1,max
sample_001954,NON_FRB,NOISE,0,0.15,0.1270059496164322,NON_FRB,NON_FRB,1,max
sample_001955,NON_FRB,NOISE,0,0.1,0.02021626941859722,NON_FRB,NON_FRB,1,max
sample_001956,NON_FRB,NOISE,0,0.15,0.03951506316661835,NON_FRB,NON_FRB,1,max
sample_001957,NON_FRB,NOISE,0,0.15,0.03399134799838066,NON_FRB,NON_FRB,1,max
sample_001958,NON_FRB,NOISE,0,0.15,0.06066005304455757,NON_FRB,NON_FRB,1,max
sample_001959,NON_FRB,NOISE,0,0.15,0.19651007652282715,NON_FRB,NON_FRB,1,max
sample_001960,NON_FRB,NOISE,0,0.1,0.12734830379486084,NON_FRB,NON_FRB,1,max
sample_001961,NON_FRB,NOISE,0,0.15,0.06679674983024597,NON_FRB,NON_FRB,1,max
sample_001962,NON_FRB,NOISE,0,0.1,0.10152095556259155,NON_FRB,NON_FRB,1,max
sample_001963,NON_FRB,NOISE,0,0.15,0.7158675789833069,NON_FRB,FRB,1,max
sample_001964,NON_FRB,NOISE,0,0.15,0.06796140968799591,NON_FRB,NON_FRB,1,max
sample_001965,NON_FRB,NOISE,0,0.15,0.041665349155664444,NON_FRB,NON_FRB,1,max
sample_001966,NON_FRB,NOISE,0,0.15,0.04715012386441231,NON_FRB,NON_FRB,1,max
sample_001967,NON_FRB,NOISE,0,0.15,0.04564955085515976,NON_FRB,NON_FRB,1,max
sample_001968,NON_FRB,NOISE,0,0.1,0.1044478788971901,NON_FRB,NON_FRB,1,max
sample_001969,NON_FRB,NOISE,0,0.15,0.08374378830194473,NON_FRB,NON_FRB,1,max
sample_001970,NON_FRB,NOISE,0,0.15,0.514094352722168,NON_FRB,FRB,1,max
sample_001971,NON_FRB,NOISE,0,0.15,0.1875215619802475,NON_FRB,NON_FRB,1,max
sample_001972,NON_FRB,NOISE,0,0.15,0.07659486681222916,NON_FRB,NON_FRB,1,max
sample_001973,NON_FRB,NOISE,0,0.15,0.028569240123033524,NON_FRB,NON_FRB,1,max
sample_001974,NON_FRB,NOISE,0,0.1,0.05049137771129608,NON_FRB,NON_FRB,1,max
sample_001975,NON_FRB,NOISE,0,0.15,0.07136823236942291,NON_FRB,NON_FRB,1,max
sample_001976,NON_FRB,NOISE,0,0.15,0.37711456418037415,NON_FRB,NON_FRB,1,max
sample_001977,NON_FRB,NOISE,0,0.15,0.04438982531428337,NON_FRB,NON_FRB,1,max
sample_001978,NON_FRB,NOISE,0,0.15,0.08635638654232025,NON_FRB,NON_FRB,1,max
sample_001979,NON_FRB,NOISE,0,0.15,0.1104794591665268,NON_FRB,NON_FRB,1,max
sample_001980,NON_FRB,NOISE,0,0.1,0.13504496216773987,NON_FRB,NON_FRB,1,max
sample_001981,NON_FRB,NOISE,0,0.15,0.0781160220503807,NON_FRB,NON_FRB,1,max
sample_001982,NON_FRB,NOISE,0,0.1,0.08015404641628265,NON_FRB,NON_FRB,1,max
sample_001983,NON_FRB,NOISE,0,0.15,0.061208900064229965,NON_FRB,NON_FRB,1,max
sample_001984,NON_FRB,NOISE,0,0.1,0.029805582016706467,NON_FRB,NON_FRB,1,max
sample_001985,NON_FRB,NOISE,0,0.15,0.14152343571186066,NON_FRB,NON_FRB,1,max
sample_001986,NON_FRB,NOISE,0,0.15,0.04075845703482628,NON_FRB,NON_FRB,1,max
sample_001987,NON_FRB,NOISE,0,0.15,0.056397922337055206,NON_FRB,NON_FRB,1,max
sample_001988,NON_FRB,NOISE,0,0.15,0.02825646847486496,NON_FRB,NON_FRB,1,max
sample_001989,NON_FRB,NOISE,0,0.15,0.10060074180364609,NON_FRB,NON_FRB,1,max
sample_001990,NON_FRB,NOISE,0,0.15,0.030348896980285645,NON_FRB,NON_FRB,1,max
sample_001991,NON_FRB,NOISE,0,0.15,0.046053141355514526,NON_FRB,NON_FRB,1,max
sample_001992,NON_FRB,NOISE,0,0.1,0.5104849934577942,NON_FRB,FRB,1,max
sample_001993,NON_FRB,NOISE,0,0.15,0.13357532024383545,NON_FRB,NON_FRB,1,max
sample_001994,NON_FRB,NOISE,0,0.15,0.18444769084453583,NON_FRB,NON_FRB,1,max
sample_001995,NON_FRB,NOISE,0,0.15,0.0417608805000782,NON_FRB,NON_FRB,1,max
sample_001996,NON_FRB,NOISE,0,0.15,0.02692505158483982,NON_FRB,NON_FRB,1,max
sample_001997,NON_FRB,NOISE,0,0.15,0.07241080701351166,NON_FRB,NON_FRB,1,max
sample_001998,NON_FRB,NOISE,0,0.15,0.2840760052204132,NON_FRB,NON_FRB,1,max
sample_001999,NON_FRB,NOISE,0,0.15,0.16037893295288086,NON_FRB,NON_FRB,1,max
