sample_id,source_sample_id,true_label,source,dm,peak_sigma,peak_time_s,peak_sigma_matched,peak_time_matched_s
sample_000000,FRB20121102_0001,FRB,FRB20121102,567.3,2.86,0.3519,2.86,0.3519
sample_000001,FRB20121102_0002,FRB,FRB20121102,565.1,129.33,0.3559,129.33,0.3559
sample_000002,FRB20121102_0003,FRB,FRB20121102,565.8,6.03,0.3421,6.03,0.3421
sample_000003,FRB20121102_0004,FRB,FRB20121102,567.6,10.54,0.3539,10.54,0.3539
sample_000004,FRB20121102_0005,FRB,FRB20121102,565.8,4.36,0.3559,4.36,0.3559
sample_000005,FRB20121102_0006,FRB,FRB20121102,564.1,17.92,0.3588,17.92,0.3588
sample_000006,FRB20121102_0007,FRB,FRB20121102,568.1,17.41,0.35,17.41,0.35
sample_000007,FRB20121102_0008,FRB,FRB20121102,568.0,12.68,0.3519,12.68,0.3519
sample_000008,FRB20121102_0009,FRB,FRB20121102,564.0,6.56,0.4296,6.56,0.4296
sample_000009,FRB20121102_0010,FRB,FRB20121102,567.1,13.1,0.3539,13.1,0.3539
sample_000010,FRB20121102_0011,FRB,FRB20121102,562.3,6.16,0.3637,6.16,0.3637
sample_000011,FRB20121102_0012,FRB,FRB20121102,565.9,5.64,0.2713,5.64,0.2713
sample_000012,FRB20121102_0013,FRB,FRB20121102,566.0,6.91,0.3539,6.91,0.3539
sample_000013,FRB20121102_0014,FRB,FRB20121102,564.5,13.27,0.3578,13.27,0.3578
sample_000014,FRB20121102_0015,FRB,FRB20121102,566.1,10.66,0.3559,10.66,0.3559
sample_000015,FRB20121102_0016,FRB,FRB20121102,564.5,12.68,0.3598,12.68,0.3598
sample_000016,FRB20121102_0017,FRB,FRB20121102,559.7,7.2,0.3657,7.2,0.3657
sample_000017,FRB20121102_0018,FRB,FRB20121102,568.5,7.55,0.35,7.55,0.35
sample_000018,FRB20121102_0019,FRB,FRB20121102,566.7,6.98,0.3952,6.98,0.3952
sample_000019,FRB20121102_0020,FRB,FRB20121102,568.5,9.24,0.3539,9.24,0.3539
sample_000020,FRB20121102_0021,FRB,FRB20121102,566.0,2.92,0.3549,2.92,0.3549
sample_000021,FRB20121102_0022,FRB,FRB20121102,566.0,6.66,0.3539,6.66,0.3539
sample_000022,FRB20121102_0023,FRB,FRB20121102,566.0,4.84,0.81,4.84,0.81
sample_000023,FRB20121102_0024,FRB,FRB20121102,566.3,9.7,0.3559,9.7,0.3559
sample_000024,FRB20121102_0025,FRB,FRB20121102,563.2,5.59,0.3618,5.59,0.3618
sample_000025,FRB20121102_0026,FRB,FRB20121102,567.6,7.21,0.3519,7.21,0.3519
sample_000026,FRB20121102_0027,FRB,FRB20121102,566.0,6.25,0.3568,6.25,0.3568
sample_000027,FRB20121102_0028,FRB,FRB20121102,569.4,6.98,0.348,6.98,0.348
sample_000028,FRB20121102_0029,FRB,FRB20121102,569.4,8.5,0.348,8.5,0.348
sample_000029,FRB20121102_0030,FRB,FRB20121102,566.0,5.08,0.3529,5.08,0.3529
sample_000030,FRB20121102_0031,FRB,FRB20121102,566.0,10.23,0.3559,10.23,0.3559
sample_000031,FRB20121102_0032,FRB,FRB20121102,565.7,19.74,0.5426,19.74,0.5426
sample_000032,FRB20121102_0033,FRB,FRB20121102,554.5,9.44,0.3696,9.44,0.3696
sample_000033,FRB20121102_0034,FRB,FRB20121102,567.0,12.2,0.0767,12.2,0.0767
sample_000034,FRB20121102_0035,FRB,FRB20121102,569.0,12.91,0.3519,12.91,0.3519
sample_000035,FRB20121102_0036,FRB,FRB20121102,570.0,14.15,0.346,14.15,0.346
sample_000036,FRB20121102_0037,FRB,FRB20121102,565.9,27.53,0.3559,27.53,0.3559
sample_000037,FRB20121102_0038,FRB,FRB20121102,564.6,44.35,0.3578,44.35,0.3578
sample_000038,FRB20121102_0039,FRB,FRB20121102,566.0,7.8,0.3106,7.8,0.3106
sample_000039,FRB20121102_0040,FRB,FRB20121102,566.0,6.78,0.3559,6.78,0.3559
sample_000040,FRB20121102_0041,FRB,FRB20121102,567.9,12.21,0.3519,12.21,0.3519
sample_000041,FRB20121102_0042,FRB,FRB20121102,566.0,5.42,0.3559,5.42,0.3559
sample_000042,FRB20121102_0043,FRB,FRB20121102,563.7,2.24,0.3608,2.24,0.3608
sample_000043,FRB20121102_0044,FRB,FRB20121102,566.0,7.21,0.3568,7.21,0.3568
sample_000044,FRB20121102_0045,FRB,FRB20121102,563.0,6.1,0.3598,6.1,0.3598
sample_000045,FRB20121102_0046,FRB,FRB20121102,570.0,13.93,0.348,13.93,0.348
sample_000046,FRB20121102_0047,FRB,FRB20121102,564.6,19.37,0.3578,19.37,0.3578
sample_000047,FRB20121102_0048,FRB,FRB20121102,568.9,4.39,0.4355,4.39,0.4355
sample_000048,FRB20121102_0049,FRB,FRB20121102,566.3,8.09,0.3539,8.09,0.3539
sample_000049,FRB20121102_0050,FRB,FRB20121102,550.6,3.08,0.9526,3.08,0.9526
sample_000050,FRB20121102_0051,FRB,FRB20121102,564.5,9.04,0.3598,9.04,0.3598
sample_000051,FRB20121102_0052,FRB,FRB20121102,566.0,3.85,0.3539,3.85,0.3539
sample_000052,FRB20121102_0053,FRB,FRB20121102,565.6,9.61,0.3559,9.61,0.3559
sample_000053,FRB20121102_0054,FRB,FRB20121102,566.2,10.25,0.3559,10.25,0.3559
sample_000054,FRB20121102_0055,FRB,FRB20121102,567.9,15.1,0.0767,15.1,0.0767
sample_000055,FRB20121102_0056,FRB,FRB20121102,568.5,4.23,0.348,4.23,0.348
sample_000056,FRB20121102_0057,FRB,FRB20121102,566.0,4.93,0.3539,4.93,0.3539
sample_000057,FRB20121102_0058,FRB,FRB20121102,566.0,5.31,0.3559,5.31,0.3559
sample_000058,FRB20121102_0059,FRB,FRB20121102,566.0,10.4,0.4129,10.4,0.4129
sample_000059,FRB20121102_0060,FRB,FRB20121102,569.4,4.75,0.348,4.75,0.348
sample_000060,FRB20121102_0061,FRB,FRB20121102,568.5,8.64,0.2064,8.64,0.2064
sample_000061,FRB20121102_0062,FRB,FRB20121102,566.0,4.78,0.3559,4.78,0.3559
sample_000062,FRB20121102_0063,FRB,FRB20121102,565.7,25.3,0.0354,25.3,0.0354
sample_000063,FRB20121102_0064,FRB,FRB20121102,566.0,11.56,0.3559,11.56,0.3559
sample_000064,FRB20121102_0065,FRB,FRB20121102,566.0,11.26,0.3559,11.26,0.3559
sample_000065,FRB20121102_0066,FRB,FRB20121102,566.0,10.72,0.3559,10.72,0.3559
sample_000066,FRB20121102_0067,FRB,FRB20121102,563.2,3.66,0.3588,3.66,0.3588
sample_000067,FRB20121102_0068,FRB,FRB20121102,564.5,6.74,0.3578,6.74,0.3578
sample_000068,FRB20121102_0069,FRB,FRB20121102,565.8,13.09,0.3559,13.09,0.3559
sample_000069,FRB20121102_0070,FRB,FRB20121102,567.6,3.65,0.3539,3.65,0.3539
sample_000070,FRB20121102_0071,FRB,FRB20121102,566.0,63.23,0.3539,63.23,0.3539
sample_000071,FRB20121102_0072,FRB,FRB20121102,565.0,3.14,0.3578,3.14,0.3578
sample_000072,FRB20121102_0073,FRB,FRB20121102,567.2,4.38,0.3529,4.38,0.3529
sample_000073,FRB20121102_0074,FRB,FRB20121102,567.2,4.38,0.289,4.38,0.289
sample_000074,FRB20121102_0075,FRB,FRB20121102,563.8,96.13,0.3598,96.13,0.3598
sample_000075,FRB20121102_0076,FRB,FRB20121102,566.0,19.11,0.3559,19.11,0.3559
sample_000076,FRB20121102_0077,FRB,FRB20121102,561.0,6.78,0.3657,6.78,0.3657
sample_000077,FRB20121102_0078,FRB,FRB20121102,562.8,6.07,0.3608,6.07,0.3608
sample_000078,FRB20121102_0079,FRB,FRB20121102,566.0,12.14,0.3539,12.14,0.3539
sample_000079,FRB20121102_0080,FRB,FRB20121102,564.5,2.09,0.3372,2.09,0.3372
sample_000080,FRB20121102_0081,FRB,FRB20121102,569.0,12.37,0.3519,12.37,0.3519
sample_000081,FRB20121102_0082,FRB,FRB20121102,567.6,8.92,0.1081,8.92,0.1081
sample_000082,FRB20121102_0083,FRB,FRB20121102,566.0,8.58,0.3539,8.58,0.3539
sample_000083,FRB20121102_0084,FRB,FRB20121102,552.4,5.3,0.3912,5.3,0.3912
sample_000084,FRB20121102_0085,FRB,FRB20121102,566.0,6.7,0.3559,6.7,0.3559
sample_000085,FRB20121102_0086,FRB,FRB20121102,565.5,11.0,0.3559,11.0,0.3559
sample_000086,FRB20121102_0087,FRB,FRB20121102,565.5,240.05,0.3559,240.05,0.3559
sample_000087,FRB20121102_0088,FRB,FRB20121102,566.7,3.58,0.3568,3.58,0.3568
sample_000088,FRB20121102_0089,FRB,FRB20121102,565.6,11.04,0.3559,11.04,0.3559
sample_000089,FRB20121102_0090,FRB,FRB20121102,566.1,6.14,0.3559,6.14,0.3559
sample_000090,FRB20121102_0091,FRB,FRB20121102,562.6,23.26,0.3618,23.26,0.3618
sample_000091,FRB20121102_0092,FRB,FRB20121102,566.6,14.75,0.3559,14.75,0.3559
sample_000092,FRB20121102_0093,FRB,FRB20121102,569.0,1.94,0.6301,1.94,0.6301
sample_000093,FRB20121102_0094,FRB,FRB20121102,565.1,347.93,0.3578,347.93,0.3578
sample_000094,FRB20121102_0095,FRB,FRB20121102,563.7,8.29,0.3618,8.29,0.3618
sample_000095,FRB20121102_0096,FRB,FRB20121102,558.9,4.02,0.1573,4.02,0.1573
sample_000096,FRB20121102_0097,FRB,FRB20121102,566.0,6.75,0.3559,6.75,0.3559
sample_000097,FRB20121102_0098,FRB,FRB20121102,570.0,39.29,0.348,39.29,0.348
sample_000098,FRB20121102_0099,FRB,FRB20121102,566.0,6.27,0.3549,6.27,0.3549
sample_000099,FRB20121102_0100,FRB,FRB20121102,567.0,14.85,0.3529,14.85,0.3529
sample_000100,FRB20121102_0101,FRB,FRB20121102,564.3,5.36,0.3598,5.36,0.3598
sample_000101,FRB20121102_0102,FRB,FRB20121102,567.2,6.86,0.3549,6.86,0.3549
sample_000102,FRB20121102_0103,FRB,FRB20121102,566.0,7.66,0.5918,7.66,0.5918
sample_000103,FRB20121102_0104,FRB,FRB20121102,568.3,9.35,0.3795,9.35,0.3795
sample_000104,FRB20121102_0105,FRB,FRB20121102,569.0,5.61,0.3519,5.61,0.3519
sample_000105,FRB20121102_0106,FRB,FRB20121102,568.0,9.29,0.35,9.29,0.35
sample_000106,FRB20121102_0107,FRB,FRB20121102,564.6,4.2,0.2959,4.2,0.2959
sample_000107,FRB20121102_0108,FRB,FRB20121102,564.7,6.34,0.3578,6.34,0.3578
sample_000108,FRB20121102_0109,FRB,FRB20121102,563.1,137.22,0.4581,137.22,0.4581
sample_000109,FRB20121102_0110,FRB,FRB20121102,565.4,5.0,0.3657,5.0,0.3657
sample_000110,FRB20121102_0111,FRB,FRB20121102,565.1,7.12,0.1494,7.12,0.1494
sample_000111,FRB20121102_0112,FRB,FRB20121102,566.6,3.99,0.3529,3.99,0.3529
sample_000112,FRB20121102_0113,FRB,FRB20121102,563.5,7.57,0.3598,7.57,0.3598
sample_000113,FRB20121102_0114,FRB,FRB20121102,563.8,6.05,0.3578,6.05,0.3578
sample_000114,FRB20121102_0115,FRB,FRB20121102,568.4,10.47,0.3716,10.47,0.3716
sample_000115,FRB20121102_0116,FRB,FRB20121102,561.5,6.93,0.3657,6.93,0.3657
sample_000116,FRB20121102_0117,FRB,FRB20121102,569.4,3.28,0.6419,3.28,0.6419
sample_000117,FRB20121102_0118,FRB,FRB20121102,569.5,2.44,0.8258,2.44,0.8258
sample_000118,FRB20121102_0119,FRB,FRB20121102,564.9,3.25,0.3539,3.25,0.3539
sample_000119,FRB20121102_0120,FRB,FRB20121102,568.1,3.95,0.35,3.95,0.35
sample_000120,FRB20121102_0121,FRB,FRB20121102,567.0,11.67,0.3539,11.67,0.3539
sample_000121,FRB20121102_0122,FRB,FRB20121102,569.5,11.36,0.348,11.36,0.348
sample_000122,FRB20121102_0123,FRB,FRB20121102,568.1,7.49,0.3539,7.49,0.3539
sample_000123,FRB20121102_0124,FRB,FRB20121102,568.9,13.03,0.346,13.03,0.346
sample_000124,FRB20121102_0125,FRB,FRB20121102,566.9,14.05,0.3539,14.05,0.3539
sample_000125,FRB20121102_0126,FRB,FRB20121102,566.2,17.71,0.3559,17.71,0.3559
sample_000126,FRB20121102_0127,FRB,FRB20121102,567.0,13.56,0.3539,13.56,0.3539
sample_000127,FRB20121102_0128,FRB,FRB20121102,563.6,40.49,0.3588,40.49,0.3588
sample_000128,FRB20121102_0129,FRB,FRB20121102,566.9,12.03,0.3519,12.03,0.3519
sample_000129,FRB20121102_0130,FRB,FRB20121102,562.8,6.55,0.3598,6.55,0.3598
sample_000130,FRB20121102_0131,FRB,FRB20121102,566.0,5.37,0.3539,5.37,0.3539
sample_000131,FRB20121102_0132,FRB,FRB20121102,566.0,7.99,0.3559,7.99,0.3559
sample_000132,FRB20121102_0133,FRB,FRB20121102,566.0,7.22,0.3627,7.22,0.3627
sample_000133,FRB20121102_0134,FRB,FRB20121102,563.7,5.71,0.3637,5.71,0.3637
sample_000134,FRB20121102_0135,FRB,FRB20121102,569.4,6.23,0.35,6.23,0.35
sample_000135,FRB20121102_0136,FRB,FRB20121102,565.9,4.66,0.3539,4.66,0.3539
sample_000136,FRB20121102_0137,FRB,FRB20121102,566.7,9.61,0.0688,9.61,0.0688
sample_000137,FRB20121102_0138,FRB,FRB20121102,564.1,2.8,0.3637,2.8,0.3637
sample_000138,FRB20121102_0139,FRB,FRB20121102,566.0,5.46,0.3578,5.46,0.3578
sample_000139,FRB20121102_0140,FRB,FRB20121102,567.2,8.48,0.3618,8.48,0.3618
sample_000140,FRB20121102_0141,FRB,FRB20121102,568.4,23.11,0.3578,23.11,0.3578
sample_000141,FRB20121102_0142,FRB,FRB20121102,565.4,8.07,0.3657,8.07,0.3657
sample_000142,FRB20121102_0143,FRB,FRB20121102,565.4,12.43,0.0944,12.43,0.0944
sample_000143,FRB20121102_0144,FRB,FRB20121102,566.0,9.6,0.3598,9.6,0.3598
sample_000144,FRB20121102_0145,FRB,FRB20121102,567.6,5.34,0.3539,5.34,0.3539
sample_000145,FRB20121102_0146,FRB,FRB20121102,566.0,11.9,0.3618,11.9,0.3618
sample_000146,FRB20121102_0147,FRB,FRB20121102,566.0,3.92,0.3598,3.92,0.3598
sample_000147,FRB20121102_0148,FRB,FRB20121102,566.0,9.66,0.3539,9.66,0.3539
sample_000148,FRB20121102_0149,FRB,FRB20121102,566.0,6.3,0.3657,6.3,0.3657
sample_000149,FRB20121102_0150,FRB,FRB20121102,566.0,8.94,0.3627,8.94,0.3627
sample_000150,FRB20121102_0151,FRB,FRB20121102,565.0,3.12,0.3627,3.12,0.3627
sample_000151,FRB20121102_0152,FRB,FRB20121102,567.2,9.83,0.3618,9.83,0.3618
sample_000152,FRB20121102_0153,FRB,FRB20121102,567.3,19.66,0.3618,19.66,0.3618
sample_000153,FRB20121102_0154,FRB,FRB20121102,566.0,7.27,0.3618,7.27,0.3618
sample_000154,FRB20121102_0155,FRB,FRB20121102,567.2,6.77,0.3627,6.77,0.3627
sample_000155,FRB20121102_0156,FRB,FRB20121102,559.7,6.73,0.3795,6.73,0.3795
sample_000156,FRB20121102_0157,FRB,FRB20121102,565.4,4.13,0.3657,4.13,0.3657
sample_000157,FRB20121102_0158,FRB,FRB20121102,564.5,122.53,0.3618,122.53,0.3618
sample_000158,FRB20121102_0159,FRB,FRB20121102,565.9,6.01,0.3598,6.01,0.3598
sample_000159,FRB20121102_0160,FRB,FRB20121102,566.1,6.93,0.3568,6.93,0.3568
sample_000160,FRB20121102_0161,FRB,FRB20121102,567.9,12.57,0.0531,12.57,0.0531
sample_000161,FRB20121102_0162,FRB,FRB20121102,565.5,6.95,0.3539,6.95,0.3539
sample_000162,FRB20121102_0163,FRB,FRB20121102,562.6,8.73,0.3578,8.73,0.3578
sample_000163,FRB20121102_0164,FRB,FRB20121102,564.2,11.88,0.3578,11.88,0.3578
sample_000164,FRB20121102_0165,FRB,FRB20121102,566.0,7.8,0.3519,7.8,0.3519
sample_000165,FRB20121102_0166,FRB,FRB20121102,565.6,5.59,0.0629,5.59,0.0629
sample_000166,FRB20121102_0167,FRB,FRB20121102,564.4,16.56,0.3539,16.56,0.3539
sample_000167,FRB20121102_0168,FRB,FRB20121102,568.4,10.57,0.4699,10.57,0.4699
sample_000168,FRB20121102_0169,FRB,FRB20121102,566.7,10.6,0.3519,10.6,0.3519
sample_000169,FRB20121102_0170,FRB,FRB20121102,563.9,103.14,0.3578,103.14,0.3578
sample_000170,FRB20121102_0171,FRB,FRB20121102,566.1,17.67,0.3519,17.67,0.3519
sample_000171,FRB20121102_0172,FRB,FRB20121102,562.8,7.12,0.3598,7.12,0.3598
sample_000172,FRB20121102_0173,FRB,FRB20121102,562.6,12.39,0.3578,12.39,0.3578
sample_000173,FRB20121102_0174,FRB,FRB20121102,567.6,13.73,0.348,13.73,0.348
sample_000174,FRB20121102_0175,FRB,FRB20121102,567.4,17.17,0.3539,17.17,0.3539
sample_000175,FRB20121102_0176,FRB,FRB20121102,566.5,7.12,0.3598,7.12,0.3598
sample_000176,FRB20121102_0177,FRB,FRB20121102,568.3,7.9,0.3529,7.9,0.3529
sample_000177,FRB20121102_0178,FRB,FRB20121102,563.0,9.16,0.6016,9.16,0.6016
sample_000178,FRB20121102_0179,FRB,FRB20121102,565.0,7.85,0.3519,7.85,0.3519
sample_000179,FRB20121102_0180,FRB,FRB20121102,569.5,13.56,0.348,13.56,0.348
sample_000180,FRB20121102_0181,FRB,FRB20121102,566.5,13.29,0.3618,13.29,0.3618
sample_000181,FRB20121102_0182,FRB,FRB20121102,564.3,51.08,0.4207,51.08,0.4207
sample_000182,FRB20121102_0183,FRB,FRB20121102,567.2,8.99,0.3539,8.99,0.3539
sample_000183,FRB20121102_0184,FRB,FRB20121102,566.7,14.65,0.3637,14.65,0.3637
sample_000184,FRB20121102_0185,FRB,FRB20121102,566.7,14.86,0.3559,14.86,0.3559
sample_000185,FRB20121102_0186,FRB,FRB20121102,567.7,5.6,0.3549,5.6,0.3549
sample_000186,FRB20121102_0187,FRB,FRB20121102,569.8,6.2,0.3598,6.2,0.3598
sample_000187,FRB20121102_0188,FRB,FRB20121102,563.6,22.48,0.3637,22.48,0.3637
sample_000188,FRB20121102_0189,FRB,FRB20121102,563.5,12.14,0.3637,12.14,0.3637
sample_000189,FRB20121102_0190,FRB,FRB20121102,566.0,11.52,0.3559,11.52,0.3559
sample_000190,FRB20121102_0191,FRB,FRB20121102,559.7,3.09,0.3716,3.09,0.3716
sample_000191,FRB20121102_0192,FRB,FRB20121102,565.8,5.93,0.2615,5.93,0.2615
sample_000192,FRB20121102_0193,FRB,FRB20121102,565.8,10.08,0.3578,10.08,0.3578
sample_000193,FRB20121102_0194,FRB,FRB20121102,567.1,3.93,0.3549,3.93,0.3549
sample_000194,FRB20121102_0195,FRB,FRB20121102,565.1,11.09,0.3677,11.09,0.3677
sample_000195,FRB20121102_0196,FRB,FRB20121102,568.5,6.49,0.3519,6.49,0.3519
sample_000196,FRB20121102_0197,FRB,FRB20121102,564.8,12.13,0.3952,12.13,0.3952
sample_000197,FRB20121102_0198,FRB,FRB20121102,564.9,8.23,0.3637,8.23,0.3637
sample_000198,FRB20121102_0199,FRB,FRB20121102,563.8,5.41,0.3618,5.41,0.3618
sample_000199,FRB20121102_0200,FRB,FRB20121102,566.1,10.85,0.3637,10.85,0.3637
sample_000200,FRB20121102_0201,FRB,FRB20121102,565.5,8.61,0.3578,8.61,0.3578
sample_000201,FRB20121102_0202,FRB,FRB20121102,566.4,17.55,0.1828,17.55,0.1828
sample_000202,FRB20121102_0203,FRB,FRB20121102,567.9,14.61,0.3539,14.61,0.3539
sample_000203,FRB20121102_0204,FRB,FRB20121102,565.2,13.47,0.3578,13.47,0.3578
sample_000204,FRB20121102_0205,FRB,FRB20121102,565.5,14.19,0.3598,14.19,0.3598
sample_000205,FRB20121102_0206,FRB,FRB20121102,566.4,9.86,0.3598,9.86,0.3598
sample_000206,FRB20121102_0207,FRB,FRB20121102,566.8,13.21,0.3559,13.21,0.3559
sample_000207,FRB20121102_0208,FRB,FRB20121102,569.3,5.48,0.3559,5.48,0.3559
sample_000208,FRB20121102_0209,FRB,FRB20121102,568.3,4.82,0.113,4.82,0.113
sample_000209,FRB20121102_0210,FRB,FRB20121102,566.7,4.36,0.3598,4.36,0.3598
sample_000210,FRB20121102_0211,FRB,FRB20121102,565.7,7.07,0.1337,7.07,0.1337
sample_000211,FRB20121102_0212,FRB,FRB20121102,566.1,76.05,0.3559,76.05,0.3559
sample_000212,FRB20121102_0213,FRB,FRB20121102,565.6,3.64,0.35,3.64,0.35
sample_000213,FRB20121102_0214,FRB,FRB20121102,564.5,9.39,0.3578,9.39,0.3578
sample_000214,FRB20121102_0215,FRB,FRB20121102,562.8,9.61,0.3657,9.61,0.3657
sample_000215,FRB20121102_0216,FRB,FRB20121102,566.5,11.31,0.3578,11.31,0.3578
sample_000216,FRB20121102_0217,FRB,FRB20121102,566.6,10.33,0.3618,10.33,0.3618
sample_000217,FRB20121102_0218,FRB,FRB20121102,564.1,18.77,0.3657,18.77,0.3657
sample_000218,FRB20121102_0219,FRB,FRB20121102,566.0,14.55,0.3598,14.55,0.3598
sample_000219,FRB20121102_0220,FRB,FRB20121102,566.0,6.43,0.3657,6.43,0.3657
sample_000220,FRB20121102_0221,FRB,FRB20121102,566.0,14.76,0.3716,14.76,0.3716
sample_000221,FRB20121102_0222,FRB,FRB20121102,566.3,2.91,0.3686,2.91,0.3686
sample_000222,FRB20121102_0223,FRB,FRB20121102,567.7,4.77,0.3578,4.77,0.3578
sample_000223,FRB20121102_0224,FRB,FRB20121102,566.4,6.72,0.3627,6.72,0.3627
sample_000224,FRB20121102_0225,FRB,FRB20121102,566.7,6.0,0.3618,6.0,0.3618
sample_000225,FRB20121102_0226,FRB,FRB20121102,566.0,9.21,0.3637,9.21,0.3637
sample_000226,FRB20121102_0227,FRB,FRB20121102,569.0,6.79,0.3834,6.79,0.3834
sample_000227,FRB20121102_0228,FRB,FRB20121102,566.2,10.17,0.3598,10.17,0.3598
sample_000228,FRB20121102_0229,FRB,FRB20121102,568.2,5.51,0.0757,5.51,0.0757
sample_000229,FRB20121102_0230,FRB,FRB20121102,563.4,15.12,0.3834,15.12,0.3834
sample_000230,FRB20121102_0231,FRB,FRB20121102,567.2,5.97,0.3677,5.97,0.3677
sample_000231,FRB20121102_0232,FRB,FRB20121102,566.9,6.02,0.4443,6.02,0.4443
sample_000232,FRB20121102_0233,FRB,FRB20121102,566.2,8.29,0.3716,8.29,0.3716
sample_000233,FRB20121102_0234,FRB,FRB20121102,564.9,7.97,0.3667,7.97,0.3667
sample_000234,FRB20121102_0235,FRB,FRB20121102,565.3,14.01,0.3716,14.01,0.3716
sample_000235,FRB20121102_0236,FRB,FRB20121102,567.5,16.68,0.3755,16.68,0.3755
sample_000236,FRB20121102_0237,FRB,FRB20121102,566.0,4.65,0.3716,4.65,0.3716
sample_000237,FRB20121102_0238,FRB,FRB20121102,565.3,3.79,0.3686,3.79,0.3686
sample_000238,FRB20121102_0239,FRB,FRB20121102,565.0,9.67,0.3775,9.67,0.3775
sample_000239,FRB20121102_0240,FRB,FRB20121102,568.7,8.38,0.348,8.38,0.348
sample_000240,FRB20121102_0241,FRB,FRB20121102,567.0,12.15,0.3519,12.15,0.3519
sample_000241,FRB20121102_0242,FRB,FRB20121102,567.0,14.83,0.3529,14.83,0.3529
sample_000242,FRB20121102_0243,FRB,FRB20121102,568.0,8.9,0.3598,8.9,0.3598
sample_000243,FRB20121102_0244,FRB,FRB20121102,565.5,10.32,0.3578,10.32,0.3578
sample_000244,FRB20121102_0245,FRB,FRB20121102,568.2,7.47,0.3598,7.47,0.3598
sample_000245,FRB20121102_0246,FRB,FRB20121102,567.2,13.19,0.3637,13.19,0.3637
sample_000246,FRB20121102_0247,FRB,FRB20121102,565.4,11.3,0.3598,11.3,0.3598
sample_000247,FRB20121102_0248,FRB,FRB20121102,565.9,7.53,0.3637,7.53,0.3637
sample_000248,FRB20121102_0249,FRB,FRB20121102,562.9,10.31,0.3716,10.31,0.3716
sample_000249,FRB20121102_0250,FRB,FRB20121102,567.8,5.55,0.3578,5.55,0.3578
sample_000250,FRB20121102_0251,FRB,FRB20121102,566.5,7.56,0.3598,7.56,0.3598
sample_000251,FRB20121102_0252,FRB,FRB20121102,566.7,26.8,0.3657,26.8,0.3657
sample_000252,FRB20121102_0253,FRB,FRB20121102,563.6,8.94,0.3755,8.94,0.3755
sample_000253,FRB20121102_0254,FRB,FRB20121102,566.3,5.81,0.3637,5.81,0.3637
sample_000254,FRB20121102_0255,FRB,FRB20121102,567.2,5.05,0.5112,5.05,0.5112
sample_000255,FRB20121102_0256,FRB,FRB20121102,564.7,21.94,0.3736,21.94,0.3736
sample_000256,FRB20121102_0257,FRB,FRB20121102,565.3,8.82,0.3726,8.82,0.3726
sample_000257,FRB20121102_0258,FRB,FRB20121102,566.0,8.82,0.3539,8.82,0.3539
sample_000258,FRB20121102_0259,FRB,FRB20121102,564.9,3.56,0.3608,3.56,0.3608
sample_000259,FRB20121102_0260,FRB,FRB20121102,570.0,10.13,0.348,10.13,0.348
sample_000260,FRB20121102_0261,FRB,FRB20121102,565.0,420.06,0.3618,420.06,0.3618
sample_000261,FRB20121102_0262,FRB,FRB20121102,565.4,2.89,0.3667,2.89,0.3667
sample_000262,FRB20121102_0263,FRB,FRB20121102,565.4,8.91,0.3618,8.91,0.3618
sample_000263,FRB20121102_0264,FRB,FRB20121102,565.8,11.14,0.3618,11.14,0.3618
sample_000264,FRB20121102_0265,FRB,FRB20121102,565.6,10.29,0.3677,10.29,0.3677
sample_000265,FRB20121102_0266,FRB,FRB20121102,564.8,8.9,0.3618,8.9,0.3618
sample_000266,FRB20121102_0267,FRB,FRB20121102,566.7,5.42,0.3578,5.42,0.3578
sample_000267,FRB20121102_0268,FRB,FRB20121102,566.0,8.11,0.3549,8.11,0.3549
sample_000268,FRB20121102_0269,FRB,FRB20121102,565.3,4.91,0.3578,4.91,0.3578
sample_000269,FRB20121102_0270,FRB,FRB20121102,567.2,12.98,0.35,12.98,0.35
sample_000270,FRB20121102_0271,FRB,FRB20121102,564.9,6.15,0.3618,6.15,0.3618
sample_000271,FRB20121102_0272,FRB,FRB20121102,566.3,6.12,0.3539,6.12,0.3539
sample_000272,FRB20121102_0273,FRB,FRB20121102,569.4,6.6,0.3519,6.6,0.3519
sample_000273,FRB20121102_0274,FRB,FRB20121102,566.2,9.7,0.35,9.7,0.35
sample_000274,FRB20121102_0275,FRB,FRB20121102,566.0,9.25,0.3509,9.25,0.3509
sample_000275,FRB20121102_0276,FRB,FRB20121102,563.7,10.03,0.3618,10.03,0.3618
sample_000276,FRB20121102_0277,FRB,FRB20121102,566.0,27.84,0.3559,27.84,0.3559
sample_000277,FRB20121102_0278,FRB,FRB20121102,564.5,14.02,0.3618,14.02,0.3618
sample_000278,FRB20121102_0279,FRB,FRB20121102,566.0,21.78,0.3598,21.78,0.3598
sample_000279,FRB20121102_0280,FRB,FRB20121102,568.5,14.29,0.3519,14.29,0.3519
sample_000280,FRB20121102_0281,FRB,FRB20121102,565.4,5.3,0.3578,5.3,0.3578
sample_000281,FRB20121102_0282,FRB,FRB20121102,566.0,10.2,0.3598,10.2,0.3598
sample_000282,FRB20121102_0283,FRB,FRB20121102,565.4,11.78,0.3578,11.78,0.3578
sample_000283,FRB20121102_0284,FRB,FRB20121102,567.6,6.0,0.349,6.0,0.349
sample_000284,FRB20121102_0285,FRB,FRB20121102,566.0,8.13,0.3539,8.13,0.3539
sample_000285,FRB20121102_0286,FRB,FRB20121102,567.9,3.91,0.3539,3.91,0.3539
sample_000286,FRB20121102_0287,FRB,FRB20121102,566.9,7.57,0.3539,7.57,0.3539
sample_000287,FRB20121102_0288,FRB,FRB20121102,567.8,8.08,0.3519,8.08,0.3519
sample_000288,FRB20121102_0289,FRB,FRB20121102,566.7,10.11,0.5741,10.11,0.5741
sample_000289,FRB20121102_0290,FRB,FRB20121102,565.4,21.72,0.3539,21.72,0.3539
sample_000290,FRB20121102_0291,FRB,FRB20121102,565.0,9.17,0.3559,9.17,0.3559
sample_000291,FRB20121102_0292,FRB,FRB20121102,563.6,6.61,0.3598,6.61,0.3598
sample_000292,FRB20121102_0293,FRB,FRB20121102,566.0,20.95,0.3539,20.95,0.3539
sample_000293,FRB20121102_0294,FRB,FRB20121102,567.9,6.1,0.3539,6.1,0.3539
sample_000294,FRB20121102_0295,FRB,FRB20121102,567.1,9.59,0.3539,9.59,0.3539
sample_000295,FRB20121102_0296,FRB,FRB20121102,566.9,7.94,0.3539,7.94,0.3539
sample_000296,FRB20121102_0297,FRB,FRB20121102,565.9,12.72,0.3559,12.72,0.3559
sample_000297,FRB20121102_0298,FRB,FRB20121102,566.0,36.97,0.3559,36.97,0.3559
sample_000298,FRB20121102_0299,FRB,FRB20121102,568.5,7.8,0.2359,7.8,0.2359
sample_000299,FRB20121102_0300,FRB,FRB20121102,568.5,5.77,0.3559,5.77,0.3559
sample_000300,FRB20121102_0301,FRB,FRB20121102,563.7,7.53,0.3598,7.53,0.3598
sample_000301,FRB20121102_0302,FRB,FRB20121102,564.3,6.43,0.3578,6.43,0.3578
sample_000302,FRB20121102_0303,FRB,FRB20121102,562.3,10.89,0.3637,10.89,0.3637
sample_000303,FRB20121102_0304,FRB,FRB20121102,564.6,21.96,0.1219,21.96,0.1219
sample_000304,FRB20121102_0305,FRB,FRB20121102,566.2,11.92,0.3539,11.92,0.3539
sample_000305,FRB20121102_0306,FRB,FRB20121102,566.3,5.99,0.3559,5.99,0.3559
sample_000306,FRB20121102_0307,FRB,FRB20121102,563.3,11.6,0.3618,11.6,0.3618
sample_000307,FRB20121102_0308,FRB,FRB20121102,566.3,3.74,0.35,3.74,0.35
sample_000308,FRB20121102_0309,FRB,FRB20121102,569.8,4.71,0.5603,4.71,0.5603
sample_000309,FRB20121102_0310,FRB,FRB20121102,568.8,5.04,0.4365,5.04,0.4365
sample_000310,FRB20121102_0311,FRB,FRB20121102,566.0,8.02,0.1062,8.02,0.1062
sample_000311,FRB20121102_0312,FRB,FRB20121102,568.9,9.31,0.3519,9.31,0.3519
sample_000312,FRB20121102_0313,FRB,FRB20121102,566.0,14.28,0.3559,14.28,0.3559
sample_000313,FRB20121102_0314,FRB,FRB20121102,565.3,25.86,0.3559,25.86,0.3559
sample_000314,FRB20121102_0315,FRB,FRB20121102,566.2,7.64,0.3559,7.64,0.3559
sample_000315,FRB20121102_0316,FRB,FRB20121102,566.0,6.71,0.3539,6.71,0.3539
sample_000316,FRB20121102_0317,FRB,FRB20121102,565.3,10.18,0.3932,10.18,0.3932
sample_000317,FRB20121102_0318,FRB,FRB20121102,566.0,9.16,0.3539,9.16,0.3539
sample_000318,FRB20121102_0319,FRB,FRB20121102,567.2,8.84,0.3519,8.84,0.3519
sample_000319,FRB20121102_0320,FRB,FRB20121102,566.0,7.18,0.3529,7.18,0.3529
sample_000320,FRB20121102_0321,FRB,FRB20121102,561.5,1.9,0.0285,1.9,0.0285
sample_000321,FRB20121102_0322,FRB,FRB20121102,564.4,11.45,0.405,11.45,0.405
sample_000322,FRB20121102_0323,FRB,FRB20121102,564.4,8.21,0.3578,8.21,0.3578
sample_000323,FRB20121102_0324,FRB,FRB20121102,564.5,8.77,0.3578,8.77,0.3578
sample_000324,FRB20121102_0325,FRB,FRB20121102,566.1,9.06,0.3539,9.06,0.3539
sample_000325,FRB20121102_0326,FRB,FRB20121102,565.1,3.25,0.3559,3.25,0.3559
sample_000326,FRB20121102_0327,FRB,FRB20121102,564.2,7.54,0.3578,7.54,0.3578
sample_000327,FRB20121102_0328,FRB,FRB20121102,567.4,27.85,0.3598,27.85,0.3598
sample_000328,FRB20121102_0329,FRB,FRB20121102,555.4,6.26,0.3716,6.26,0.3716
sample_000329,FRB20121102_0330,FRB,FRB20121102,561.5,8.14,0.3657,8.14,0.3657
sample_000330,FRB20121102_0331,FRB,FRB20121102,565.1,9.2,0.3559,9.2,0.3559
sample_000331,FRB20121102_0332,FRB,FRB20121102,563.7,9.87,0.5702,9.87,0.5702
sample_000332,FRB20121102_0333,FRB,FRB20121102,566.6,6.7,0.3539,6.7,0.3539
sample_000333,FRB20121102_0334,FRB,FRB20121102,567.3,15.86,0.3519,15.86,0.3519
sample_000334,FRB20121102_0335,FRB,FRB20121102,566.5,43.94,0.3539,43.94,0.3539
sample_000335,FRB20121102_0336,FRB,FRB20121102,567.4,8.43,0.4335,8.43,0.4335
sample_000336,FRB20121102_0337,FRB,FRB20121102,565.9,4.16,0.3559,4.16,0.3559
sample_000337,FRB20121102_0338,FRB,FRB20121102,565.7,2.35,0.8248,2.35,0.8248
sample_000338,FRB20121102_0339,FRB,FRB20121102,566.4,13.47,0.3549,13.47,0.3549
sample_000339,FRB20121102_0340,FRB,FRB20121102,568.0,31.68,0.2969,31.68,0.2969
sample_000340,FRB20121102_0341,FRB,FRB20121102,565.2,7.75,0.35,7.75,0.35
sample_000341,FRB20121102_0342,FRB,FRB20121102,564.3,14.66,0.4345,14.66,0.4345
sample_000342,FRB20121102_0343,FRB,FRB20121102,564.4,8.72,0.3578,8.72,0.3578
sample_000343,FRB20121102_0344,FRB,FRB20121102,564.3,7.32,0.3578,7.32,0.3578
sample_000344,FRB20121102_0345,FRB,FRB20121102,563.4,6.07,0.0108,6.07,0.0108
sample_000345,FRB20121102_0346,FRB,FRB20121102,567.4,2.06,0.2998,2.06,0.2998
sample_000346,FRB20121102_0347,FRB,FRB20121102,567.1,7.41,0.3559,7.41,0.3559
sample_000347,FRB20121102_0348,FRB,FRB20121102,567.9,12.74,0.3598,12.74,0.3598
sample_000348,FRB20121102_0349,FRB,FRB20121102,564.7,7.18,0.3618,7.18,0.3618
sample_000349,FRB20121102_0350,FRB,FRB20121102,569.3,10.15,0.3519,10.15,0.3519
sample_000350,FRB20121102_0351,FRB,FRB20121102,567.7,4.54,0.3559,4.54,0.3559
sample_000351,FRB20121102_0352,FRB,FRB20121102,567.8,4.35,0.3598,4.35,0.3598
sample_000352,FRB20121102_0353,FRB,FRB20121102,567.1,22.3,0.35,22.3,0.35
sample_000353,FRB20121102_0354,FRB,FRB20121102,562.9,19.0,0.3637,19.0,0.3637
sample_000354,FRB20121102_0355,FRB,FRB20121102,568.0,4.08,0.3627,4.08,0.3627
sample_000355,FRB20121102_0356,FRB,FRB20121102,568.1,8.49,0.35,8.49,0.35
sample_000356,FRB20121102_0357,FRB,FRB20121102,567.6,5.58,0.3627,5.58,0.3627
sample_000357,FRB20121102_0358,FRB,FRB20121102,565.1,12.66,0.3657,12.66,0.3657
sample_000358,FRB20121102_0359,FRB,FRB20121102,566.0,16.54,0.3559,16.54,0.3559
sample_000359,FRB20121102_0360,FRB,FRB20121102,569.2,7.98,0.3578,7.98,0.3578
sample_000360,FRB20121102_0361,FRB,FRB20121102,566.7,11.06,0.3578,11.06,0.3578
sample_000361,FRB20121102_0362,FRB,FRB20121102,568.1,9.55,0.3578,9.55,0.3578
sample_000362,FRB20121102_0363,FRB,FRB20121102,566.5,8.13,0.3519,8.13,0.3519
sample_000363,FRB20121102_0364,FRB,FRB20121102,564.9,10.0,0.3657,10.0,0.3657
sample_000364,FRB20121102_0365,FRB,FRB20121102,566.7,5.27,0.3647,5.27,0.3647
sample_000365,FRB20121102_0366,FRB,FRB20121102,566.4,7.58,0.3618,7.58,0.3618
sample_000366,FRB20121102_0367,FRB,FRB20121102,561.9,3.93,0.3696,3.93,0.3696
sample_000367,FRB20121102_0368,FRB,FRB20121102,565.7,2.55,0.3539,2.55,0.3539
sample_000368,FRB20121102_0369,FRB,FRB20121102,565.2,3.73,0.3647,3.73,0.3647
sample_000369,FRB20121102_0370,FRB,FRB20121102,568.1,5.25,0.3539,5.25,0.3539
sample_000370,FRB20121102_0371,FRB,FRB20121102,568.5,6.66,0.3578,6.66,0.3578
sample_000371,FRB20121102_0372,FRB,FRB20121102,566.3,4.98,0.3578,4.98,0.3578
sample_000372,FRB20121102_0373,FRB,FRB20121102,564.7,5.71,0.3657,5.71,0.3657
sample_000373,FRB20121102_0374,FRB,FRB20121102,569.2,7.73,0.5957,7.73,0.5957
sample_000374,FRB20121102_0375,FRB,FRB20121102,566.2,7.68,0.3598,7.68,0.3598
sample_000375,FRB20121102_0376,FRB,FRB20121102,564.4,9.79,0.3657,9.79,0.3657
sample_000376,FRB20121102_0377,FRB,FRB20121102,566.0,4.79,0.2811,4.79,0.2811
sample_000377,FRB20121102_0378,FRB,FRB20121102,566.0,14.44,0.3549,14.44,0.3549
sample_000378,FRB20121102_0379,FRB,FRB20121102,566.0,12.25,0.3559,12.25,0.3559
sample_000379,FRB20121102_0380,FRB,FRB20121102,566.7,8.83,0.3539,8.83,0.3539
sample_000380,FRB20121102_0381,FRB,FRB20121102,565.1,4.95,0.3559,4.95,0.3559
sample_000381,FRB20121102_0382,FRB,FRB20121102,566.4,9.96,0.3539,9.96,0.3539
sample_000382,FRB20121102_0383,FRB,FRB20121102,566.2,11.61,0.3912,11.61,0.3912
sample_000383,FRB20121102_0384,FRB,FRB20121102,566.0,7.83,0.3559,7.83,0.3559
sample_000384,FRB20121102_0385,FRB,FRB20121102,566.0,3.14,0.3578,3.14,0.3578
sample_000385,FRB20121102_0386,FRB,FRB20121102,565.1,5.57,0.3578,5.57,0.3578
sample_000386,FRB20121102_0387,FRB,FRB20121102,565.7,5.75,0.5544,5.75,0.5544
sample_000387,FRB20121102_0388,FRB,FRB20121102,564.1,3.21,0.3598,3.21,0.3598
sample_000388,FRB20121102_0389,FRB,FRB20121102,566.1,23.62,0.3559,23.62,0.3559
sample_000389,FRB20121102_0390,FRB,FRB20121102,567.2,6.46,0.3559,6.46,0.3559
sample_000390,FRB20121102_0391,FRB,FRB20121102,566.1,10.13,0.3559,10.13,0.3559
sample_000391,FRB20121102_0392,FRB,FRB20121102,567.4,19.76,0.3519,19.76,0.3519
sample_000392,FRB20121102_0393,FRB,FRB20121102,567.3,14.43,0.3539,14.43,0.3539
sample_000393,FRB20121102_0394,FRB,FRB20121102,567.3,10.29,0.3539,10.29,0.3539
sample_000394,FRB20121102_0395,FRB,FRB20121102,564.4,5.72,0.3598,5.72,0.3598
sample_000395,FRB20121102_0396,FRB,FRB20121102,567.3,20.63,0.3519,20.63,0.3519
sample_000396,FRB20121102_0397,FRB,FRB20121102,565.9,15.6,0.3559,15.6,0.3559
sample_000397,FRB20121102_0398,FRB,FRB20121102,566.7,11.5,0.2025,11.5,0.2025
sample_000398,FRB20121102_0399,FRB,FRB20121102,565.8,12.76,0.3559,12.76,0.3559
sample_000399,FRB20121102_0400,FRB,FRB20121102,566.7,2.43,0.3509,2.43,0.3509
sample_000400,FRB20121102_0401,FRB,FRB20121102,566.4,9.53,0.3539,9.53,0.3539
sample_000401,FRB20121102_0402,FRB,FRB20121102,566.0,9.84,0.3559,9.84,0.3559
sample_000402,FRB20121102_0403,FRB,FRB20121102,567.0,7.73,0.3519,7.73,0.3519
sample_000403,FRB20121102_0404,FRB,FRB20121102,566.1,20.27,0.3559,20.27,0.3559
sample_000404,FRB20121102_0405,FRB,FRB20121102,566.1,14.83,0.3559,14.83,0.3559
sample_000405,FRB20121102_0406,FRB,FRB20121102,565.8,12.48,0.3539,12.48,0.3539
sample_000406,FRB20121102_0407,FRB,FRB20121102,564.9,14.96,0.3598,14.96,0.3598
sample_000407,FRB20121102_0408,FRB,FRB20121102,561.2,9.23,0.0688,9.23,0.0688
sample_000408,FRB20121102_0409,FRB,FRB20121102,567.9,9.6,0.35,9.6,0.35
sample_000409,FRB20121102_0410,FRB,FRB20121102,565.5,5.75,0.3578,5.75,0.3578
sample_000410,FRB20121102_0411,FRB,FRB20121102,566.9,8.7,0.3539,8.7,0.3539
sample_000411,FRB20121102_0412,FRB,FRB20121102,564.6,11.46,0.3588,11.46,0.3588
sample_000412,FRB20121102_0413,FRB,FRB20121102,568.0,26.43,0.3519,26.43,0.3519
sample_000413,FRB20121102_0414,FRB,FRB20121102,564.9,13.21,0.3578,13.21,0.3578
sample_000414,FRB20121102_0415,FRB,FRB20121102,565.4,9.08,0.5092,9.08,0.5092
sample_000415,FRB20121102_0416,FRB,FRB20121102,565.2,263.43,0.3559,263.43,0.3559
sample_000416,FRB20121102_0417,FRB,FRB20121102,568.0,6.15,0.35,6.15,0.35
sample_000417,FRB20121102_0418,FRB,FRB20121102,567.0,11.59,0.2851,11.59,0.2851
sample_000418,FRB20121102_0419,FRB,FRB20121102,564.8,3.5,0.3578,3.5,0.3578
sample_000419,FRB20121102_0420,FRB,FRB20121102,564.7,9.24,0.3559,9.24,0.3559
sample_000420,FRB20121102_0421,FRB,FRB20121102,567.2,7.51,0.3519,7.51,0.3519
sample_000421,FRB20121102_0422,FRB,FRB20121102,567.4,12.92,0.3519,12.92,0.3519
sample_000422,FRB20121102_0423,FRB,FRB20121102,566.1,8.24,0.3559,8.24,0.3559
sample_000423,FRB20121102_0424,FRB,FRB20121102,565.7,139.63,0.3559,139.63,0.3559
sample_000424,FRB20121102_0425,FRB,FRB20121102,566.6,6.92,0.35,6.92,0.35
sample_000425,FRB20121102_0426,FRB,FRB20121102,567.6,5.36,0.3519,5.36,0.3519
sample_000426,FRB20121102_0427,FRB,FRB20121102,567.6,15.73,0.35,15.73,0.35
sample_000427,FRB20121102_0428,FRB,FRB20121102,566.2,8.71,0.3559,8.71,0.3559
sample_000428,FRB20121102_0429,FRB,FRB20121102,566.0,7.15,0.3126,7.15,0.3126
sample_000429,FRB20121102_0430,FRB,FRB20121102,566.2,7.25,0.3539,7.25,0.3539
sample_000430,FRB20121102_0431,FRB,FRB20121102,569.0,4.24,0.3991,4.24,0.3991
sample_000431,FRB20121102_0432,FRB,FRB20121102,565.3,5.99,0.3568,5.99,0.3568
sample_000432,FRB20121102_0433,FRB,FRB20121102,568.0,16.01,0.3873,16.01,0.3873
sample_000433,FRB20121102_0434,FRB,FRB20121102,567.5,2.96,0.3509,2.96,0.3509
sample_000434,FRB20121102_0435,FRB,FRB20121102,564.2,9.54,0.3598,9.54,0.3598
sample_000435,FRB20121102_0436,FRB,FRB20121102,565.2,15.49,0.3578,15.49,0.3578
sample_000436,FRB20121102_0437,FRB,FRB20121102,567.1,27.18,0.2359,27.18,0.2359
sample_000437,FRB20121102_0438,FRB,FRB20121102,564.8,12.48,0.3568,12.48,0.3568
sample_000438,FRB20121102_0439,FRB,FRB20121102,570.0,6.89,0.348,6.89,0.348
sample_000439,FRB20121102_0440,FRB,FRB20121102,566.4,6.63,0.3519,6.63,0.3519
sample_000440,FRB20121102_0441,FRB,FRB20121102,564.3,13.48,0.3588,13.48,0.3588
sample_000441,FRB20121102_0442,FRB,FRB20121102,567.5,6.68,0.3519,6.68,0.3519
sample_000442,FRB20121102_0443,FRB,FRB20121102,570.0,7.85,0.4758,7.85,0.4758
sample_000443,FRB20121102_0444,FRB,FRB20121102,566.2,10.91,0.3559,10.91,0.3559
sample_000444,FRB20121102_0445,FRB,FRB20121102,566.5,14.1,0.3519,14.1,0.3519
sample_000445,FRB20121102_0446,FRB,FRB20121102,568.9,7.67,0.35,7.67,0.35
sample_000446,FRB20121102_0447,FRB,FRB20121102,566.0,4.16,0.3559,4.16,0.3559
sample_000447,FRB20121102_0448,FRB,FRB20121102,564.8,9.68,0.3598,9.68,0.3598
sample_000448,FRB20121102_0449,FRB,FRB20121102,565.8,22.23,0.3578,22.23,0.3578
sample_000449,FRB20121102_0450,FRB,FRB20121102,564.4,49.68,0.3588,49.68,0.3588
sample_000450,FRB20121102_0451,FRB,FRB20121102,565.4,13.61,0.3559,13.61,0.3559
sample_000451,FRB20121102_0452,FRB,FRB20121102,564.7,5.43,0.3578,5.43,0.3578
sample_000452,FRB20121102_0453,FRB,FRB20121102,565.1,7.73,0.3559,7.73,0.3559
sample_000453,FRB20121102_0454,FRB,FRB20121102,567.4,30.17,0.3519,30.17,0.3519
sample_000454,FRB20121102_0455,FRB,FRB20121102,566.3,26.56,0.3539,26.56,0.3539
sample_000455,FRB20121102_0456,FRB,FRB20121102,565.1,9.93,0.3559,9.93,0.3559
sample_000456,FRB20121102_0457,FRB,FRB20121102,564.6,18.36,0.3578,18.36,0.3578
sample_000457,FRB20121102_0458,FRB,FRB20121102,569.8,6.36,0.3146,6.36,0.3146
sample_000458,FRB20121102_0459,FRB,FRB20121102,569.2,23.45,0.35,23.45,0.35
sample_000459,FRB20121102_0460,FRB,FRB20121102,568.0,8.48,0.3598,8.48,0.3598
sample_000460,FRB20121102_0461,FRB,FRB20121102,563.6,15.2,0.3598,15.2,0.3598
sample_000461,FRB20121102_0462,FRB,FRB20121102,566.0,7.73,0.3559,7.73,0.3559
sample_000462,FRB20121102_0463,FRB,FRB20121102,567.4,13.72,0.35,13.72,0.35
sample_000463,FRB20121102_0464,FRB,FRB20121102,564.4,6.73,0.3578,6.73,0.3578
sample_000464,FRB20121102_0465,FRB,FRB20121102,564.4,19.45,0.3578,19.45,0.3578
sample_000465,FRB20121102_0466,FRB,FRB20121102,565.4,13.2,0.3539,13.2,0.3539
sample_000466,FRB20121102_0467,FRB,FRB20121102,564.7,6.64,0.3578,6.64,0.3578
sample_000467,FRB20121102_0468,FRB,FRB20121102,565.6,5.23,0.3568,5.23,0.3568
sample_000468,FRB20121102_0469,FRB,FRB20121102,567.6,5.54,0.3519,5.54,0.3519
sample_000469,FRB20121102_0470,FRB,FRB20121102,566.0,23.2,0.1455,23.2,0.1455
sample_000470,FRB20180301_0001,FRB,FRB20180301,517.8,6.51,0.4355,6.51,0.4355
sample_000471,FRB20180301_0002,FRB,FRB20180301,517.81,20.69,0.4306,20.69,0.4306
sample_000472,FRB20180301_0003,FRB,FRB20180301,518.0,4.8,0.4345,4.8,0.4345
sample_000473,FRB20180301_0004,FRB,FRB20180301,517.83,39.5,0.4306,39.5,0.4306
sample_000474,FRB20180301_0005,FRB,FRB20180301,517.9,18.99,0.4404,18.99,0.4404
sample_000475,FRB20201124_0001,FRB,FRB20201124,412.97,13.75,0.5328,13.75,0.5328
sample_000476,FRB20201124_0002,FRB,FRB20201124,412.97,22.59,0.5328,22.59,0.5328
sample_000477,FRB20201124_0003,FRB,FRB20201124,412.97,26.5,0.5318,26.5,0.5318
sample_000478,FRB20201124_0004,FRB,FRB20201124,412.97,16.43,0.5328,16.43,0.5328
sample_000479,FRB20201124_0005,FRB,FRB20201124,412.97,5.91,0.5328,5.91,0.5328
sample_000480,FRB20201124_0006,FRB,FRB20201124,412.97,623.9,0.4896,623.9,0.4896
sample_000481,FRB20201124_0007,FRB,FRB20201124,412.97,4.65,0.5308,4.65,0.5308
sample_000482,FRB20201124_0008,FRB,FRB20201124,412.97,863.31,0.7137,863.31,0.7137
sample_000483,FRB20201124_0009,FRB,FRB20201124,412.97,33.37,0.6999,33.37,0.6999
sample_000484,FRB20201124_0010,FRB,FRB20201124,412.18,29.16,0.5328,29.16,0.5328
sample_000485,FRB20201124_0011,FRB,FRB20201124,412.18,379.94,0.5053,379.94,0.5053
sample_000486,FRB20201124_0012,FRB,FRB20201124,412.18,73.98,0.5328,73.98,0.5328
sample_000487,FRB20201124_0013,FRB,FRB20201124,412.18,6.45,0.4443,6.45,0.4443
sample_000488,FRB20201124_0014,FRB,FRB20201124,412.18,3.41,0.5358,3.41,0.5358
sample_000489,FRB20201124_0015,FRB,FRB20201124,412.18,6.84,0.0649,6.84,0.0649
sample_000490,FRB20201124_0016,FRB,FRB20201124,412.18,16.05,0.5338,16.05,0.5338
sample_000491,FRB20201124_0017,FRB,FRB20201124,412.18,11.38,0.5348,11.38,0.5348
sample_000492,FRB20201124_0018,FRB,FRB20201124,411.51,3.93,0.9467,3.93,0.9467
sample_000493,FRB20201124_0019,FRB,FRB20201124,411.51,7.94,0.5358,7.94,0.5358
sample_000494,FRB20201124_0020,FRB,FRB20201124,411.51,7.32,0.5358,7.32,0.5358
sample_000495,FRB20201124_0021,FRB,FRB20201124,411.51,24.2,0.8002,24.2,0.8002
sample_000496,FRB20201124_0022,FRB,FRB20201124,411.51,99.89,0.5367,99.89,0.5367
sample_000497,FRB20201124_0023,FRB,FRB20201124,411.51,15.44,0.5367,15.44,0.5367
sample_000498,FRB20201124_0024,FRB,FRB20201124,411.51,36.57,0.5367,36.57,0.5367
sample_000499,FRB20201124_0025,FRB,FRB20201124,411.51,47.74,0.5348,47.74,0.5348
sample_000500,FRB20201124_0026,FRB,FRB20201124,411.51,9.41,0.5328,9.41,0.5328
sample_000501,FRB20201124_0027,FRB,FRB20201124,411.51,8.76,0.5367,8.76,0.5367
sample_000502,FRB20201124_0028,FRB,FRB20201124,411.51,73.46,0.5367,73.46,0.5367
sample_000503,FRB20201124_0029,FRB,FRB20201124,411.51,4.85,0.5358,4.85,0.5358
sample_000504,FRB20201124_0030,FRB,FRB20201124,411.51,6.6,0.5367,6.6,0.5367
sample_000505,FRB20201124_0031,FRB,FRB20201124,411.51,28.33,0.9054,28.33,0.9054
sample_000506,FRB20201124_0032,FRB,FRB20201124,411.51,4.74,0.5387,4.74,0.5387
sample_000507,FRB20201124_0033,FRB,FRB20201124,411.51,15.71,0.5367,15.71,0.5367
sample_000508,FRB20201124_0034,FRB,FRB20201124,411.51,190.15,0.5367,190.15,0.5367
sample_000509,FRB20201124_0035,FRB,FRB20201124,411.51,4.98,0.5358,4.98,0.5358
sample_000510,FRB20201124_0036,FRB,FRB20201124,411.51,12.9,0.5358,12.9,0.5358
sample_000511,FRB20201124_0037,FRB,FRB20201124,411.51,415.92,0.5348,415.92,0.5348
sample_000512,FRB20201124_0038,FRB,FRB20201124,411.51,86.68,0.8847,86.68,0.8847
sample_000513,FRB20201124_0039,FRB,FRB20201124,411.51,6.16,0.5367,6.16,0.5367
sample_000514,FRB20201124_0040,FRB,FRB20201124,411.51,7.44,0.5348,7.44,0.5348
sample_000515,FRB20201124_0041,FRB,FRB20201124,411.51,37.82,0.3696,37.82,0.3696
sample_000516,FRB20201124_0042,FRB,FRB20201124,411.51,8.13,0.3047,8.13,0.3047
sample_000517,FRB20201124_0043,FRB,FRB20201124,411.51,55.58,0.8258,55.58,0.8258
sample_000518,FRB20201124_0044,FRB,FRB20201124,411.51,16.04,0.5348,16.04,0.5348
sample_000519,FRB20201124_0045,FRB,FRB20201124,411.51,12.71,0.5348,12.71,0.5348
sample_000520,FRB20201124_0046,FRB,FRB20201124,411.51,118.67,0.5348,118.67,0.5348
sample_000521,FRB20201124_0047,FRB,FRB20201124,411.51,5.0,0.5348,5.0,0.5348
sample_000522,FRB20201124_0048,FRB,FRB20201124,411.51,372.91,0.5348,372.91,0.5348
sample_000523,FRB20201124_0049,FRB,FRB20201124,411.51,5.98,0.5348,5.98,0.5348
sample_000524,FRB20201124_0050,FRB,FRB20201124,411.51,402.09,0.5367,402.09,0.5367
sample_000525,FRB20201124_0051,FRB,FRB20201124,411.51,6.0,0.5367,6.0,0.5367
sample_000526,FRB20201124_0052,FRB,FRB20201124,411.51,91.22,0.5367,91.22,0.5367
sample_000527,FRB20201124_0053,FRB,FRB20201124,411.51,15.44,0.5367,15.44,0.5367
sample_000528,FRB20201124_0054,FRB,FRB20201124,411.51,4.42,0.5348,4.42,0.5348
sample_000529,FRB20201124_0055,FRB,FRB20201124,411.51,236.21,0.5367,236.21,0.5367
sample_000530,FRB20201124_0056,FRB,FRB20201124,411.51,398.92,0.5367,398.92,0.5367
sample_000531,FRB20201124_0057,FRB,FRB20201124,411.51,221.39,0.5348,221.39,0.5348
sample_000532,FRB20201124_0058,FRB,FRB20201124,411.51,38.91,0.5348,38.91,0.5348
sample_000533,FRB20201124_0059,FRB,FRB20201124,411.51,221.62,0.5407,221.62,0.5407
sample_000534,FRB20201124_0060,FRB,FRB20201124,412.55,12.18,0.5328,12.18,0.5328
sample_000535,FRB20201124_0061,FRB,FRB20201124,412.55,10.21,0.5328,10.21,0.5328
sample_000536,FRB20201124_0062,FRB,FRB20201124,412.55,33.6,0.5328,33.6,0.5328
sample_000537,FRB20201124_0063,FRB,FRB20201124,412.55,6.01,0.5328,6.01,0.5328
sample_000538,FRB20201124_0064,FRB,FRB20201124,412.55,89.76,0.5328,89.76,0.5328
sample_000539,FRB20201124_0065,FRB,FRB20201124,412.55,21.82,0.5328,21.82,0.5328
sample_000540,FRB20201124_0066,FRB,FRB20201124,412.55,64.44,0.5328,64.44,0.5328
sample_000541,FRB20201124_0067,FRB,FRB20201124,412.55,174.32,0.5348,174.32,0.5348
sample_000542,FRB20201124_0068,FRB,FRB20201124,412.55,22.73,0.5328,22.73,0.5328
sample_000543,FRB20201124_0069,FRB,FRB20201124,412.55,33.75,0.5328,33.75,0.5328
sample_000544,FRB20201124_0070,FRB,FRB20201124,412.55,22.2,0.5328,22.2,0.5328
sample_000545,FRB20201124_0071,FRB,FRB20201124,412.55,46.85,0.5328,46.85,0.5328
sample_000546,FRB20201124_0072,FRB,FRB20201124,412.55,25.04,0.5348,25.04,0.5348
sample_000547,FRB20201124_0073,FRB,FRB20201124,412.55,8.38,0.8356,8.38,0.8356
sample_000548,FRB20201124_0074,FRB,FRB20201124,412.55,117.83,0.4896,117.83,0.4896
sample_000549,FRB20201124_0075,FRB,FRB20201124,412.55,105.02,0.5328,105.02,0.5328
sample_000550,FRB20201124_0076,FRB,FRB20201124,412.55,17.14,0.5328,17.14,0.5328
sample_000551,FRB20201124_0077,FRB,FRB20201124,412.55,8.3,0.5348,8.3,0.5348
sample_000552,FRB20201124_0078,FRB,FRB20201124,412.55,21.09,0.5328,21.09,0.5328
sample_000553,FRB20201124_0079,FRB,FRB20201124,412.55,13.7,0.5328,13.7,0.5328
sample_000554,FRB20201124_0080,FRB,FRB20201124,412.55,11.32,0.5348,11.32,0.5348
sample_000555,FRB20201124_0081,FRB,FRB20201124,412.55,90.71,0.5328,90.71,0.5328
sample_000556,FRB20201124_0082,FRB,FRB20201124,412.55,39.44,0.5328,39.44,0.5328
sample_000557,FRB20201124_0083,FRB,FRB20201124,412.55,35.65,0.5328,35.65,0.5328
sample_000558,FRB20201124_0084,FRB,FRB20201124,412.55,24.31,0.5328,24.31,0.5328
sample_000559,FRB20201124_0085,FRB,FRB20201124,412.55,98.65,0.5328,98.65,0.5328
sample_000560,FRB20201124_0086,FRB,FRB20201124,412.55,51.54,0.5328,51.54,0.5328
sample_000561,FRB20201124_0087,FRB,FRB20201124,412.55,36.54,0.4266,36.54,0.4266
sample_000562,FRB20201124_0088,FRB,FRB20201124,412.55,93.46,0.5328,93.46,0.5328
sample_000563,FRB20201124_0089,FRB,FRB20201124,412.55,120.19,0.5328,120.19,0.5328
sample_000564,FRB20201124_0090,FRB,FRB20201124,412.55,71.72,0.5328,71.72,0.5328
sample_000565,FRB20201124_0091,FRB,FRB20201124,412.55,6.13,0.4286,6.13,0.4286
sample_000566,FRB20201124_0092,FRB,FRB20201124,412.55,5.85,0.5328,5.85,0.5328
sample_000567,FRB20201124_0093,FRB,FRB20201124,412.55,13.26,0.5328,13.26,0.5328
sample_000568,FRB20201124_0094,FRB,FRB20201124,412.55,132.62,0.5328,132.62,0.5328
sample_000569,FRB20201124_0095,FRB,FRB20201124,412.55,7.52,0.5348,7.52,0.5348
sample_000570,FRB20201124_0096,FRB,FRB20201124,412.55,9.07,0.5328,9.07,0.5328
sample_000571,FRB20201124_0097,FRB,FRB20201124,412.55,17.81,0.5367,17.81,0.5367
sample_000572,FRB20201124_0098,FRB,FRB20201124,412.55,15.03,0.5328,15.03,0.5328
sample_000573,FRB20201124_0099,FRB,FRB20201124,412.55,195.19,0.7864,195.19,0.7864
sample_000574,FRB20201124_0100,FRB,FRB20201124,412.55,19.96,0.5328,19.96,0.5328
sample_000575,FRB20201124_0101,FRB,FRB20201124,412.55,122.57,0.5328,122.57,0.5328
sample_000576,FRB20201124_0102,FRB,FRB20201124,412.55,124.44,0.2949,124.44,0.2949
sample_000577,FRB20201124_0103,FRB,FRB20201124,412.55,132.09,0.9359,132.09,0.9359
sample_000578,FRB20201124_0104,FRB,FRB20201124,412.55,7.22,0.5328,7.22,0.5328
sample_000579,FRB20201124_0105,FRB,FRB20201124,412.55,9.03,0.5328,9.03,0.5328
sample_000580,FRB20201124_0106,FRB,FRB20201124,412.55,13.91,0.5348,13.91,0.5348
sample_000581,FRB20201124_0107,FRB,FRB20201124,412.55,15.64,0.5328,15.64,0.5328
sample_000582,FRB20201124_0108,FRB,FRB20201124,412.55,179.48,0.5328,179.48,0.5328
sample_000583,FRB20201124_0109,FRB,FRB20201124,412.55,5.79,0.5328,5.79,0.5328
sample_000584,FRB20201124_0110,FRB,FRB20201124,412.55,567.28,0.5328,567.28,0.5328
sample_000585,FRB20201124_0111,FRB,FRB20201124,412.55,11.17,0.5328,11.17,0.5328
sample_000586,FRB20201124_0112,FRB,FRB20201124,412.55,647.62,0.5348,647.62,0.5348
sample_000587,FRB20201124_0113,FRB,FRB20201124,412.55,54.72,0.7058,54.72,0.7058
sample_000588,FRB20201124_0114,FRB,FRB20201124,412.55,12.05,0.5328,12.05,0.5328
sample_000589,FRB20201124_0115,FRB,FRB20201124,412.55,120.42,0.5328,120.42,0.5328
sample_000590,FRB20201124_0116,FRB,FRB20201124,412.55,13.02,0.5328,13.02,0.5328
sample_000591,FRB20201124_0117,FRB,FRB20201124,412.55,4.93,0.3362,4.93,0.3362
sample_000592,FRB20201124_0118,FRB,FRB20201124,412.55,57.18,0.5367,57.18,0.5367
sample_000593,FRB20201124_0119,FRB,FRB20201124,412.55,16.11,0.8395,16.11,0.8395
sample_000594,FRB20201124_0120,FRB,FRB20201124,412.55,124.29,0.5328,124.29,0.5328
sample_000595,FRB20201124_0121,FRB,FRB20201124,412.55,6.67,0.5328,6.67,0.5328
sample_000596,FRB20201124_0122,FRB,FRB20201124,412.55,8.12,0.5328,8.12,0.5328
sample_000597,FRB20201124_0123,FRB,FRB20201124,412.55,24.44,0.523,24.44,0.523
sample_000598,FRB20201124_0124,FRB,FRB20201124,412.55,19.58,0.5328,19.58,0.5328
sample_000599,FRB20201124_0125,FRB,FRB20201124,412.55,104.06,0.5328,104.06,0.5328
sample_000600,00001_neg_sample,RFI,,566.2,3.9,0.578,3.13,0.6105
sample_000601,00002_neg_sample,RFI,,564.4,5.66,1.0823,4.03,0.4443
sample_000602,00003_neg_sample,RFI,,567.3,5.69,0.7196,5.02,0.7737
sample_000603,00004_neg_sample,RFI,,565.8,4.62,0.1504,3.67,0.229
sample_000604,00005_neg_sample,RFI,,570.0,2.94,0.5004,2.81,0.9191
sample_000605,00006_neg_sample,RFI,,411.51,3.97,0.1691,3.74,0.7913
sample_000606,00007_neg_sample,RFI,,566.0,5.18,1.4234,5.11,0.7992
sample_000607,00008_neg_sample,RFI,,564.8,7.98,1.6456,3.75,0.8464
sample_000608,00009_neg_sample,RFI,,567.0,4.92,0.0433,3.65,0.1219
sample_000609,00010_neg_sample,RFI,,566.0,3.94,0.8641,3.0,0.8002
sample_000610,00011_neg_sample,RFI,,566.0,5.7,0.0305,3.07,0.0826
sample_000611,00012_neg_sample,RFI,,412.55,4.71,0.1347,3.81,0.4217
sample_000612,00013_neg_sample,RFI,,567.5,5.82,1.2465,4.54,0.8926
sample_000613,00014_neg_sample,RFI,,564.6,4.04,0.8218,3.5,0.3146
sample_000614,00015_neg_sample,RFI,,569.0,4.97,0.6095,3.29,0.5957
sample_000615,00016_neg_sample,RFI,,517.81,4.81,0.9221,3.6,0.9771
sample_000616,00017_neg_sample,RFI,,566.3,4.36,0.8228,2.81,0.2212
sample_000617,00018_neg_sample,RFI,,561.0,3.76,0.5358,3.82,0.0659
sample_000618,00019_neg_sample,RFI,,411.51,5.09,0.8828,4.25,0.5672
sample_000619,00020_neg_sample,RFI,,564.9,3.46,0.9663,2.71,0.8838
sample_000620,00021_neg_sample,RFI,,563.7,5.06,0.2802,3.03,0.7953
sample_000621,00022_neg_sample,RFI,,567.7,4.13,0.2635,3.64,0.1917
sample_000622,00023_neg_sample,RFI,,565.4,5.22,0.0305,2.97,0.1671
sample_000623,00024_neg_sample,RFI,,412.55,5.8,0.983,3.13,1.0194
sample_000624,00025_neg_sample,RFI,,567.6,3.34,0.1013,2.54,0.4532
sample_000625,00026_neg_sample,RFI,,565.7,4.71,0.7166,3.39,0.347
sample_000626,00027_neg_sample,RFI,,567.0,5.69,0.4139,3.78,0.5102
sample_000627,00028_neg_sample,RFI,,411.51,3.47,0.4748,2.58,0.7786
sample_000628,00029_neg_sample,RFI,,567.4,2.26,0.1406,2.12,0.0541
sample_000629,00030_neg_sample,RFI,,566.7,4.45,0.0492,3.27,0.0737
sample_000630,00031_neg_sample,RFI,,564.9,2.12,0.7324,1.51,0.8346
sample_000631,00032_neg_sample,RFI,,566.7,2.65,0.3716,1.84,0.1189
sample_000632,00033_neg_sample,RFI,,568.5,2.32,0.64,2.04,0.9093
sample_000633,00034_neg_sample,RFI,,566.6,1.69,0.6203,1.56,0.8897
sample_000634,00035_neg_sample,RFI,,411.51,4.99,0.6842,3.21,1.2072
sample_000635,00036_neg_sample,RFI,,566.0,7.94,1.2072,3.76,0.9162
sample_000636,00037_neg_sample,RFI,,411.51,4.83,0.1081,4.68,0.0865
sample_000637,00038_neg_sample,RFI,,411.51,1.98,0.7107,1.51,1.1374
sample_000638,00039_neg_sample,RFI,,564.4,2.22,0.5476,2.05,0.8729
sample_000639,00040_neg_sample,RFI,,566.0,3.62,0.1347,2.94,0.1602
sample_000640,00041_neg_sample,RFI,,567.0,3.71,0.6095,3.61,0.521
sample_000641,00042_neg_sample,RFI,,566.3,3.38,0.1534,3.17,0.1366
sample_000642,00043_neg_sample,RFI,,567.2,1.7,0.001,1.42,0.0993
sample_000643,00044_neg_sample,RFI,,565.6,5.73,0.9889,4.4,0.4168
sample_000644,00045_neg_sample,RFI,,567.9,3.47,0.0305,2.64,0.3549
sample_000645,00046_neg_sample,RFI,,412.55,4.06,0.9899,3.85,1.1334
sample_000646,00047_neg_sample,RFI,,566.0,2.99,0.4846,2.97,0.4198
sample_000647,00048_neg_sample,RFI,,412.55,3.91,1.0519,3.39,1.1207
sample_000648,00049_neg_sample,RFI,,564.9,4.52,1.4775,3.16,0.4905
sample_000649,00050_neg_sample,RFI,,565.6,3.87,0.5308,3.94,0.5407
sample_000650,00051_neg_sample,RFI,,565.1,5.08,0.0216,3.72,0.0983
sample_000651,00052_neg_sample,RFI,,569.4,4.22,0.1386,3.2,0.0963
sample_000652,00053_neg_sample,RFI,,566.0,5.6,0.0678,3.85,0.6852
sample_000653,00054_neg_sample,RFI,,565.4,4.27,0.5004,2.98,0.3804
sample_000654,00055_neg_sample,RFI,,568.5,4.35,0.35,3.33,0.6193
sample_000655,00056_neg_sample,RFI,,566.0,3.81,0.1701,2.84,0.3981
sample_000656,00057_neg_sample,RFI,,567.4,3.83,0.5662,3.02,0.7461
sample_000657,00058_neg_sample,RFI,,569.0,5.28,0.0315,3.74,0.0088
sample_000658,00059_neg_sample,RFI,,566.0,3.88,0.9752,4.19,0.6095
sample_000659,00060_neg_sample,RFI,,565.5,4.33,0.1081,2.88,0.5466
sample_000660,00061_neg_sample,RFI,,412.55,9.88,0.0393,3.99,0.0511
sample_000661,00062_neg_sample,RFI,,566.0,3.66,0.5436,3.29,0.4738
sample_000662,00063_neg_sample,RFI,,566.0,4.03,0.0914,3.47,0.8621
sample_000663,00064_neg_sample,RFI,,412.55,3.65,0.2605,3.15,1.219
sample_000664,00065_neg_sample,RFI,,565.4,3.55,0.0895,2.71,0.0924
sample_000665,00066_neg_sample,RFI,,568.5,4.79,1.103,3.64,0.8828
sample_000666,00067_neg_sample,RFI,,412.55,3.81,0.694,2.72,0.5829
sample_000667,00068_neg_sample,RFI,,567.7,4.0,0.1435,3.28,0.1317
sample_000668,00069_neg_sample,RFI,,570.0,12.71,1.1167,3.41,0.1612
sample_000669,00070_neg_sample,RFI,,566.0,3.36,0.524,2.11,0.8425
sample_000670,00071_neg_sample,RFI,,412.97,4.01,0.0236,3.11,0.3677
sample_000671,00072_neg_sample,RFI,,563.8,5.5,1.2819,2.74,0.8965
sample_000672,00073_neg_sample,RFI,,564.5,4.69,1.0509,4.07,0.6232
sample_000673,00074_neg_sample,RFI,,562.8,3.86,0.0865,3.63,0.2753
sample_000674,00075_neg_sample,RFI,,564.6,3.96,0.1838,3.05,0.2723
sample_000675,00076_neg_sample,RFI,,567.9,4.06,0.9673,3.39,0.7776
sample_000676,00077_neg_sample,RFI,,563.8,4.39,0.8828,3.51,0.0806
sample_000677,00078_neg_sample,RFI,,566.7,3.65,1.3772,3.24,0.8621
sample_000678,00079_neg_sample,RFI,,566.4,5.22,0.0167,3.53,0.0531
sample_000679,00080_neg_sample,RFI,,566.0,4.93,0.9172,3.99,0.5358
sample_000680,00081_neg_sample,RFI,,412.55,2.85,0.1543,1.83,0.0855
sample_000681,00082_neg_sample,RFI,,565.4,4.56,0.8788,4.15,0.8828
sample_000682,00083_neg_sample,RFI,,566.0,4.05,0.5259,3.6,0.8159
sample_000683,00084_neg_sample,RFI,,411.51,4.5,0.3519,3.69,0.3067
sample_000684,00085_neg_sample,RFI,,566.0,4.03,0.3441,2.73,0.408
sample_000685,00086_neg_sample,RFI,,567.2,4.04,0.5043,3.12,0.1376
sample_000686,00087_neg_sample,RFI,,566.0,3.34,0.756,3.77,0.6242
sample_000687,00088_neg_sample,RFI,,563.6,4.83,0.5308,3.23,0.116
sample_000688,00089_neg_sample,RFI,,563.6,3.9,0.001,2.94,0.0836
sample_000689,00090_neg_sample,RFI,,411.51,4.24,0.1357,3.1,0.7746
sample_000690,00091_neg_sample,RFI,,565.4,4.11,0.4896,4.78,0.175
sample_000691,00092_neg_sample,RFI,,412.97,4.64,0.5023,3.52,1.0587
sample_000692,00093_neg_sample,RFI,,411.51,4.58,0.1553,3.38,0.2202
sample_000693,00094_neg_sample,RFI,,566.2,3.14,0.2232,2.51,0.1042
sample_000694,00095_neg_sample,RFI,,412.55,7.33,0.0108,5.01,0.4099
sample_000695,00096_neg_sample,RFI,,562.6,6.19,0.8759,3.99,0.3234
sample_000696,00097_neg_sample,RFI,,566.0,4.69,1.0725,3.41,0.5249
sample_000697,00098_neg_sample,RFI,,565.5,6.58,1.1787,3.82,0.3008
sample_000698,00099_neg_sample,RFI,,566.2,3.63,0.8307,3.02,0.8513
sample_000699,00100_neg_sample,RFI,,552.4,4.07,0.9014,3.66,0.7176
sample_000700,00101_neg_sample,RFI,,411.51,4.44,1.0361,3.19,0.3352
sample_000701,00102_neg_sample,RFI,,568.1,4.65,0.0885,3.65,0.0551
sample_000702,00103_neg_sample,RFI,,412.97,3.48,0.1484,2.25,0.0659
sample_000703,00104_neg_sample,RFI,,565.8,4.85,0.9221,4.45,0.8926
sample_000704,00105_neg_sample,RFI,,412.97,4.0,0.6626,3.0,0.9496
sample_000705,00106_neg_sample,RFI,,518.0,3.86,0.0295,3.31,0.1897
sample_000706,00107_neg_sample,RFI,,567.6,5.34,1.1325,3.33,0.0393
sample_000707,00108_neg_sample,RFI,,565.8,13.48,0.4207,1.92,0.3038
sample_000708,00109_neg_sample,RFI,,565.4,4.75,0.1769,3.37,0.115
sample_000709,00110_neg_sample,RFI,,565.7,4.22,0.6527,3.21,0.4345
sample_000710,00111_neg_sample,RFI,,564.4,5.46,0.6449,2.81,0.6537
sample_000711,00112_neg_sample,RFI,,567.6,5.33,1.5375,2.94,0.8474
sample_000712,00113_neg_sample,RFI,,567.3,3.99,0.5397,3.65,0.9142
sample_000713,00114_neg_sample,RFI,,563.7,3.56,0.5633,3.15,0.4463
sample_000714,00115_neg_sample,RFI,,564.6,7.79,1.3035,3.71,0.7019
sample_000715,00116_neg_sample,RFI,,564.3,4.67,0.4483,4.42,0.4827
sample_000716,00117_neg_sample,RFI,,566.0,4.86,0.059,3.27,0.0914
sample_000717,00118_neg_sample,RFI,,552.4,4.48,0.3293,3.28,0.057
sample_000718,00119_neg_sample,RFI,,566.0,4.1,0.2792,2.93,0.4581
sample_000719,00120_neg_sample,RFI,,565.8,4.5,0.1809,3.99,0.2399
sample_000720,00121_neg_sample,RFI,,565.8,5.05,0.9132,4.59,0.2448
sample_000721,00122_neg_sample,RFI,,566.0,3.89,0.8258,3.08,0.8651
sample_000722,00123_neg_sample,RFI,,567.3,6.19,0.1199,3.93,0.0334
sample_000723,00124_neg_sample,RFI,,565.4,3.86,1.6358,3.02,0.7668
sample_000724,00125_neg_sample,RFI,,411.51,4.53,0.1858,3.14,0.5879
sample_000725,00126_neg_sample,RFI,,568.0,2.99,0.0836,2.58,0.3647
sample_000726,00127_neg_sample,RFI,,568.9,5.19,0.812,5.07,0.2222
sample_000727,00128_neg_sample,RFI,,569.2,4.33,0.287,2.76,0.2979
sample_000728,00129_neg_sample,RFI,,563.4,4.83,0.1042,3.39,0.4561
sample_000729,00130_neg_sample,RFI,,565.1,7.71,1.3586,3.22,0.928
sample_000730,00131_neg_sample,RFI,,568.0,4.5,0.346,3.45,0.0914
sample_000731,00132_neg_sample,RFI,,566.6,5.8,0.6822,3.3,0.8376
sample_000732,00133_neg_sample,RFI,,567.9,7.74,0.1612,4.74,0.0963
sample_000733,00134_neg_sample,RFI,,567.4,4.25,0.0413,3.83,0.0108
sample_000734,00135_neg_sample,RFI,,412.97,8.35,0.0393,5.38,0.0826
sample_000735,00136_neg_sample,RFI,,567.2,1.96,0.9929,1.28,0.5672
sample_000736,00137_neg_sample,RFI,,568.1,1.8,0.1543,1.38,0.1209
sample_000737,00138_neg_sample,RFI,,566.7,4.12,0.7648,2.79,0.7619
sample_000738,00139_neg_sample,RFI,,568.3,5.07,0.0393,2.94,0.0334
sample_000739,00140_neg_sample,RFI,,565.4,7.19,0.0354,3.74,0.1307
sample_000740,00141_neg_sample,RFI,,412.55,5.58,0.0393,4.0,0.0088
sample_000741,00142_neg_sample,RFI,,566.9,4.05,0.4669,3.1,0.1789
sample_000742,00143_neg_sample,RFI,,565.6,3.58,0.0757,3.3,0.1003
sample_000743,00144_neg_sample,RFI,,567.2,3.82,0.3893,4.36,0.8267
sample_000744,00145_neg_sample,RFI,,412.55,4.16,0.1789,3.8,1.1659
sample_000745,00146_neg_sample,RFI,,411.51,4.28,0.4207,2.91,1.1993
sample_000746,00147_neg_sample,RFI,,566.0,4.44,0.0934,3.24,0.5063
sample_000747,00148_neg_sample,RFI,,568.4,3.29,0.0069,2.48,0.0904
sample_000748,00149_neg_sample,RFI,,411.51,3.6,1.5286,3.54,1.1443
sample_000749,00150_neg_sample,RFI,,569.0,2.19,0.7579,2.16,0.8838
sample_000750,00151_neg_sample,RFI,,411.51,2.87,0.2526,1.93,0.0678
sample_000751,00152_neg_sample,RFI,,566.7,4.33,1.1315,3.18,0.8287
sample_000752,00153_neg_sample,RFI,,412.55,4.49,0.6685,3.93,1.2131
sample_000753,00154_neg_sample,RFI,,568.3,4.43,1.1541,3.88,0.8336
sample_000754,00155_neg_sample,RFI,,565.0,4.18,0.0423,2.89,0.1691
sample_000755,00156_neg_sample,RFI,,566.7,4.34,0.2222,3.84,0.2202
sample_000756,00157_neg_sample,RFI,,566.0,4.74,0.8916,3.66,0.1445
sample_000757,00158_neg_sample,RFI,,566.5,4.85,0.0944,3.7,0.0727
sample_000758,00159_neg_sample,RFI,,564.6,6.33,1.3822,3.58,0.7461
sample_000759,00160_neg_sample,RFI,,517.8,5.29,0.057,4.71,0.0295
sample_000760,00161_neg_sample,RFI,,412.55,4.81,1.0174,3.07,0.87
sample_000761,00162_neg_sample,RFI,,565.8,5.73,0.6272,3.78,0.1435
sample_000762,00163_neg_sample,RFI,,567.2,4.79,0.0757,3.56,0.8002
sample_000763,00164_neg_sample,RFI,,565.5,8.39,0.5938,3.53,0.0688
sample_000764,00165_neg_sample,RFI,,566.5,4.36,0.7147,2.86,0.0757
sample_000765,00166_neg_sample,RFI,,412.18,4.96,0.0413,2.8,0.0639
sample_000766,00167_neg_sample,RFI,,565.8,3.82,0.4748,3.28,0.5741
sample_000767,00168_neg_sample,RFI,,564.3,9.9,0.1022,3.66,0.0324
sample_000768,00169_neg_sample,RFI,,565.5,4.9,0.461,3.47,0.4758
sample_000769,00170_neg_sample,RFI,,564.5,5.82,0.3362,3.02,0.754
sample_000770,00171_neg_sample,RFI,,566.0,4.15,0.232,3.07,0.869
sample_000771,00172_neg_sample,RFI,,567.9,5.14,0.6665,4.34,0.6763
sample_000772,00173_neg_sample,RFI,,567.4,6.87,1.3664,2.92,0.9083
sample_000773,00174_neg_sample,RFI,,567.5,4.9,1.4785,3.33,0.7432
sample_000774,00175_neg_sample,RFI,,564.8,4.26,0.5967,3.32,0.5141
sample_000775,00176_neg_sample,RFI,,564.5,4.26,0.7196,3.47,0.8297
sample_000776,00177_neg_sample,RFI,,569.0,5.28,0.3264,1.95,0.0049
sample_000777,00178_neg_sample,RFI,,566.0,4.52,1.5974,3.24,0.8906
sample_000778,00179_neg_sample,RFI,,412.55,4.42,0.0668,3.24,0.0187
sample_000779,00180_neg_sample,RFI,,563.7,4.39,0.0315,3.26,0.2664
sample_000780,00181_neg_sample,RFI,,412.55,4.78,1.2317,2.78,1.0843
sample_000781,00182_neg_sample,RFI,,566.6,4.11,1.6427,3.95,0.8985
sample_000782,00183_neg_sample,RFI,,568.5,4.17,0.2939,3.29,0.176
sample_000783,00184_neg_sample,RFI,,567.0,4.65,0.2261,3.87,0.4846
sample_000784,00185_neg_sample,RFI,,566.0,8.12,0.0315,6.08,0.0315
sample_000785,00186_neg_sample,RFI,,566.0,4.35,0.7442,3.48,0.6567
sample_000786,00187_neg_sample,RFI,,567.0,2.76,0.0206,2.55,0.056
sample_000787,00188_neg_sample,RFI,,568.2,5.36,1.7852,3.74,0.8867
sample_000788,00189_neg_sample,RFI,,566.0,3.76,1.3674,2.88,0.6675
sample_000789,00190_neg_sample,RFI,,566.5,4.99,0.3087,4.55,0.4335
sample_000790,00191_neg_sample,RFI,,566.9,4.45,1.2131,3.28,0.0688
sample_000791,00192_neg_sample,RFI,,566.0,4.86,0.0079,3.24,0.345
sample_000792,00193_neg_sample,RFI,,566.7,4.05,0.926,3.28,0.5662
sample_000793,00194_neg_sample,RFI,,564.1,3.93,0.4384,3.08,0.3352
sample_000794,00195_neg_sample,RFI,,412.55,4.3,0.3755,3.75,0.3971
sample_000795,00196_neg_sample,RFI,,565.6,4.43,0.3175,2.94,0.3873
sample_000796,00197_neg_sample,RFI,,566.4,4.79,0.001,4.03,0.0079
sample_000797,00198_neg_sample,RFI,,566.0,6.28,0.0727,3.98,0.0551
sample_000798,00199_neg_sample,RFI,,565.2,4.51,1.1885,3.69,0.8317
sample_000799,00200_neg_sample,RFI,,412.55,3.42,0.3647,3.31,0.3136
sample_000800,00201_neg_sample,RFI,,566.0,5.09,1.6338,2.92,0.6704
sample_000801,00202_neg_sample,RFI,,412.55,3.99,0.1966,3.1,0.6527
sample_000802,00203_neg_sample,RFI,,566.0,5.05,0.0138,3.18,0.2074
sample_000803,00204_neg_sample,RFI,,564.7,3.93,0.2556,3.04,0.5181
sample_000804,00205_neg_sample,RFI,,566.0,7.61,0.4581,4.0,0.6183
sample_000805,00206_neg_sample,RFI,,566.1,4.93,0.0442,3.75,0.7294
sample_000806,00207_neg_sample,RFI,,569.2,8.1,0.1534,6.35,0.3136
sample_000807,00208_neg_sample,RFI,,412.55,4.88,0.4581,3.28,0.5102
sample_000808,00209_neg_sample,RFI,,565.9,5.12,0.3441,4.62,0.4424
sample_000809,00210_neg_sample,RFI,,565.6,4.73,1.2681,3.33,0.6026
sample_000810,00211_neg_sample,RFI,,565.4,7.35,1.1482,4.23,0.8749
sample_000811,00212_neg_sample,RFI,,569.0,4.07,0.522,3.3,0.3254
sample_000812,00213_neg_sample,RFI,,517.83,7.18,0.0708,3.24,0.0334
sample_000813,00214_neg_sample,RFI,,567.2,5.46,0.4817,4.58,0.4778
sample_000814,00215_neg_sample,RFI,,570.0,4.08,1.5719,2.94,0.7186
sample_000815,00216_neg_sample,RFI,,564.2,3.84,0.2969,2.66,0.0374
sample_000816,00217_neg_sample,RFI,,568.9,4.08,0.4109,3.12,0.2576
sample_000817,00218_neg_sample,RFI,,566.0,4.18,0.0275,3.16,0.6665
sample_000818,00219_neg_sample,RFI,,565.3,4.09,1.8167,3.07,0.4276
sample_000819,00220_neg_sample,RFI,,412.55,4.08,0.6173,3.62,0.4896
sample_000820,00221_neg_sample,RFI,,561.0,4.06,0.4325,2.65,0.3667
sample_000821,00222_neg_sample,RFI,,566.2,7.6,0.7353,6.44,0.8788
sample_000822,00223_neg_sample,RFI,,566.1,4.65,1.2927,4.07,0.8906
sample_000823,00224_neg_sample,RFI,,569.5,5.16,0.7432,3.37,0.1799
sample_000824,00225_neg_sample,RFI,,568.0,8.9,0.0413,4.15,0.0708
sample_000825,00226_neg_sample,RFI,,566.7,5.21,0.7884,3.97,0.7157
sample_000826,00227_neg_sample,RFI,,412.18,4.6,0.3578,3.7,0.5092
sample_000827,00228_neg_sample,RFI,,567.9,3.28,0.1406,2.52,0.0973
sample_000828,00229_neg_sample,RFI,,555.4,7.25,1.5473,4.09,0.8739
sample_000829,00230_neg_sample,RFI,,564.6,3.88,0.2153,3.44,0.5682
sample_000830,00231_neg_sample,RFI,,564.5,4.44,0.0639,3.36,0.1357
sample_000831,00232_neg_sample,RFI,,411.51,4.46,1.1993,3.14,1.0017
sample_000832,00233_neg_sample,RFI,,565.9,4.45,0.8031,3.89,0.8051
sample_000833,00234_neg_sample,RFI,,565.1,3.84,0.8897,3.02,0.578
sample_000834,00235_neg_sample,RFI,,566.9,4.45,1.3713,3.3,0.8779
sample_000835,00236_neg_sample,RFI,,565.3,6.88,0.0472,3.74,0.0806
sample_000836,00237_neg_sample,RFI,,566.7,5.18,0.1376,3.5,0.6262
sample_000837,00238_neg_sample,RFI,,570.0,3.65,0.2939,2.83,0.0374
sample_000838,00239_neg_sample,RFI,,567.7,4.0,0.0374,3.65,0.1121
sample_000839,00240_neg_sample,RFI,,566.0,3.59,0.0374,3.1,0.0944
sample_000840,00241_neg_sample,RFI,,566.0,4.06,1.3576,2.32,0.6478
sample_000841,00242_neg_sample,RFI,,567.7,4.94,1.0125,2.46,0.0305
sample_000842,00243_neg_sample,RFI,,566.0,4.26,0.6803,3.03,0.8169
sample_000843,00244_neg_sample,RFI,,567.2,5.89,0.9103,2.89,0.5987
sample_000844,00245_neg_sample,RFI,,566.0,4.02,0.5289,3.61,0.4699
sample_000845,00246_neg_sample,RFI,,564.5,5.69,0.7196,3.51,0.7117
sample_000846,00247_neg_sample,RFI,,566.3,4.22,0.1386,3.26,0.0619
sample_000847,00248_neg_sample,RFI,,567.8,4.49,0.0334,3.13,0.519
sample_000848,00249_neg_sample,RFI,,518.0,4.75,0.8395,3.15,0.4089
sample_000849,00250_neg_sample,RFI,,563.2,4.3,1.3772,3.65,0.7835
sample_000850,00251_neg_sample,RFI,,564.7,4.14,0.4807,2.45,0.113
sample_000851,00252_neg_sample,RFI,,565.9,4.12,1.392,3.73,0.3854
sample_000852,00253_neg_sample,RFI,,563.5,4.11,0.7825,3.8,0.0305
sample_000853,00254_neg_sample,RFI,,564.9,4.34,0.3323,4.16,0.0315
sample_000854,00255_neg_sample,RFI,,565.9,3.04,0.0767,2.36,0.0069
sample_000855,00256_neg_sample,RFI,,565.5,3.81,0.3097,3.06,0.2733
sample_000856,00257_neg_sample,RFI,,564.9,5.1,0.4817,3.29,0.0944
sample_000857,00258_neg_sample,RFI,,565.7,5.37,0.291,3.34,0.3755
sample_000858,00259_neg_sample,RFI,,568.0,4.52,0.0963,3.62,0.1848
sample_000859,00260_neg_sample,RFI,,567.1,4.5,1.5512,3.35,0.3372
sample_000860,00261_neg_sample,RFI,,412.97,4.42,0.7225,3.46,0.3274
sample_000861,00262_neg_sample,RFI,,566.0,4.4,0.8297,3.56,0.0059
sample_000862,00263_neg_sample,RFI,,569.5,4.18,0.0383,3.42,0.0629
sample_000863,00264_neg_sample,RFI,,412.55,3.76,1.4677,3.2,0.8385
sample_000864,00265_neg_sample,RFI,,412.55,4.52,0.6468,3.72,0.7904
sample_000865,00266_neg_sample,RFI,,564.7,4.05,0.6616,2.93,0.0118
sample_000866,00267_neg_sample,RFI,,565.3,3.86,0.7274,3.28,0.3559
sample_000867,00268_neg_sample,RFI,,568.3,3.66,0.1121,3.17,0.4129
sample_000868,00269_neg_sample,RFI,,565.7,3.97,0.115,2.79,0.6724
sample_000869,00270_neg_sample,RFI,,568.0,3.72,1.1236,3.54,0.7796
sample_000870,00271_neg_sample,RFI,,568.3,4.75,0.64,4.65,0.0914
sample_000871,00272_neg_sample,RFI,,564.5,3.93,0.5426,3.79,0.0226
sample_000872,00273_neg_sample,RFI,,562.6,5.79,1.3015,3.15,0.7176
sample_000873,00274_neg_sample,RFI,,412.55,6.59,0.6331,3.82,0.6999
sample_000874,00275_neg_sample,RFI,,566.5,4.93,0.2782,3.16,0.6773
sample_000875,00276_neg_sample,RFI,,565.4,4.69,0.9555,2.93,0.0079
sample_000876,00277_neg_sample,RFI,,565.4,3.82,0.4394,3.91,0.4896
sample_000877,00278_neg_sample,RFI,,566.0,4.55,0.2585,3.57,0.6842
sample_000878,00279_neg_sample,RFI,,566.0,4.77,0.7628,3.65,0.8847
sample_000879,00280_neg_sample,RFI,,550.6,7.23,0.0983,3.12,0.3441
sample_000880,00281_neg_sample,RFI,,565.6,4.36,0.1956,2.87,0.3588
sample_000881,00282_neg_sample,RFI,,563.6,4.76,0.637,3.73,0.9014
sample_000882,00283_neg_sample,RFI,,567.0,5.94,0.2674,4.91,0.2536
sample_000883,00284_neg_sample,RFI,,567.1,5.43,0.0305,4.29,0.3333
sample_000884,00285_neg_sample,RFI,,565.6,3.61,0.0049,2.12,0.2418
sample_000885,00286_neg_sample,RFI,,412.55,3.7,0.117,3.5,0.1091
sample_000886,00287_neg_sample,RFI,,566.0,5.21,0.1199,3.66,0.6341
sample_000887,00288_neg_sample,RFI,,564.3,4.65,0.3165,3.41,0.4237
sample_000888,00289_neg_sample,RFI,,565.1,4.08,1.4578,2.98,0.8336
sample_000889,00290_neg_sample,RFI,,566.0,5.33,0.3922,3.64,0.3598
sample_000890,00291_neg_sample,RFI,,412.18,4.65,0.2772,3.49,0.2772
sample_000891,00292_neg_sample,RFI,,567.9,4.0,0.6881,3.06,0.9191
sample_000892,00293_neg_sample,RFI,,412.55,5.2,0.0039,3.37,1.1816
sample_000893,00294_neg_sample,RFI,,563.8,3.59,0.87,2.71,0.8071
sample_000894,00295_neg_sample,RFI,,567.4,4.24,0.0216,3.95,0.2576
sample_000895,00296_neg_sample,RFI,,566.0,3.62,0.2536,3.58,0.0403
sample_000896,00297_neg_sample,RFI,,411.51,4.36,1.1413,3.57,1.0578
sample_000897,00298_neg_sample,RFI,,565.8,4.21,1.392,3.12,0.8828
sample_000898,00299_neg_sample,RFI,,566.1,3.9,1.2042,3.22,0.8779
sample_000899,00300_neg_sample,RFI,,566.0,6.01,1.276,3.76,0.5358
sample_000900,00301_neg_sample,RFI,,566.0,4.26,0.6695,3.05,0.7579
sample_000901,00302_neg_sample,RFI,,411.51,4.83,1.1521,4.49,1.158
sample_000902,00303_neg_sample,RFI,,564.1,3.81,0.3047,3.45,0.1956
sample_000903,00304_neg_sample,RFI,,412.55,4.43,0.1996,3.18,0.1671
sample_000904,00305_neg_sample,RFI,,565.1,3.96,0.0177,3.66,0.0639
sample_000905,00306_neg_sample,RFI,,566.0,4.83,0.8847,4.94,0.8434
sample_000906,00307_neg_sample,RFI,,564.3,4.95,0.1003,4.43,0.1189
sample_000907,00308_neg_sample,RFI,,566.6,4.52,0.3047,3.61,0.4974
sample_000908,00309_neg_sample,RFI,,566.0,4.35,0.6183,3.69,0.756
sample_000909,00310_neg_sample,RFI,,566.0,4.36,0.0177,3.0,0.6272
sample_000910,00311_neg_sample,RFI,,566.7,7.13,0.6203,5.98,0.6675
sample_000911,00312_neg_sample,RFI,,566.1,5.77,0.9123,3.23,0.7864
sample_000912,00313_neg_sample,RFI,,565.0,7.85,0.0433,3.22,0.5131
sample_000913,00314_neg_sample,RFI,,566.7,4.73,0.0629,4.23,0.8769
sample_000914,00315_neg_sample,RFI,,566.0,5.14,1.1,5.05,0.4325
sample_000915,00316_neg_sample,RFI,,567.3,4.81,0.4896,3.21,0.1996
sample_000916,00317_neg_sample,RFI,,570.0,6.66,0.0315,5.46,0.0609
sample_000917,00318_neg_sample,RFI,,567.1,3.83,0.2359,3.32,0.5122
sample_000918,00319_neg_sample,RFI,,412.55,4.39,0.7609,2.86,0.6606
sample_000919,00320_neg_sample,RFI,,566.0,3.39,0.7137,2.73,0.7707
sample_000920,00321_neg_sample,RFI,,565.8,4.11,0.0747,3.3,0.0472
sample_000921,00322_neg_sample,RFI,,566.0,5.04,0.4011,3.18,0.8995
sample_000922,00323_neg_sample,RFI,,565.2,4.46,0.8346,3.17,0.0138
sample_000923,00324_neg_sample,RFI,,412.55,4.84,0.2349,2.84,0.0167
sample_000924,00325_neg_sample,RFI,,412.55,4.23,0.7206,3.36,0.8169
sample_000925,00326_neg_sample,RFI,,566.0,4.97,0.7638,3.41,0.4896
sample_000926,00327_neg_sample,RFI,,565.4,5.35,0.7737,3.47,0.8317
sample_000927,00328_neg_sample,RFI,,566.0,6.55,0.1101,5.32,0.1455
sample_000928,00329_neg_sample,RFI,,566.0,5.05,0.0619,2.88,0.0501
sample_000929,00330_neg_sample,RFI,,566.6,5.22,0.5574,4.18,0.6832
sample_000930,00331_neg_sample,RFI,,555.4,6.0,0.7894,5.27,0.9054
sample_000931,00332_neg_sample,RFI,,567.7,6.55,0.8877,5.5,0.9064
sample_000932,00333_neg_sample,RFI,,567.7,4.53,0.6105,3.73,0.6075
sample_000933,00334_neg_sample,RFI,,411.51,3.75,0.056,2.72,0.0108
sample_000934,00335_neg_sample,RFI,,566.0,4.47,0.6124,3.38,0.5751
sample_000935,00336_neg_sample,RFI,,412.18,4.15,0.6812,2.76,0.7569
sample_000936,00337_neg_sample,RFI,,412.55,4.2,1.2976,3.19,0.0944
sample_000937,00338_neg_sample,RFI,,559.7,3.77,1.7518,2.05,0.5554
sample_000938,00339_neg_sample,RFI,,569.5,3.37,1.2996,2.68,0.5289
sample_000939,00340_neg_sample,RFI,,412.55,4.56,0.6026,3.31,0.9752
sample_000940,00341_neg_sample,RFI,,565.1,3.33,0.0069,2.85,0.0934
sample_000941,00342_neg_sample,RFI,,567.4,6.02,0.1887,3.04,0.2015
sample_000942,00343_neg_sample,RFI,,569.2,3.45,0.9172,3.04,0.8228
sample_000943,00344_neg_sample,RFI,,568.8,4.3,0.8199,3.15,0.8454
sample_000944,00345_neg_sample,RFI,,412.55,3.7,1.0872,2.41,1.22
sample_000945,00346_neg_sample,RFI,,566.0,5.73,0.0315,4.0,0.0492
sample_000946,00347_neg_sample,RFI,,412.55,4.14,0.926,3.18,0.8661
sample_000947,00348_neg_sample,RFI,,412.55,2.86,0.986,1.89,1.0725
sample_000948,00349_neg_sample,RFI,,563.1,4.18,1.4441,3.04,0.8415
sample_000949,00350_neg_sample,RFI,,566.0,5.74,0.0374,3.06,0.0059
sample_000950,00351_neg_sample,RFI,,566.0,2.98,0.811,2.37,0.8326
sample_000951,00352_neg_sample,RFI,,566.0,4.11,0.1868,2.77,0.1573
sample_000952,00353_neg_sample,RFI,,569.5,3.7,0.8739,3.34,0.6832
sample_000953,00354_neg_sample,RFI,,565.4,2.61,0.7658,2.15,0.7894
sample_000954,00355_neg_sample,RFI,,412.55,3.91,0.288,3.24,1.0391
sample_000955,00356_neg_sample,RFI,,412.55,2.8,0.0639,1.48,0.113
sample_000956,00357_neg_sample,RFI,,562.6,3.96,0.404,3.54,0.0678
sample_000957,00358_neg_sample,RFI,,412.55,3.78,0.4669,2.59,0.7324
sample_000958,00359_neg_sample,RFI,,567.9,3.84,1.0981,3.18,0.0157
sample_000959,00360_neg_sample,RFI,,564.4,3.0,0.8326,2.92,0.8936
sample_000960,00361_neg_sample,RFI,,411.51,3.9,0.0393,2.5,0.1307
sample_000961,00362_neg_sample,RFI,,412.55,4.11,0.1504,3.52,0.0059
sample_000962,00363_neg_sample,RFI,,569.4,4.33,0.0039,2.67,0.001
sample_000963,00364_neg_sample,RFI,,412.55,3.38,0.1366,3.05,0.056
sample_000964,00365_neg_sample,RFI,,567.6,2.87,0.0403,2.81,0.1298
sample_000965,00366_neg_sample,RFI,,568.9,4.2,1.1364,3.45,0.3195
sample_000966,00367_neg_sample,RFI,,566.0,3.35,0.8051,2.68,0.8916
sample_000967,00368_neg_sample,RFI,,566.0,2.79,0.87,2.54,0.8012
sample_000968,00369_neg_sample,RFI,,564.5,4.13,0.0963,3.42,0.0609
sample_000969,00370_neg_sample,RFI,,564.4,4.11,1.8088,3.5,0.87
sample_000970,00371_neg_sample,RFI,,566.4,3.66,0.8425,3.28,0.9073
sample_000971,00372_neg_sample,RFI,,565.9,4.14,0.7658,2.79,0.6714
sample_000972,00373_neg_sample,RFI,,565.4,4.03,0.8965,3.59,0.8808
sample_000973,00374_neg_sample,RFI,,566.7,3.1,0.0698,2.65,0.697
sample_000974,00375_neg_sample,RFI,,411.51,4.83,1.2927,3.19,0.2723
sample_000975,00376_neg_sample,RFI,,566.0,5.62,0.0315,3.05,0.3745
sample_000976,00377_neg_sample,RFI,,567.5,5.29,0.056,3.54,0.7098
sample_000977,00378_neg_sample,RFI,,565.8,4.35,1.4323,3.2,0.8376
sample_000978,00379_neg_sample,RFI,,566.2,4.86,1.5965,3.5,0.9123
sample_000979,00380_neg_sample,RFI,,564.5,5.6,0.0285,3.63,0.2389
sample_000980,00381_neg_sample,RFI,,567.6,7.55,0.4325,4.91,0.3244
sample_000981,00382_neg_sample,RFI,,412.55,4.95,0.6341,3.57,0.8955
sample_000982,00383_neg_sample,RFI,,412.55,10.08,0.057,6.88,0.0413
sample_000983,00384_neg_sample,RFI,,567.6,5.18,1.6279,2.99,0.9123
sample_000984,00385_neg_sample,RFI,,568.5,5.41,0.3539,4.34,0.3677
sample_000985,00386_neg_sample,RFI,,567.2,3.98,0.635,3.27,0.5584
sample_000986,00387_neg_sample,RFI,,567.9,4.07,0.9211,3.24,0.7569
sample_000987,00388_neg_sample,RFI,,411.51,4.47,0.9673,3.25,1.159
sample_000988,00389_neg_sample,RFI,,412.55,3.86,0.5987,3.14,0.8533
sample_000989,00390_neg_sample,RFI,,566.6,3.35,0.5613,3.26,0.4709
sample_000990,00391_neg_sample,RFI,,565.8,5.33,0.0688,3.31,0.9231
sample_000991,00392_neg_sample,RFI,,564.7,3.64,0.872,2.9,0.7255
sample_000992,00393_neg_sample,RFI,,566.0,4.54,0.9988,3.15,0.8936
sample_000993,00394_neg_sample,RFI,,569.2,4.86,0.0098,4.22,0.0904
sample_000994,00395_neg_sample,RFI,,565.3,4.99,0.0354,3.77,0.0472
sample_000995,00396_neg_sample,RFI,,411.51,3.01,0.1681,1.62,0.1602
sample_000996,00397_neg_sample,RFI,,566.0,4.53,0.0747,3.75,0.2369
sample_000997,00398_neg_sample,RFI,,569.5,2.89,1.104,2.87,0.5692
sample_000998,00399_neg_sample,RFI,,566.7,4.75,0.3126,3.94,0.7786
sample_000999,00400_neg_sample,RFI,,569.8,5.7,0.2694,5.47,0.4601
sample_001000,00401_neg_sample,RFI,,412.55,6.99,0.0433,3.56,0.4325
sample_001001,00402_neg_sample,RFI,,564.7,3.72,0.3136,4.14,0.4787
sample_001002,00403_neg_sample,RFI,,565.8,6.31,0.2251,4.88,0.2743
sample_001003,00404_neg_sample,RFI,,412.55,5.62,0.0531,3.35,0.3952
sample_001004,00405_neg_sample,RFI,,568.5,6.43,0.4414,5.14,0.7992
sample_001005,00406_neg_sample,RFI,,563.7,4.33,0.0315,4.61,0.929
sample_001006,00407_neg_sample,RFI,,565.0,6.0,0.0334,6.51,0.0315
sample_001007,00408_neg_sample,RFI,,565.5,3.56,0.29,2.96,0.0138
sample_001008,00409_neg_sample,RFI,,412.55,4.31,0.0256,3.53,0.1298
sample_001009,00410_neg_sample,RFI,,564.0,4.38,0.5387,2.81,0.5053
sample_001010,00411_neg_sample,RFI,,569.0,4.47,0.2497,2.53,0.0285
sample_001011,00412_neg_sample,RFI,,564.1,4.07,0.6272,2.89,0.3903
sample_001012,00413_neg_sample,RFI,,568.4,5.4,1.2406,3.8,0.7953
sample_001013,00414_neg_sample,RFI,,564.5,4.68,0.4719,3.41,0.5426
sample_001014,00415_neg_sample,RFI,,562.3,3.45,0.2566,2.85,0.1425
sample_001015,00416_neg_sample,RFI,,564.9,4.76,0.3578,2.94,0.3529
sample_001016,00417_neg_sample,RFI,,412.55,3.6,0.4669,3.73,0.3981
sample_001017,00418_neg_sample,RFI,,567.2,6.55,0.0531,3.19,0.0334
sample_001018,00419_neg_sample,RFI,,563.0,4.33,0.6409,2.88,0.6056
sample_001019,00420_neg_sample,RFI,,564.6,4.2,0.4532,3.31,0.0029
sample_001020,00421_neg_sample,RFI,,412.55,4.91,0.8415,3.91,0.8552
sample_001021,00422_neg_sample,RFI,,568.0,3.98,1.0597,3.67,0.4266
sample_001022,00423_neg_sample,RFI,,568.0,3.71,0.2104,3.19,0.7206
sample_001023,00424_neg_sample,RFI,,564.7,3.12,0.3765,2.74,0.0236
sample_001024,00425_neg_sample,RFI,,566.5,5.89,1.101,3.47,0.9005
sample_001025,00426_neg_sample,RFI,,568.1,3.56,1.3153,2.97,0.6144
sample_001026,00427_neg_sample,RFI,,411.51,3.95,1.2091,4.05,1.215
sample_001027,00428_neg_sample,RFI,,412.97,4.09,1.0902,2.97,0.4778
sample_001028,00429_neg_sample,RFI,,564.5,3.94,0.29,2.72,0.2241
sample_001029,00430_neg_sample,RFI,,566.2,3.54,0.3519,3.23,0.116
sample_001030,00431_neg_sample,RFI,,564.5,6.16,0.0315,4.89,0.0708
sample_001031,00432_neg_sample,RFI,,566.2,4.8,0.0354,3.75,0.8729
sample_001032,00433_neg_sample,RFI,,411.51,3.61,0.347,2.56,0.0708
sample_001033,00434_neg_sample,RFI,,566.0,4.4,0.6871,3.15,0.3834
sample_001034,00435_neg_sample,RFI,,565.0,3.37,0.3667,3.09,0.0786
sample_001035,00436_neg_sample,RFI,,563.8,3.69,0.2123,3.23,0.4964
sample_001036,00437_neg_sample,RFI,,565.2,4.29,0.1337,2.96,0.115
sample_001037,00438_neg_sample,RFI,,412.55,4.24,0.403,2.91,0.9752
sample_001038,00439_neg_sample,RFI,,566.3,4.25,0.8779,2.67,0.8562
sample_001039,00440_neg_sample,RFI,,565.0,4.39,0.9319,3.68,0.8376
sample_001040,00441_neg_sample,RFI,,412.55,5.33,0.0649,3.58,0.1435
sample_001041,00442_neg_sample,RFI,,566.5,3.61,0.8434,3.17,0.8926
sample_001042,00443_neg_sample,RFI,,564.5,11.41,1.5414,3.25,0.8906
sample_001043,00444_neg_sample,RFI,,567.9,3.98,1.8157,3.29,0.7746
sample_001044,00445_neg_sample,RFI,,566.3,3.43,0.229,2.73,0.3018
sample_001045,00446_neg_sample,RFI,,566.7,3.6,1.2986,2.65,0.6046
sample_001046,00447_neg_sample,RFI,,563.5,3.98,0.6262,3.78,0.348
sample_001047,00448_neg_sample,RFI,,412.55,4.1,0.0206,2.86,0.3018
sample_001048,00449_neg_sample,RFI,,566.0,5.2,0.7314,3.1,0.8533
sample_001049,00450_neg_sample,RFI,,562.8,3.88,0.0059,3.06,0.407
sample_001050,00451_neg_sample,RFI,,412.55,5.25,0.291,3.57,1.1688
sample_001051,00452_neg_sample,RFI,,412.55,20.07,0.0786,13.06,0.0315
sample_001052,00453_neg_sample,RFI,,568.5,4.41,0.2811,3.35,0.3146
sample_001053,00454_neg_sample,RFI,,566.1,4.56,0.059,2.41,0.059
sample_001054,00455_neg_sample,RFI,,566.0,4.26,0.1121,3.6,0.0079
sample_001055,00456_neg_sample,RFI,,567.3,4.86,0.8788,4.61,0.8906
sample_001056,00457_neg_sample,RFI,,565.6,3.5,1.334,2.85,0.8739
sample_001057,00458_neg_sample,RFI,,565.1,6.24,1.6574,3.43,0.292
sample_001058,00459_neg_sample,RFI,,411.51,4.35,0.1632,3.42,0.6616
sample_001059,00460_neg_sample,RFI,,566.0,3.6,0.0265,2.67,0.1406
sample_001060,00461_neg_sample,RFI,,567.5,4.03,1.0568,3.24,0.113
sample_001061,00462_neg_sample,RFI,,566.0,3.13,0.8169,2.47,0.8857
sample_001062,00463_neg_sample,RFI,,564.4,3.21,0.0039,3.07,0.057
sample_001063,00464_neg_sample,RFI,,566.7,4.57,0.8287,3.06,0.057
sample_001064,00465_neg_sample,RFI,,567.6,4.72,0.0511,3.19,0.8877
sample_001065,00466_neg_sample,RFI,,412.55,4.09,0.1691,3.3,0.1229
sample_001066,00467_neg_sample,RFI,,567.0,4.14,0.0265,3.62,0.0472
sample_001067,00468_neg_sample,RFI,,565.1,3.28,1.0056,2.8,0.752
sample_001068,00469_neg_sample,RFI,,563.1,3.52,0.6065,3.83,0.5269
sample_001069,00470_neg_sample,RFI,,412.55,5.46,0.0039,3.05,0.0511
sample_001070,00471_neg_sample,RFI,,570.0,4.01,1.275,3.54,0.1838
sample_001071,00472_neg_sample,RFI,,412.97,3.63,0.0206,1.61,0.1288
sample_001072,00473_neg_sample,RFI,,570.0,3.87,0.1524,2.53,0.1072
sample_001073,00474_neg_sample,RFI,,565.4,6.44,0.0983,3.15,0.0511
sample_001074,00475_neg_sample,RFI,,565.1,3.4,0.3038,2.47,0.3431
sample_001075,00476_neg_sample,RFI,,517.8,4.32,0.7668,3.01,0.9555
sample_001076,00477_neg_sample,RFI,,411.51,3.55,0.176,2.95,0.0737
sample_001077,00478_neg_sample,RFI,,562.3,4.11,0.4876,2.5,0.3028
sample_001078,00479_neg_sample,RFI,,565.8,4.65,0.6056,3.24,0.3215
sample_001079,00480_neg_sample,RFI,,566.0,4.51,0.4768,3.06,0.0983
sample_001080,00481_neg_sample,RFI,,562.6,3.99,1.4608,3.36,0.8228
sample_001081,00482_neg_sample,RFI,,411.51,3.85,0.2821,2.76,0.3008
sample_001082,00483_neg_sample,RFI,,565.0,6.37,0.0315,3.32,0.0059
sample_001083,00484_neg_sample,RFI,,412.97,4.29,0.2566,3.04,0.0501
sample_001084,00485_neg_sample,RFI,,564.5,4.74,0.1357,3.2,0.1927
sample_001085,00486_neg_sample,RFI,,567.2,5.14,1.2072,2.98,0.6606
sample_001086,00487_neg_sample,RFI,,565.5,3.63,0.9398,3.13,0.7304
sample_001087,00488_neg_sample,RFI,,567.2,4.0,0.756,3.25,0.7265
sample_001088,00489_neg_sample,RFI,,568.0,4.06,1.4107,3.26,0.7058
sample_001089,00490_neg_sample,RFI,,564.9,3.49,0.1209,3.12,0.056
sample_001090,00491_neg_sample,RFI,,412.55,2.67,0.0069,2.36,0.0128
sample_001091,00492_neg_sample,RFI,,411.51,2.45,0.6419,1.78,1.1216
sample_001092,00493_neg_sample,RFI,,565.1,4.34,0.1494,3.86,0.1937
sample_001093,00494_neg_sample,RFI,,568.1,6.0,0.0472,2.99,0.1563
sample_001094,00495_neg_sample,RFI,,567.6,3.88,0.4984,2.88,0.5869
sample_001095,00496_neg_sample,RFI,,565.9,4.41,0.1042,3.82,0.002
sample_001096,00497_neg_sample,RFI,,565.0,3.81,0.0049,3.19,0.0059
sample_001097,00498_neg_sample,RFI,,566.7,4.27,1.1954,2.71,0.4286
sample_001098,00499_neg_sample,RFI,,412.55,4.27,0.3106,3.87,0.2369
sample_001099,00500_neg_sample,RFI,,564.7,2.96,0.0108,2.2,0.1622
sample_001100,00501_neg_sample,RFI,,565.8,4.51,0.5967,2.83,0.695
sample_001101,00502_neg_sample,RFI,,567.4,2.24,0.8877,1.98,0.8877
sample_001102,00503_neg_sample,RFI,,412.55,4.42,0.985,3.16,0.1642
sample_001103,00504_neg_sample,RFI,,411.51,4.33,0.6871,3.01,0.8955
sample_001104,00505_neg_sample,RFI,,566.0,3.97,0.0452,3.74,0.0177
sample_001105,00506_neg_sample,RFI,,569.4,8.95,1.7419,4.54,0.9044
sample_001106,00507_neg_sample,RFI,,567.2,3.93,0.0187,2.18,0.0108
sample_001107,00508_neg_sample,RFI,,566.0,2.2,0.7186,1.79,0.9014
sample_001108,00509_neg_sample,RFI,,565.5,3.55,0.2467,2.56,0.8955
sample_001109,00510_neg_sample,RFI,,565.4,4.83,0.2379,3.63,0.2281
sample_001110,00511_neg_sample,RFI,,412.55,4.17,0.1996,3.11,0.0462
sample_001111,00512_neg_sample,RFI,,564.8,3.77,0.8582,3.08,0.5505
sample_001112,00513_neg_sample,RFI,,411.51,3.9,0.6341,2.93,0.4886
sample_001113,00514_neg_sample,RFI,,412.18,3.26,0.3313,2.45,0.115
sample_001114,00515_neg_sample,RFI,,412.55,3.82,0.3667,3.36,0.3274
sample_001115,00516_neg_sample,RFI,,566.0,2.83,0.0678,2.62,0.0423
sample_001116,00517_neg_sample,RFI,,411.51,4.06,0.5957,3.48,0.523
sample_001117,00518_neg_sample,RFI,,566.0,4.11,0.1229,2.98,0.9172
sample_001118,00519_neg_sample,RFI,,567.9,4.76,0.6449,4.03,0.1504
sample_001119,00520_neg_sample,RFI,,567.6,4.52,0.6862,3.02,0.7363
sample_001120,00521_neg_sample,RFI,,562.8,5.85,0.0649,4.22,0.1288
sample_001121,00522_neg_sample,RFI,,566.7,4.44,0.8965,3.04,0.2192
sample_001122,00523_neg_sample,RFI,,561.5,3.85,0.9044,3.7,0.2349
sample_001123,00524_neg_sample,RFI,,411.51,4.46,0.524,3.95,0.1013
sample_001124,00525_neg_sample,RFI,,565.8,4.14,0.7451,4.24,0.1809
sample_001125,00526_neg_sample,RFI,,569.8,3.6,0.0364,3.03,0.0187
sample_001126,00527_neg_sample,RFI,,412.55,4.6,0.8955,3.59,0.7274
sample_001127,00528_neg_sample,RFI,,565.5,5.17,0.7471,3.42,0.7491
sample_001128,00529_neg_sample,RFI,,412.55,3.05,0.7166,2.56,0.7953
sample_001129,00530_neg_sample,RFI,,412.55,6.06,1.6751,2.88,1.1944
sample_001130,00531_neg_sample,RFI,,569.2,4.8,0.0895,3.26,0.5731
sample_001131,00532_neg_sample,RFI,,567.0,3.7,0.1593,3.51,0.0374
sample_001132,00533_neg_sample,RFI,,565.1,3.81,0.8798,4.03,0.7727
sample_001133,00534_neg_sample,RFI,,566.1,4.57,0.3097,2.99,0.7933
sample_001134,00535_neg_sample,RFI,,567.1,4.2,0.6753,3.52,0.7333
sample_001135,00536_neg_sample,RFI,,569.0,5.07,0.0551,2.62,0.2173
sample_001136,00537_neg_sample,RFI,,566.2,5.84,0.2428,6.47,0.3824
sample_001137,00538_neg_sample,RFI,,567.6,9.61,0.5328,6.2,0.5662
sample_001138,00539_neg_sample,RFI,,566.1,6.75,0.5731,5.93,0.6636
sample_001139,00540_neg_sample,RFI,,566.0,4.82,0.0206,3.5,0.0678
sample_001140,00541_neg_sample,RFI,,567.6,8.01,1.2789,6.43,0.9191
sample_001141,00542_neg_sample,RFI,,567.0,3.81,0.2939,2.34,0.0383
sample_001142,00543_neg_sample,RFI,,569.4,7.65,0.8189,5.64,0.5869
sample_001143,00544_neg_sample,RFI,,569.0,6.62,0.1475,4.18,0.0777
sample_001144,00545_neg_sample,RFI,,411.51,4.58,0.0098,3.66,0.3903
sample_001145,00546_neg_sample,RFI,,554.5,3.93,0.6989,3.5,0.9201
sample_001146,00547_neg_sample,RFI,,566.0,3.2,0.6527,3.18,0.5711
sample_001147,00548_neg_sample,RFI,,568.0,3.92,0.0934,2.78,0.0659
sample_001148,00549_neg_sample,RFI,,568.8,3.15,0.5181,2.18,0.115
sample_001149,00550_neg_sample,RFI,,567.9,4.97,0.0649,2.99,0.6193
sample_001150,00551_neg_sample,RFI,,412.97,4.67,0.0619,2.72,0.1632
sample_001151,00552_neg_sample,RFI,,566.0,4.72,0.0315,2.93,0.117
sample_001152,00553_neg_sample,RFI,,411.51,7.7,0.8788,4.64,1.0617
sample_001153,00554_neg_sample,RFI,,559.7,6.36,0.0826,3.19,0.1022
sample_001154,00555_neg_sample,RFI,,412.55,4.65,0.6321,3.45,1.0666
sample_001155,00556_neg_sample,RFI,,562.3,6.43,0.0177,3.9,0.0315
sample_001156,00557_neg_sample,RFI,,567.5,9.47,0.6586,6.8,0.7963
sample_001157,00558_neg_sample,RFI,,411.51,4.65,0.867,2.69,0.7609
sample_001158,00559_neg_sample,RFI,,412.97,5.12,0.0177,3.13,0.2389
sample_001159,00560_neg_sample,RFI,,411.51,4.17,1.0322,3.58,1.0666
sample_001160,00561_neg_sample,RFI,,564.4,4.83,1.3841,3.12,0.7048
sample_001161,00562_neg_sample,RFI,,566.0,4.55,0.2743,3.84,0.0954
sample_001162,00563_neg_sample,RFI,,566.9,3.91,1.1806,2.85,0.6527
sample_001163,00564_neg_sample,RFI,,563.1,2.94,0.0639,2.55,0.176
sample_001164,00565_neg_sample,RFI,,411.51,4.24,0.8248,2.81,0.7687
sample_001165,00566_neg_sample,RFI,,565.4,4.09,0.8592,3.62,0.4709
sample_001166,00567_neg_sample,RFI,,566.7,3.52,0.1347,2.56,0.0767
sample_001167,00568_neg_sample,RFI,,566.0,36.9,1.6948,5.2,0.8965
sample_001168,00569_neg_sample,RFI,,565.1,3.41,0.1406,2.47,0.0659
sample_001169,00570_neg_sample,RFI,,564.4,3.8,0.2684,4.64,0.9211
sample_001170,00571_neg_sample,RFI,,412.55,3.26,1.217,2.73,1.1924
sample_001171,00572_neg_sample,RFI,,567.8,4.46,0.7284,2.83,0.8808
sample_001172,00573_neg_sample,RFI,,563.9,3.57,1.2239,2.61,0.8975
sample_001173,00574_neg_sample,RFI,,566.0,4.24,0.2762,3.46,0.288
sample_001174,00575_neg_sample,RFI,,565.8,3.28,0.0324,2.82,0.0659
sample_001175,00576_neg_sample,RFI,,566.7,4.13,0.0668,2.89,0.0246
sample_001176,00577_neg_sample,RFI,,412.55,4.25,0.0619,3.19,0.8484
sample_001177,00578_neg_sample,RFI,,566.2,3.05,1.1158,2.7,0.8916
sample_001178,00579_neg_sample,RFI,,412.55,4.35,0.6183,3.49,0.6744
sample_001179,00580_neg_sample,RFI,,566.0,4.6,0.5859,3.94,0.7058
sample_001180,00581_neg_sample,RFI,,568.5,4.15,1.5709,4.12,0.8405
sample_001181,00582_neg_sample,RFI,,411.51,3.65,0.7225,2.74,1.2219
sample_001182,00583_neg_sample,RFI,,566.0,5.57,0.0334,5.38,0.6291
sample_001183,00584_neg_sample,RFI,,565.7,4.25,1.0833,3.31,0.3156
sample_001184,00585_neg_sample,RFI,,568.0,4.19,0.6901,3.09,0.0374
sample_001185,00586_neg_sample,RFI,,412.55,2.94,0.5692,3.16,0.6331
sample_001186,00587_neg_sample,RFI,,564.9,4.82,1.2622,4.64,0.7392
sample_001187,00588_neg_sample,RFI,,569.4,4.46,1.0184,3.96,0.7933
sample_001188,00589_neg_sample,RFI,,411.51,4.79,0.1799,3.49,0.0924
sample_001189,00590_neg_sample,RFI,,411.51,3.84,0.9742,2.35,1.0391
sample_001190,00591_neg_sample,RFI,,412.97,5.24,0.4414,3.16,0.1868
sample_001191,00592_neg_sample,RFI,,412.55,4.08,0.4945,4.04,0.2959
sample_001192,00593_neg_sample,RFI,,566.0,4.25,0.6468,3.68,0.231
sample_001193,00594_neg_sample,RFI,,412.55,264.88,1.8127,131.53,1.1895
sample_001194,00595_neg_sample,RFI,,565.8,1.98,0.7972,1.3,0.2644
sample_001195,00596_neg_sample,RFI,,412.97,2.36,0.7569,1.04,0.9093
sample_001196,00597_neg_sample,RFI,,567.9,1.96,0.6812,1.21,0.2585
sample_001197,00598_neg_sample,RFI,,565.6,2.06,0.2782,1.16,0.8602
sample_001198,00599_neg_sample,RFI,,566.0,4.63,0.3205,3.13,0.0039
sample_001199,00600_neg_sample,RFI,,565.1,4.16,0.1199,2.77,0.0865
sample_001200,00601_neg_sample,RFI,,568.1,4.91,0.5682,4.17,0.4473
sample_001201,00602_neg_sample,RFI,,565.6,3.89,0.2467,3.46,0.1583
sample_001202,00603_neg_sample,RFI,,566.2,4.41,0.0492,3.8,0.0433
sample_001203,00604_neg_sample,RFI,,569.0,3.79,0.1317,3.41,0.1534
sample_001204,00605_neg_sample,RFI,,411.51,4.12,1.1747,3.04,0.4778
sample_001205,00606_neg_sample,RFI,,564.4,3.46,0.7166,3.31,0.5495
sample_001206,00607_neg_sample,RFI,,567.1,4.16,0.5525,2.96,0.6341
sample_001207,00608_neg_sample,RFI,,569.8,3.45,0.6508,2.34,0.2684
sample_001208,00609_neg_sample,RFI,,412.55,4.4,0.0275,2.95,0.29
sample_001209,00610_neg_sample,RFI,,411.51,3.56,0.6773,3.51,0.693
sample_001210,00611_neg_sample,RFI,,411.51,4.23,0.8975,2.9,0.8641
sample_001211,00612_neg_sample,RFI,,564.5,3.83,0.0334,2.71,0.172
sample_001212,00613_neg_sample,RFI,,517.8,9.53,0.0315,3.22,0.2222
sample_001213,00614_neg_sample,RFI,,566.9,3.7,0.0954,2.93,0.1032
sample_001214,00615_neg_sample,RFI,,564.6,5.96,0.7471,3.62,0.1897
sample_001215,00616_neg_sample,RFI,,566.0,4.37,0.3372,4.64,0.2369
sample_001216,00617_neg_sample,RFI,,566.0,4.86,0.7579,3.95,0.2271
sample_001217,00618_neg_sample,RFI,,566.1,4.2,1.3802,4.18,0.7068
sample_001218,00619_neg_sample,RFI,,565.9,11.41,1.0007,4.1,0.8965
sample_001219,00620_neg_sample,RFI,,552.4,5.7,0.0944,3.31,0.0452
sample_001220,00621_neg_sample,RFI,,565.0,5.16,0.8631,5.33,0.8749
sample_001221,00622_neg_sample,RFI,,566.9,5.38,0.0315,3.85,0.5997
sample_001222,00623_neg_sample,RFI,,567.0,4.76,0.4158,3.47,0.3912
sample_001223,00624_neg_sample,RFI,,566.5,4.94,1.7891,3.01,0.8592
sample_001224,00625_neg_sample,RFI,,566.5,4.25,0.3038,2.8,0.5741
sample_001225,00626_neg_sample,RFI,,567.2,4.75,0.0236,3.21,0.0993
sample_001226,00627_neg_sample,RFI,,567.9,4.31,0.8444,4.14,0.6478
sample_001227,00628_neg_sample,RFI,,566.0,5.04,0.8651,4.26,0.8729
sample_001228,00629_neg_sample,RFI,,564.6,5.35,0.3323,3.69,0.1868
sample_001229,00630_neg_sample,RFI,,566.0,5.74,0.7815,4.98,0.1248
sample_001230,00631_neg_sample,RFI,,570.0,6.07,0.0796,3.92,0.4306
sample_001231,00632_neg_sample,RFI,,564.8,7.41,0.2959,6.25,0.4866
sample_001232,00633_neg_sample,RFI,,565.0,5.33,0.1907,3.92,0.6911
sample_001233,00634_neg_sample,RFI,,566.2,5.71,1.0381,4.6,0.4217
sample_001234,00635_neg_sample,RFI,,565.4,3.68,0.8936,3.04,0.7717
sample_001235,00636_neg_sample,RFI,,564.6,4.21,0.1878,2.71,0.1406
sample_001236,00637_neg_sample,RFI,,565.4,5.28,0.6577,4.19,0.0393
sample_001237,00638_neg_sample,RFI,,565.0,3.67,0.2153,3.31,0.1524
sample_001238,00639_neg_sample,RFI,,412.97,2.98,0.2979,2.08,0.0344
sample_001239,00640_neg_sample,RFI,,412.55,4.49,0.0364,3.62,0.0147
sample_001240,00641_neg_sample,RFI,,567.0,3.9,0.6419,3.42,0.7225
sample_001241,00642_neg_sample,RFI,,412.55,4.98,0.928,4.89,0.9083
sample_001242,00643_neg_sample,RFI,,411.51,5.15,1.0617,2.71,1.0273
sample_001243,00644_neg_sample,RFI,,566.7,3.95,0.6871,2.78,0.3854
sample_001244,00645_neg_sample,RFI,,567.4,3.48,1.1757,2.58,0.5476
sample_001245,00646_neg_sample,RFI,,564.9,4.14,1.0292,3.48,0.3795
sample_001246,00647_neg_sample,RFI,,566.0,3.3,0.3372,2.59,0.2802
sample_001247,00648_neg_sample,RFI,,564.4,4.23,0.4522,3.11,0.8651
sample_001248,00649_neg_sample,RFI,,412.55,3.55,0.4905,3.12,0.2045
sample_001249,00650_neg_sample,RFI,,411.51,3.42,0.8995,2.89,0.9221
sample_001250,00651_neg_sample,RFI,,567.9,4.38,1.3153,2.83,0.8415
sample_001251,00652_neg_sample,RFI,,567.4,3.72,0.7098,3.21,0.346
sample_001252,00653_neg_sample,RFI,,569.5,4.11,0.1661,3.45,0.1475
sample_001253,00654_neg_sample,RFI,,412.97,4.41,1.4057,3.44,0.4021
sample_001254,00655_neg_sample,RFI,,563.7,4.03,0.2782,3.24,0.1691
sample_001255,00656_neg_sample,RFI,,566.0,6.38,1.5021,3.36,0.8356
sample_001256,00657_neg_sample,RFI,,568.0,3.99,0.6832,3.32,0.7845
sample_001257,00658_neg_sample,RFI,,566.7,4.07,0.2222,3.01,0.8808
sample_001258,00659_neg_sample,RFI,,566.0,3.95,0.0944,2.98,0.1376
sample_001259,00660_neg_sample,RFI,,562.6,4.23,0.4994,3.77,0.3775
sample_001260,00661_neg_sample,RFI,,564.6,5.19,0.8022,2.62,0.172
sample_001261,00662_neg_sample,RFI,,564.3,4.72,0.0551,3.85,0.1298
sample_001262,00663_neg_sample,RFI,,566.0,6.49,0.7786,4.01,0.8179
sample_001263,00664_neg_sample,RFI,,569.5,3.93,0.5879,3.14,0.6065
sample_001264,00665_neg_sample,RFI,,566.0,4.16,0.8434,2.68,0.8464
sample_001265,00666_neg_sample,RFI,,568.0,4.33,0.0315,3.54,0.7216
sample_001266,00667_neg_sample,RFI,,564.3,4.29,1.6299,3.21,0.872
sample_001267,00668_neg_sample,RFI,,411.51,3.67,0.0629,3.17,0.0845
sample_001268,00669_neg_sample,RFI,,412.55,4.28,0.8277,3.2,0.7923
sample_001269,00670_neg_sample,RFI,,564.5,11.98,1.2937,1.9,0.4748
sample_001270,00671_neg_sample,RFI,,412.55,3.99,0.0315,2.89,0.0069
sample_001271,00672_neg_sample,RFI,,565.2,4.08,0.115,2.71,0.3057
sample_001272,00673_neg_sample,RFI,,566.4,3.71,1.0941,3.71,0.5112
sample_001273,00674_neg_sample,RFI,,566.0,4.21,0.2094,3.29,0.0059
sample_001274,00675_neg_sample,RFI,,569.2,3.78,0.0315,3.71,0.0147
sample_001275,00676_neg_sample,RFI,,565.2,3.23,0.0826,2.67,0.2349
sample_001276,00677_neg_sample,RFI,,564.7,3.31,0.1248,2.31,0.0108
sample_001277,00678_neg_sample,RFI,,564.5,4.75,0.0767,4.66,0.2988
sample_001278,00679_neg_sample,RFI,,565.3,4.64,1.4706,3.38,0.6724
sample_001279,00680_neg_sample,RFI,,412.55,3.72,0.1937,3.19,0.0668
sample_001280,00681_neg_sample,RFI,,564.2,3.72,0.5888,3.12,0.3686
sample_001281,00682_neg_sample,RFI,,566.0,3.94,0.002,3.22,0.0855
sample_001282,00683_neg_sample,RFI,,412.55,3.96,0.7904,3.23,1.0617
sample_001283,00684_neg_sample,RFI,,412.55,4.79,0.5544,3.21,0.1848
sample_001284,00685_neg_sample,RFI,,567.2,5.04,0.0747,4.78,0.0609
sample_001285,00686_neg_sample,RFI,,412.97,4.03,0.5997,2.91,0.6223
sample_001286,00687_neg_sample,RFI,,568.2,5.57,0.3185,4.43,0.0934
sample_001287,00688_neg_sample,RFI,,567.6,4.75,0.0531,3.61,0.1416
sample_001288,00689_neg_sample,RFI,,566.0,5.55,0.6498,3.7,0.4198
sample_001289,00690_neg_sample,RFI,,566.0,4.65,0.0895,3.7,0.3441
sample_001290,00691_neg_sample,RFI,,412.55,5.31,0.6675,3.76,0.2654
sample_001291,00692_neg_sample,RFI,,412.97,3.85,0.0069,3.1,0.0029
sample_001292,00693_neg_sample,RFI,,412.55,4.59,0.0708,3.66,0.0727
sample_001293,00694_neg_sample,RFI,,412.55,5.29,0.3244,2.83,0.9594
sample_001294,00695_neg_sample,RFI,,567.9,5.13,0.1416,3.57,0.3854
sample_001295,00696_neg_sample,RFI,,567.3,4.02,0.1573,3.03,0.0718
sample_001296,00697_neg_sample,RFI,,567.5,3.68,0.0698,3.31,0.292
sample_001297,00698_neg_sample,RFI,,568.0,4.31,0.0433,3.25,0.5711
sample_001298,00699_neg_sample,RFI,,566.0,4.46,0.4463,2.98,0.5446
sample_001299,00700_neg_sample,RFI,,566.0,3.8,0.3667,3.69,0.639
sample_001300,00701_neg_sample,RFI,,566.0,18.35,1.7891,3.36,0.8376
sample_001301,00702_neg_sample,RFI,,568.1,4.45,0.6193,3.32,0.5859
sample_001302,00703_neg_sample,RFI,,564.3,4.3,0.1219,3.42,0.0678
sample_001303,00704_neg_sample,RFI,,566.0,3.72,0.3156,2.76,0.465
sample_001304,00705_neg_sample,RFI,,562.8,4.26,0.8346,3.36,0.5043
sample_001305,00706_neg_sample,RFI,,566.4,3.82,1.0371,3.82,0.1946
sample_001306,00707_neg_sample,RFI,,565.8,3.55,0.346,3.08,0.8425
sample_001307,00708_neg_sample,RFI,,564.3,6.94,0.3559,4.59,0.4561
sample_001308,00709_neg_sample,RFI,,567.9,4.04,0.1445,3.02,0.9211
sample_001309,00710_neg_sample,RFI,,568.5,4.62,1.6751,3.37,0.7992
sample_001310,00711_neg_sample,RFI,,561.2,4.44,0.2664,3.43,0.1032
sample_001311,00712_neg_sample,RFI,,565.3,4.83,0.7658,3.75,0.8582
sample_001312,00713_neg_sample,RFI,,567.1,8.89,0.0157,4.29,0.0324
sample_001313,00714_neg_sample,RFI,,569.2,4.28,1.5247,3.63,0.8248
sample_001314,00715_neg_sample,RFI,,412.55,4.98,1.7557,2.96,0.0521
sample_001315,00716_neg_sample,RFI,,412.97,5.59,1.4057,3.87,1.1757
sample_001316,00717_neg_sample,RFI,,566.0,4.04,0.5554,2.94,0.7638
sample_001317,00718_neg_sample,RFI,,566.9,3.59,0.461,2.64,0.7147
sample_001318,00719_neg_sample,RFI,,565.4,5.71,0.0767,6.03,0.0806
sample_001319,00720_neg_sample,RFI,,569.2,4.72,0.0157,4.48,0.4699
sample_001320,00721_neg_sample,RFI,,552.4,4.74,0.5544,3.41,0.8602
sample_001321,00722_neg_sample,RFI,,412.55,4.98,1.7144,3.39,0.1062
sample_001322,00723_neg_sample,RFI,,411.51,3.27,1.2062,2.54,0.7107
sample_001323,00724_neg_sample,RFI,,565.0,3.82,0.6744,3.1,0.2448
sample_001324,00725_neg_sample,RFI,,517.81,3.71,0.349,2.96,0.4768
sample_001325,00726_neg_sample,RFI,,566.0,5.17,0.0668,3.11,0.1298
sample_001326,00727_neg_sample,RFI,,568.0,2.95,0.1013,2.09,0.0069
sample_001327,00728_neg_sample,RFI,,565.6,5.68,0.0275,3.6,0.0413
sample_001328,00729_neg_sample,RFI,,566.0,4.04,0.9349,2.99,0.8788
sample_001329,00730_neg_sample,RFI,,564.4,3.92,0.7501,3.51,0.7953
sample_001330,00731_neg_sample,RFI,,564.8,3.68,0.3008,2.29,0.4276
sample_001331,00732_neg_sample,RFI,,566.7,4.1,0.6586,3.07,0.7255
sample_001332,00733_neg_sample,RFI,,412.55,4.51,0.1809,3.11,0.9742
sample_001333,00734_neg_sample,RFI,,564.4,2.96,1.3104,2.53,0.9014
sample_001334,00735_neg_sample,RFI,,566.9,4.54,0.7628,4.2,0.8022
sample_001335,00736_neg_sample,RFI,,567.0,5.05,0.0354,4.17,0.057
sample_001336,00737_neg_sample,RFI,,570.0,4.2,0.231,2.69,0.3411
sample_001337,00738_neg_sample,RFI,,565.5,5.17,0.1062,3.45,0.116
sample_001338,00739_neg_sample,RFI,,570.0,4.02,0.3844,2.88,0.0511
sample_001339,00740_neg_sample,RFI,,412.55,3.65,1.3143,2.88,0.1229
sample_001340,00741_neg_sample,RFI,,412.18,3.88,0.1101,3.18,0.346
sample_001341,00742_neg_sample,RFI,,569.8,4.96,0.1199,3.31,0.0885
sample_001342,00743_neg_sample,RFI,,565.1,4.11,0.0079,3.43,0.0983
sample_001343,00744_neg_sample,RFI,,562.6,3.91,0.0895,2.75,0.29
sample_001344,00745_neg_sample,RFI,,412.97,4.39,1.0558,3.13,0.93
sample_001345,00746_neg_sample,RFI,,566.0,4.33,0.4679,3.72,0.4778
sample_001346,00747_neg_sample,RFI,,566.0,3.6,0.1887,3.27,0.3234
sample_001347,00748_neg_sample,RFI,,563.5,4.17,0.3254,3.28,0.5751
sample_001348,00749_neg_sample,RFI,,563.6,4.06,0.2979,3.03,0.0904
sample_001349,00750_neg_sample,RFI,,563.7,4.49,1.0509,4.14,0.6527
sample_001350,00751_neg_sample,RFI,,412.55,5.22,1.4057,3.53,0.292
sample_001351,00752_neg_sample,RFI,,565.6,4.32,0.2753,4.25,0.9064
sample_001352,00753_neg_sample,RFI,,566.0,16.26,1.7891,3.97,0.9103
sample_001353,00754_neg_sample,RFI,,412.55,4.51,0.291,3.62,0.2438
sample_001354,00755_neg_sample,RFI,,567.3,4.41,0.0236,2.97,0.0472
sample_001355,00756_neg_sample,RFI,,565.4,4.16,0.8788,4.09,0.8533
sample_001356,00757_neg_sample,RFI,,570.0,4.67,1.1718,4.05,0.1298
sample_001357,00758_neg_sample,RFI,,563.4,3.45,0.1956,3.11,0.1062
sample_001358,00759_neg_sample,RFI,,561.0,6.29,0.1003,3.75,0.0059
sample_001359,00760_neg_sample,RFI,,564.8,4.45,1.0204,2.62,0.114
sample_001360,00761_neg_sample,RFI,,568.0,3.42,0.7874,2.46,0.7009
sample_001361,00762_neg_sample,RFI,,563.7,4.48,0.7157,3.02,0.7776
sample_001362,00763_neg_sample,RFI,,412.55,3.85,0.0256,3.47,0.0354
sample_001363,00764_neg_sample,RFI,,412.55,4.65,0.2251,3.46,1.2082
sample_001364,00765_neg_sample,RFI,,566.6,3.56,0.2998,2.88,0.0167
sample_001365,00766_neg_sample,RFI,,567.6,4.47,1.16,3.67,0.8897
sample_001366,00767_neg_sample,RFI,,565.7,4.43,0.4384,3.36,0.3942
sample_001367,00768_neg_sample,RFI,,567.8,4.54,1.3527,3.6,0.871
sample_001368,00769_neg_sample,RFI,,552.4,4.74,1.3566,3.41,0.6989
sample_001369,00770_neg_sample,RFI,,566.0,4.13,0.0472,5.33,0.0059
sample_001370,00771_neg_sample,RFI,,567.4,9.05,0.175,4.34,0.0315
sample_001371,00772_neg_sample,RFI,,412.55,4.5,0.4453,3.12,0.4522
sample_001372,00773_neg_sample,RFI,,565.8,3.88,0.0659,3.05,0.3588
sample_001373,00774_neg_sample,RFI,,569.0,3.99,0.7432,2.57,0.8847
sample_001374,00775_neg_sample,RFI,,411.51,4.14,0.6891,3.43,0.0393
sample_001375,00776_neg_sample,RFI,,412.55,3.08,0.0904,2.53,0.0796
sample_001376,00777_neg_sample,RFI,,567.2,4.23,0.0118,3.73,0.8317
sample_001377,00778_neg_sample,RFI,,565.0,4.03,0.7314,3.1,0.5417
sample_001378,00779_neg_sample,RFI,,562.6,4.21,0.2517,3.83,0.7039
sample_001379,00780_neg_sample,RFI,,411.51,5.76,0.6704,3.72,0.9998
sample_001380,00781_neg_sample,RFI,,411.51,3.7,0.0737,3.58,0.3588
sample_001381,00782_neg_sample,RFI,,566.2,5.06,0.1553,2.86,0.2782
sample_001382,00783_neg_sample,RFI,,567.2,4.72,1.2534,3.42,0.5603
sample_001383,00784_neg_sample,RFI,,567.2,5.2,1.2897,3.62,0.8916
sample_001384,00785_neg_sample,RFI,,566.9,3.63,0.0737,3.24,0.1072
sample_001385,00786_neg_sample,RFI,,567.1,4.5,0.9821,3.04,0.2546
sample_001386,00787_neg_sample,RFI,,568.5,4.09,1.2652,2.92,0.0492
sample_001387,00788_neg_sample,RFI,,564.6,4.22,0.0609,2.94,0.0334
sample_001388,00789_neg_sample,RFI,,564.2,4.75,0.0442,3.99,0.0501
sample_001389,00790_neg_sample,RFI,,568.0,3.68,0.7609,2.91,0.9054
sample_001390,00791_neg_sample,RFI,,566.0,4.15,0.2428,2.99,0.1248
sample_001391,00792_neg_sample,RFI,,569.4,4.16,0.4237,3.22,0.4473
sample_001392,00793_neg_sample,RFI,,567.5,5.42,0.7628,3.3,0.0492
sample_001393,00794_neg_sample,RFI,,411.51,4.2,0.7383,3.53,1.0351
sample_001394,00795_neg_sample,RFI,,564.9,4.51,0.6095,3.16,0.5997
sample_001395,00796_neg_sample,RFI,,563.0,4.46,1.1639,3.54,0.867
sample_001396,00797_neg_sample,RFI,,412.55,4.2,0.058,3.57,0.1268
sample_001397,00798_neg_sample,RFI,,563.7,4.63,1.0076,3.3,0.872
sample_001398,00799_neg_sample,RFI,,566.0,3.89,0.0472,2.87,0.1435
sample_001399,00800_neg_sample,RFI,,564.8,3.8,1.0214,3.22,0.1062
sample_001400,00801_neg_sample,RFI,,568.0,7.15,0.0197,3.11,0.1406
sample_001401,00802_neg_sample,RFI,,564.3,4.48,0.5269,3.58,0.3303
sample_001402,00803_neg_sample,RFI,,568.8,4.46,0.0914,2.61,0.0157
sample_001403,00804_neg_sample,RFI,,412.55,4.79,0.7687,3.03,0.8788
sample_001404,00805_neg_sample,RFI,,570.0,4.56,0.7923,2.97,0.4355
sample_001405,00806_neg_sample,RFI,,567.6,3.76,0.0167,3.09,0.1897
sample_001406,00807_neg_sample,RFI,,564.2,4.09,1.4421,2.86,0.9123
sample_001407,00808_neg_sample,RFI,,563.2,4.35,0.4522,2.83,0.1484
sample_001408,00809_neg_sample,RFI,,565.3,10.21,0.0983,2.83,0.1288
sample_001409,00810_neg_sample,RFI,,412.55,4.0,0.9791,3.49,1.0007
sample_001410,00811_neg_sample,RFI,,566.0,4.68,0.0413,3.41,0.4945
sample_001411,00812_neg_sample,RFI,,411.51,6.26,0.2261,2.62,0.4394
sample_001412,00813_neg_sample,RFI,,566.9,4.16,0.2772,3.02,0.0668
sample_001413,00814_neg_sample,RFI,,566.1,4.48,0.1887,3.23,0.5633
sample_001414,00815_neg_sample,RFI,,564.7,4.2,0.6341,3.14,0.2281
sample_001415,00816_neg_sample,RFI,,411.51,4.91,0.0157,3.1,0.406
sample_001416,00817_neg_sample,RFI,,567.6,6.16,0.0531,6.76,0.0609
sample_001417,00818_neg_sample,RFI,,566.0,4.75,0.3047,2.98,0.4974
sample_001418,00819_neg_sample,RFI,,566.7,3.84,0.4375,2.83,0.29
sample_001419,00820_neg_sample,RFI,,412.55,5.31,0.0472,3.94,0.0059
sample_001420,00821_neg_sample,RFI,,566.1,4.22,0.6242,3.96,0.0609
sample_001421,00822_neg_sample,RFI,,566.7,4.17,1.8127,3.02,0.8317
sample_001422,00823_neg_sample,RFI,,567.6,3.8,0.0678,2.92,0.3883
sample_001423,00824_neg_sample,RFI,,566.1,3.29,0.0295,3.47,0.0088
sample_001424,00825_neg_sample,RFI,,569.2,4.78,0.4778,2.86,0.2045
sample_001425,00826_neg_sample,RFI,,567.9,3.4,0.5731,2.59,0.5908
sample_001426,00827_neg_sample,RFI,,567.9,4.6,1.6682,3.54,0.5702
sample_001427,00828_neg_sample,RFI,,412.55,4.33,0.4728,3.39,0.9368
sample_001428,00829_neg_sample,RFI,,411.51,4.17,0.2202,3.34,0.3313
sample_001429,00830_neg_sample,RFI,,568.5,4.41,0.0315,3.55,0.0934
sample_001430,00831_neg_sample,RFI,,566.0,3.72,0.8287,3.25,0.6124
sample_001431,00832_neg_sample,RFI,,567.6,4.23,1.5984,3.73,0.6999
sample_001432,00833_neg_sample,RFI,,566.3,4.55,1.2966,3.61,0.7235
sample_001433,00834_neg_sample,RFI,,565.5,4.81,0.9437,4.01,0.9103
sample_001434,00835_neg_sample,RFI,,411.51,4.23,0.8385,4.48,0.0609
sample_001435,00836_neg_sample,RFI,,564.7,4.25,0.404,2.96,0.7009
sample_001436,00837_neg_sample,RFI,,412.18,4.91,0.2467,3.54,0.4787
sample_001437,00838_neg_sample,RFI,,564.9,4.75,0.5377,5.22,0.7284
sample_001438,00839_neg_sample,RFI,,564.0,3.98,0.7127,3.44,0.6606
sample_001439,00840_neg_sample,RFI,,412.55,5.67,1.2878,4.19,1.1895
sample_001440,00841_neg_sample,RFI,,567.6,6.21,1.333,3.2,0.173
sample_001441,00842_neg_sample,RFI,,567.3,5.01,0.3333,4.44,0.1681
sample_001442,00843_neg_sample,RFI,,412.55,5.66,0.1819,2.81,0.5731
sample_001443,00844_neg_sample,RFI,,566.0,6.95,0.1081,4.97,0.7579
sample_001444,00845_neg_sample,RFI,,567.6,7.21,1.6613,4.31,0.8828
sample_001445,00846_neg_sample,RFI,,567.6,3.59,0.0482,2.68,0.0098
sample_001446,00847_neg_sample,RFI,,565.1,4.29,0.9948,3.49,0.5613
sample_001447,00848_neg_sample,RFI,,566.0,3.21,0.7461,2.05,0.9073
sample_001448,00849_neg_sample,RFI,,412.18,3.82,0.0236,3.53,0.1848
sample_001449,00850_neg_sample,RFI,,564.9,4.82,1.0617,3.86,0.8317
sample_001450,00851_neg_sample,RFI,,412.55,5.63,0.8297,2.83,1.161
sample_001451,00852_neg_sample,RFI,,412.97,4.97,0.0246,3.34,0.0315
sample_001452,00853_neg_sample,RFI,,412.55,3.75,0.1701,2.92,0.0855
sample_001453,00854_neg_sample,RFI,,566.0,3.98,0.0914,3.56,0.0855
sample_001454,00855_neg_sample,RFI,,562.6,2.89,0.0423,2.17,0.2605
sample_001455,00856_neg_sample,RFI,,411.51,3.12,0.0688,2.85,0.0049
sample_001456,00857_neg_sample,RFI,,566.0,4.04,0.8533,4.04,0.4925
sample_001457,00858_neg_sample,RFI,,569.0,3.67,0.7569,2.86,0.8877
sample_001458,00859_neg_sample,RFI,,566.0,3.84,0.0354,3.45,0.4886
sample_001459,00860_neg_sample,RFI,,412.97,3.66,0.6006,3.28,0.6891
sample_001460,00861_neg_sample,RFI,,412.55,3.73,0.172,3.11,0.0433
sample_001461,00862_neg_sample,RFI,,412.55,3.98,0.0885,3.74,0.1219
sample_001462,00863_neg_sample,RFI,,567.2,2.09,0.056,1.92,0.0049
sample_001463,00864_neg_sample,RFI,,564.4,4.45,0.0452,4.84,0.0059
sample_001464,00865_neg_sample,RFI,,411.51,4.44,1.2376,4.43,0.7196
sample_001465,00866_neg_sample,RFI,,564.8,6.03,0.0354,3.84,0.0511
sample_001466,00867_neg_sample,RFI,,412.18,14.22,0.0413,4.52,0.0157
sample_001467,00868_neg_sample,RFI,,411.51,6.43,1.5827,3.53,1.158
sample_001468,00869_neg_sample,RFI,,566.0,6.27,0.0315,3.88,0.5662
sample_001469,00870_neg_sample,RFI,,563.2,7.13,0.0924,3.94,0.0777
sample_001470,00871_neg_sample,RFI,,566.2,7.25,0.521,4.7,0.1406
sample_001471,00872_neg_sample,RFI,,569.5,4.98,0.0904,4.68,0.0944
sample_001472,00873_neg_sample,RFI,,565.8,3.37,0.1357,2.42,0.2703
sample_001473,00874_neg_sample,RFI,,563.8,4.65,0.8218,4.22,0.8897
sample_001474,00875_neg_sample,RFI,,564.8,5.78,0.2615,2.65,0.0718
sample_001475,00876_neg_sample,RFI,,562.3,5.15,0.6203,4.99,0.5515
sample_001476,00877_neg_sample,RFI,,564.5,5.42,0.3942,3.59,0.4237
sample_001477,00878_neg_sample,RFI,,564.8,7.22,0.3804,5.91,0.404
sample_001478,00879_neg_sample,RFI,,555.4,5.52,1.3035,4.62,0.7894
sample_001479,00880_neg_sample,RFI,,566.0,4.39,1.7016,3.55,0.5711
sample_001480,00881_neg_sample,RFI,,566.0,1.93,0.7658,1.64,0.8641
sample_001481,00882_neg_sample,RFI,,411.51,2.95,0.0197,2.26,0.0423
sample_001482,00883_neg_sample,RFI,,567.2,2.56,0.6793,2.43,0.9172
sample_001483,00884_neg_sample,RFI,,565.1,3.72,0.002,3.75,0.3057
sample_001484,00885_neg_sample,RFI,,412.18,2.78,0.0108,1.92,0.0423
sample_001485,00886_neg_sample,RFI,,564.3,2.45,0.0069,2.81,0.0029
sample_001486,00887_neg_sample,RFI,,565.7,2.6,0.756,2.06,0.7776
sample_001487,00888_neg_sample,RFI,,561.5,5.6,1.6063,3.4,0.9064
sample_001488,00889_neg_sample,RFI,,567.1,4.37,0.2664,3.29,0.698
sample_001489,00890_neg_sample,RFI,,562.6,3.18,0.2782,2.87,0.1072
sample_001490,00891_neg_sample,RFI,,569.4,5.02,0.0315,3.12,0.1239
sample_001491,00892_neg_sample,RFI,,567.6,4.15,0.2448,3.96,0.8965
sample_001492,00893_neg_sample,RFI,,565.3,2.15,0.0069,1.97,0.0324
sample_001493,00894_neg_sample,RFI,,412.55,3.52,1.2259,2.88,0.6301
sample_001494,00895_neg_sample,RFI,,564.4,3.88,1.104,2.78,0.4139
sample_001495,00896_neg_sample,RFI,,561.9,3.92,0.349,3.76,0.4325
sample_001496,00897_neg_sample,RFI,,566.3,3.1,0.0482,2.44,0.0108
sample_001497,00898_neg_sample,RFI,,554.5,1.85,0.7166,1.5,0.9152
sample_001498,00899_neg_sample,RFI,,563.7,2.53,0.0531,1.91,0.2192
sample_001499,00900_neg_sample,RFI,,568.1,3.93,0.7048,3.05,0.6331
sample_001500,00901_neg_sample,RFI,,565.8,3.44,0.0816,2.83,0.2644
sample_001501,00902_neg_sample,RFI,,567.6,3.2,0.3657,3.23,0.4571
sample_001502,00903_neg_sample,RFI,,566.0,4.32,0.1848,2.79,0.0954
sample_001503,00904_neg_sample,RFI,,411.51,6.13,1.6967,3.57,0.5692
sample_001504,00905_neg_sample,RFI,,563.7,4.33,1.0528,2.78,0.2762
sample_001505,00906_neg_sample,RFI,,567.6,2.53,0.6891,2.06,0.7933
sample_001506,00907_neg_sample,RFI,,565.4,2.45,0.0147,2.47,0.001
sample_001507,00908_neg_sample,RFI,,568.3,3.09,0.8405,2.79,0.9005
sample_001508,00909_neg_sample,RFI,,567.7,3.51,0.0206,2.56,0.0187
sample_001509,00910_neg_sample,RFI,,568.5,4.27,0.0157,3.21,0.0609
sample_001510,00911_neg_sample,RFI,,567.4,3.96,0.0472,3.15,0.0747
sample_001511,00912_neg_sample,RFI,,565.1,3.38,0.0265,3.37,0.0737
sample_001512,00913_neg_sample,RFI,,566.0,4.58,0.0334,3.76,0.35
sample_001513,00914_neg_sample,RFI,,412.55,4.31,0.4011,2.97,0.3657
sample_001514,00915_neg_sample,RFI,,568.1,4.08,0.2114,2.75,0.2625
sample_001515,00916_neg_sample,RFI,,563.7,11.59,1.5355,2.27,0.8877
sample_001516,00917_neg_sample,RFI,,565.1,7.52,0.0806,1.43,0.0265
sample_001517,00918_neg_sample,RFI,,517.8,3.51,1.1,3.05,0.6606
sample_001518,00919_neg_sample,RFI,,567.3,2.76,0.06,2.1,0.056
sample_001519,00920_neg_sample,RFI,,566.4,2.74,0.8248,2.4,0.8503
sample_001520,00921_neg_sample,RFI,,411.51,3.14,0.2015,2.22,0.3057
sample_001521,00922_neg_sample,RFI,,564.3,4.38,0.3696,3.41,0.0944
sample_001522,00923_neg_sample,RFI,,566.0,3.3,0.4375,2.31,0.9093
sample_001523,00924_neg_sample,RFI,,566.7,3.98,0.9889,3.98,0.8946
sample_001524,00925_neg_sample,RFI,,566.0,3.55,0.0256,3.2,0.115
sample_001525,00926_neg_sample,RFI,,412.55,4.02,0.0275,3.12,0.0659
sample_001526,00927_neg_sample,RFI,,566.1,3.17,1.1315,2.35,0.3588
sample_001527,00928_neg_sample,RFI,,566.5,4.43,1.7705,4.17,0.0688
sample_001528,00929_neg_sample,RFI,,566.7,4.16,0.0197,3.29,0.349
sample_001529,00930_neg_sample,RFI,,567.1,4.61,0.3519,3.42,0.5023
sample_001530,00931_neg_sample,RFI,,564.4,5.24,1.3094,3.49,0.5593
sample_001531,00932_neg_sample,RFI,,564.7,4.99,0.1848,5.09,0.0806
sample_001532,00933_neg_sample,RFI,,567.2,4.29,0.0649,3.39,0.4443
sample_001533,00934_neg_sample,RFI,,567.2,4.66,0.171,3.42,0.1612
sample_001534,00935_neg_sample,RFI,,564.8,3.92,1.0263,3.51,0.2566
sample_001535,00936_neg_sample,RFI,,412.55,3.0,0.0088,1.92,0.1189
sample_001536,00937_neg_sample,RFI,,563.7,3.57,1.0804,2.76,0.8759
sample_001537,00938_neg_sample,RFI,,566.1,5.74,0.173,3.88,0.0845
sample_001538,00939_neg_sample,RFI,,566.0,3.65,1.7341,2.58,0.809
sample_001539,00940_neg_sample,RFI,,566.3,3.71,0.9644,3.59,0.7992
sample_001540,00941_neg_sample,RFI,,565.4,4.13,0.1534,3.11,0.698
sample_001541,00942_neg_sample,RFI,,568.0,4.08,0.1465,2.5,0.0029
sample_001542,00943_neg_sample,RFI,,412.55,4.33,1.217,3.29,0.9742
sample_001543,00944_neg_sample,RFI,,566.0,3.99,0.1475,3.55,0.0147
sample_001544,00945_neg_sample,RFI,,562.8,4.05,0.2762,3.4,0.582
sample_001545,00946_neg_sample,RFI,,565.0,3.95,1.1973,3.55,0.4561
sample_001546,00947_neg_sample,RFI,,412.55,3.68,0.0914,2.34,0.1632
sample_001547,00948_neg_sample,RFI,,569.0,4.18,0.4935,2.84,0.9142
sample_001548,00949_neg_sample,RFI,,412.55,4.07,1.0509,3.57,1.1295
sample_001549,00950_neg_sample,RFI,,564.4,4.55,0.6419,3.26,0.7117
sample_001550,00951_neg_sample,RFI,,566.0,4.47,0.3175,3.13,0.3637
sample_001551,00952_neg_sample,RFI,,567.2,3.38,0.1534,2.95,0.5023
sample_001552,00953_neg_sample,RFI,,565.2,4.17,0.7186,3.12,0.4896
sample_001553,00954_neg_sample,RFI,,565.3,3.49,0.0098,3.51,0.0482
sample_001554,00955_neg_sample,RFI,,517.81,2.85,0.0403,2.33,0.0383
sample_001555,00956_neg_sample,RFI,,561.9,4.32,0.1032,2.95,0.5417
sample_001556,00957_neg_sample,RFI,,567.0,4.74,0.926,4.98,0.8828
sample_001557,00958_neg_sample,RFI,,565.1,4.46,0.7687,3.68,0.6636
sample_001558,00959_neg_sample,RFI,,412.55,4.34,0.2625,3.23,0.1366
sample_001559,00960_neg_sample,RFI,,565.9,5.95,0.7147,3.88,0.813
sample_001560,00961_neg_sample,RFI,,569.0,3.64,1.4775,2.57,0.6085
sample_001561,00962_neg_sample,RFI,,567.2,6.42,1.0224,6.51,0.9103
sample_001562,00963_neg_sample,RFI,,411.51,5.02,0.3588,4.47,1.1934
sample_001563,00964_neg_sample,RFI,,566.0,8.54,0.0197,6.92,0.0747
sample_001564,00965_neg_sample,RFI,,412.55,4.5,0.5023,4.54,0.0088
sample_001565,00966_neg_sample,RFI,,567.1,3.91,0.6734,3.47,0.8867
sample_001566,00967_neg_sample,RFI,,566.7,4.07,0.0393,3.08,0.4365
sample_001567,00968_neg_sample,RFI,,559.7,4.68,1.2435,3.79,0.8572
sample_001568,00969_neg_sample,RFI,,412.55,5.21,0.7157,4.75,0.7039
sample_001569,00970_neg_sample,RFI,,566.0,4.87,0.5446,4.83,0.5584
sample_001570,00971_neg_sample,RFI,,569.5,3.88,0.7009,3.07,0.8523
sample_001571,00972_neg_sample,RFI,,566.7,3.96,0.1406,2.62,0.4217
sample_001572,00973_neg_sample,RFI,,566.9,7.54,1.738,3.1,0.1622
sample_001573,00974_neg_sample,RFI,,566.0,6.15,0.3637,4.03,0.8071
sample_001574,00975_neg_sample,RFI,,565.6,4.88,0.2173,4.73,0.2743
sample_001575,00976_neg_sample,RFI,,565.9,3.3,0.7343,2.47,0.7648
sample_001576,00977_neg_sample,RFI,,566.0,6.16,0.3657,4.07,0.1652
sample_001577,00978_neg_sample,RFI,,564.3,4.21,0.1789,3.87,0.0845
sample_001578,00979_neg_sample,RFI,,565.7,3.82,1.4107,2.82,0.463
sample_001579,00980_neg_sample,RFI,,568.0,11.53,1.7891,3.79,0.4325
sample_001580,00981_neg_sample,RFI,,562.9,3.72,0.9034,4.53,0.8248
sample_001581,00982_neg_sample,RFI,,567.4,4.12,0.1996,2.88,0.3391
sample_001582,00983_neg_sample,RFI,,555.4,3.12,1.1,3.0,0.929
sample_001583,00984_neg_sample,RFI,,566.1,3.14,0.7953,3.01,0.868
sample_001584,00985_neg_sample,RFI,,567.1,3.72,0.2232,2.66,0.1406
sample_001585,00986_neg_sample,RFI,,567.4,5.54,1.7419,3.88,0.4375
sample_001586,00987_neg_sample,RFI,,568.1,5.8,0.0727,3.49,0.3893
sample_001587,00988_neg_sample,RFI,,566.0,5.94,0.0118,3.48,0.0383
sample_001588,00989_neg_sample,RFI,,566.0,5.67,0.9939,3.97,0.0963
sample_001589,00990_neg_sample,RFI,,518.0,3.86,0.3686,2.68,0.2389
sample_001590,00991_neg_sample,RFI,,566.4,6.23,0.2399,3.08,0.1416
sample_001591,00992_neg_sample,RFI,,561.5,4.84,1.275,3.34,0.0472
sample_001592,00993_neg_sample,RFI,,564.9,5.82,1.6751,3.2,0.8149
sample_001593,00994_neg_sample,RFI,,564.9,3.5,0.0993,2.33,0.0108
sample_001594,00995_neg_sample,RFI,,566.0,3.76,0.8818,2.7,0.6164
sample_001595,00996_neg_sample,RFI,,564.4,4.0,0.1052,2.36,0.0875
sample_001596,00997_neg_sample,RFI,,566.0,4.13,0.4384,3.2,0.2831
sample_001597,00998_neg_sample,RFI,,566.6,4.11,0.7206,3.43,0.8385
sample_001598,00999_neg_sample,RFI,,412.55,4.91,1.4411,3.88,1.042
sample_001599,01000_neg_sample,RFI,,566.3,3.6,1.0332,2.98,0.9103
